,Age,DailyRate,Education,HourlyRate,JobInvolvement,JobLevel,JobSatisfaction,MonthlyIncome,OverTime,PerformanceRating,TotalWorkingYears,TrainingTimesLastYear,YearsAtCompany,YearsInCurrentRole,YearsSinceLastPromotion,YearsWithCurrManager,Department_Human Resources,Department_Research & Development,Department_Sales,EducationField_Human Resources,EducationField_Life Sciences,EducationField_Marketing,EducationField_Medical,EducationField_Other,EducationField_Technical Degree,JobRole_Healthcare Representative,JobRole_Human Resources,JobRole_Laboratory Technician,JobRole_Manager,JobRole_Manufacturing Director,JobRole_Research Director,JobRole_Research Scientist,JobRole_Sales Executive,JobRole_Sales Representative,MonthlyRupiah,BonusScore,FinalBonus
0,41,1102,2,94,3,2,4,5993,1,3,8,0,6,4,0,5,0,0,1,0,1,0,0,0,0,0,0,0,0,0,0,0,1,0,7424430,176.80982882222287,10596
1,49,279,1,61,2,2,2,5130,0,4,10,3,10,7,1,7,0,1,0,0,1,0,0,0,0,0,0,0,0,0,0,1,0,0,6355302,184.84618499943375,9482
2,37,1373,2,92,2,1,3,2090,1,3,7,3,0,0,0,0,0,1,0,0,0,0,0,1,0,0,0,1,0,0,0,0,0,0,2589197,138.29976402515265,2890
3,33,1392,4,56,3,1,3,2909,1,3,8,3,8,7,3,0,0,1,0,0,1,0,0,0,0,0,0,0,0,0,0,1,0,0,3603816,153.98261925493588,4479
4,27,591,1,40,3,1,2,3468,0,3,6,3,2,2,2,2,0,1,0,0,0,0,1,0,0,0,0,1,0,0,0,0,0,0,4296333,131.09344717910076,4546
5,32,1005,2,79,3,1,4,3068,0,3,8,2,7,7,3,6,0,1,0,0,1,0,0,0,0,0,0,1,0,0,0,0,0,0,3800793,144.64398872807075,4437
6,59,1324,3,81,4,1,1,2670,1,4,12,3,1,0,0,0,0,1,0,0,0,0,1,0,0,0,0,1,0,0,0,0,0,0,3307730,170.24324891288924,4545
7,30,1358,1,67,3,1,3,2693,0,4,1,2,1,0,0,0,0,1,0,0,1,0,0,0,0,0,0,1,0,0,0,0,0,0,3336224,149.43727290927225,4024
8,38,216,3,44,2,3,3,9526,0,4,10,2,9,7,1,8,0,1,0,0,1,0,0,0,0,0,0,0,0,1,0,0,0,0,11801288,196.27781904680603,18697
9,36,1299,3,94,3,2,3,5237,0,3,17,3,7,7,7,7,0,1,0,0,0,0,1,0,0,1,0,0,0,0,0,0,0,0,6487859,176.2143200900766,9228
10,35,809,3,84,4,1,2,2426,0,3,6,5,5,4,0,3,0,1,0,0,0,0,1,0,0,0,0,1,0,0,0,0,0,0,3005451,150.97002598354328,3662
11,29,153,2,49,2,2,3,4193,1,3,10,3,9,5,0,8,0,1,0,0,1,0,0,0,0,0,0,1,0,0,0,0,0,0,5194500,167.75052396553775,7033
12,31,670,1,31,3,1,3,2911,0,3,5,1,5,2,4,3,0,1,0,0,1,0,0,0,0,0,0,0,0,0,0,1,0,0,3606293,145.49424748225937,4235
13,34,1346,2,93,3,1,4,2661,0,3,3,2,2,2,1,2,0,1,0,0,0,0,1,0,0,0,0,1,0,0,0,0,0,0,3296581,139.04075207189135,3699
14,28,103,3,50,2,1,3,2028,1,3,6,4,4,2,0,3,0,1,0,0,1,0,0,0,0,0,0,1,0,0,0,0,0,0,2512389,154.63503836828986,3135
15,29,1389,4,51,4,3,1,9980,0,3,10,1,10,9,8,8,0,1,0,0,1,0,0,0,0,0,0,0,0,1,0,0,0,0,12363726,209.29804916157303,20887
16,32,334,2,80,4,1,2,3298,1,3,7,5,6,2,0,5,0,1,0,0,1,0,0,0,0,0,0,0,0,0,0,1,0,0,4085728,163.55323934097652,5393
17,22,1123,2,96,4,1,4,2935,1,3,1,2,1,0,0,0,0,1,0,0,0,0,1,0,0,0,0,1,0,0,0,0,0,0,3636026,149.7392250528981,4394
18,53,1219,4,78,2,4,4,15427,0,3,31,3,25,8,3,7,0,0,1,0,1,0,0,0,0,0,0,0,1,0,0,0,0,0,19111744,236.38462826262557,36467
19,38,371,3,45,3,1,4,3944,1,3,6,3,3,2,1,2,0,1,0,0,1,0,0,0,0,0,0,0,0,0,0,1,0,0,4886026,160.01014658019776,6310
20,24,673,2,96,4,2,3,4011,0,3,5,5,4,2,1,3,0,1,0,0,0,0,0,1,0,0,0,0,0,1,0,0,0,0,4969029,162.89137631285055,6533
21,36,1218,4,82,2,1,1,3407,0,4,10,4,5,3,0,3,0,0,1,0,1,0,0,0,0,0,0,0,0,0,0,0,0,1,4220763,145.69441508185753,4963
22,34,419,4,53,3,3,2,11994,0,3,13,4,12,6,2,11,0,1,0,0,1,0,0,0,0,0,0,0,0,0,1,0,0,0,14858771,196.52123747963424,23570
23,21,391,2,96,3,1,4,1232,0,3,0,6,0,0,0,0,0,1,0,0,1,0,0,0,0,0,0,0,0,0,0,1,0,0,1526264,133.72736908660923,1647
24,34,699,1,83,3,1,1,2960,0,3,8,2,4,2,1,3,0,1,0,0,0,0,1,0,0,0,0,0,0,0,0,1,0,0,3666997,145.05651594380487,4293
25,53,1282,3,58,3,5,3,19094,0,3,26,3,14,13,4,8,0,1,0,0,0,0,0,1,0,0,0,0,1,0,0,0,0,0,23654609,224.70577345376248,42905
26,32,1125,1,72,1,1,1,3919,1,4,10,5,10,2,6,7,0,1,0,0,1,0,0,0,0,0,0,0,0,0,0,1,0,0,4855055,180.70213244940362,7081
27,42,691,4,48,3,2,2,6825,0,3,10,2,9,7,4,2,0,0,1,0,0,1,0,0,0,0,0,0,0,0,0,0,1,0,8455154,173.06978149436753,11812
28,44,477,4,42,2,3,4,10248,0,3,24,4,22,6,5,17,0,1,0,0,0,0,1,0,0,1,0,0,0,0,0,0,0,0,12695738,214.60747876881882,21992
29,46,705,4,83,3,5,1,18947,0,3,22,2,2,2,2,1,0,0,1,0,0,1,0,0,0,0,0,0,1,0,0,0,0,0,23472498,200.1630727774289,37924
30,33,924,3,78,3,1,4,2496,0,3,7,3,1,1,0,0,0,1,0,0,0,0,1,0,0,0,0,1,0,0,0,0,0,0,3092170,137.26955980942088,3426
31,44,1459,4,41,3,2,4,6465,1,3,9,5,4,2,1,3,0,1,0,0,0,0,0,1,0,1,0,0,0,0,0,0,0,0,8009167,165.52267611655864,10701
32,30,125,2,83,2,1,3,2206,0,3,10,5,10,0,1,8,0,1,0,0,0,0,1,0,0,0,0,1,0,0,0,0,0,0,2732904,138.21859985287992,3049
33,39,895,3,56,3,2,4,2086,0,3,19,6,1,0,0,0,0,0,1,0,0,0,0,0,1,0,0,0,0,0,0,0,0,1,2584242,152.8727120022449,3188
34,24,813,3,61,3,1,4,2293,1,3,6,2,2,0,2,0,0,1,0,0,0,0,1,0,0,0,0,0,0,0,0,1,0,0,2840684,141.7619325485452,3250
35,43,1273,2,72,4,1,3,2645,0,3,6,3,5,3,1,4,0,1,0,0,0,0,1,0,0,0,0,0,0,0,0,1,0,0,3276759,148.30996301935218,3922
36,50,869,2,86,2,1,3,2683,1,3,3,2,3,2,0,2,0,0,1,0,0,1,0,0,0,0,0,0,0,0,0,0,0,1,3323835,150.75402582742183,4044
37,35,890,3,97,3,1,4,2014,0,3,2,3,2,2,2,2,0,0,1,0,0,1,0,0,0,0,0,0,0,0,0,0,0,1,2495045,148.75689218624711,2995
38,36,852,4,82,2,1,1,3419,1,3,6,3,1,1,0,0,0,1,0,0,1,0,0,0,0,0,0,0,0,0,0,1,0,0,4235629,144.34353389354456,4935
39,33,1141,3,42,4,2,1,5376,0,3,10,3,5,3,1,3,0,0,1,0,1,0,0,0,0,0,0,0,0,0,0,0,1,0,6660059,164.5023817499877,8843
40,35,464,2,75,3,1,4,1951,0,3,1,3,1,0,0,0,0,1,0,0,0,0,0,1,0,0,0,1,0,0,0,0,0,0,2416997,136.9558080209942,2672
41,27,1240,4,33,3,1,1,2341,0,3,1,6,1,0,0,0,0,1,0,0,1,0,0,0,0,0,0,1,0,0,0,0,0,0,2900149,142.04231578645914,3325
42,26,1357,3,48,1,1,3,2293,0,3,1,2,1,0,0,1,0,1,0,0,1,0,0,0,0,0,0,1,0,0,0,0,0,0,2840684,120.78838624919733,2769
43,27,994,3,37,3,3,3,8726,0,3,9,0,9,8,1,7,0,0,1,0,1,0,0,0,0,0,0,0,0,0,0,0,1,0,10810208,198.2276123960433,17297
44,30,721,2,58,3,2,4,4011,0,4,12,2,12,8,3,7,0,1,0,0,0,0,1,0,0,0,0,1,0,0,0,0,0,0,4969029,213.2392526905053,8553
45,41,1360,3,49,3,5,3,19545,0,3,23,0,22,15,15,8,0,1,0,0,0,0,0,0,1,0,0,0,0,0,1,0,0,0,24213330,267.1065714248806,52205
46,34,1065,4,72,3,2,3,4568,0,4,10,2,9,5,8,7,0,0,1,0,0,1,0,0,0,0,0,0,0,0,0,0,1,0,5659068,184.94465109563228,8448
47,37,408,2,73,3,1,2,3022,0,4,8,1,1,0,0,0,0,1,0,0,1,0,0,0,0,0,0,0,0,0,0,1,0,0,3743806,150.3519915842042,4543
48,46,1211,4,98,3,2,4,5772,1,4,14,4,9,6,0,8,0,0,1,0,0,1,0,0,0,0,0,0,0,0,0,0,1,0,7150644,200.92102322617478,11597
49,35,1229,1,36,4,1,4,2269,0,3,1,2,1,0,0,1,0,1,0,0,1,0,0,0,0,0,0,1,0,0,0,0,0,0,2810951,148.39191173888145,3367
50,48,626,2,98,2,3,3,5381,1,3,23,2,1,0,0,0,0,1,0,0,1,0,0,0,0,0,0,1,0,0,0,0,0,0,6666254,176.94236576431658,9521
51,28,1434,4,50,3,1,3,3441,1,3,2,3,2,2,2,2,0,1,0,0,0,0,0,0,1,0,0,1,0,0,0,0,0,0,4262884,150.87530914828784,5191
52,44,1488,5,75,3,2,1,5454,1,4,9,2,4,3,1,3,0,0,1,0,0,1,0,0,0,0,0,0,0,0,0,0,1,0,6756690,190.42250222746605,10385
53,35,1097,2,79,2,3,1,9884,1,3,10,3,4,0,2,3,0,1,0,0,0,0,1,0,0,1,0,0,0,0,0,0,0,0,12244797,180.71745597470994,17862
54,26,1443,3,47,2,2,4,4157,1,3,5,2,2,2,0,0,0,0,1,0,0,1,0,0,0,0,0,0,0,0,0,0,1,0,5149901,158.89064979144223,6605
55,33,515,2,98,3,3,4,13458,1,3,15,1,15,14,8,12,0,1,0,0,1,0,0,0,0,0,0,0,0,0,1,0,0,0,16672448,214.99313134891597,28933
56,35,853,5,71,3,3,1,9069,0,4,9,3,9,8,1,8,0,0,1,0,1,0,0,0,0,0,0,0,0,0,0,0,1,0,11235134,211.0175646009446,19137
57,35,1142,4,30,3,1,1,4014,1,3,4,3,2,2,2,2,0,1,0,0,0,0,1,0,0,0,0,1,0,0,0,0,0,0,4972745,155.07498826903952,6224
58,31,655,4,48,3,2,4,5915,0,4,10,3,7,7,1,7,0,1,0,0,1,0,0,0,0,0,0,1,0,0,0,0,0,0,7327800,182.7414223041392,10809
59,37,1115,4,51,2,2,3,5993,0,3,7,2,7,5,0,7,0,1,0,0,1,0,0,0,0,0,0,0,0,1,0,0,0,0,7424430,169.4392115010734,10154
60,32,427,3,33,3,2,4,6162,1,4,9,3,9,8,7,8,0,1,0,0,0,0,1,0,0,0,0,0,0,1,0,0,0,0,7633796,203.66926272470062,12550
61,38,653,5,50,3,2,4,2406,0,3,10,2,10,3,9,9,0,1,0,0,1,0,0,0,0,0,0,1,0,0,0,0,0,0,2980674,168.86976455904014,4063
62,50,989,2,43,2,5,3,18740,1,3,29,2,27,3,13,8,0,1,0,0,0,0,1,0,0,0,0,0,0,0,1,0,0,0,23216056,275.0184136799567,51538
63,59,1435,3,99,3,3,1,7637,0,3,28,3,21,16,7,9,0,0,1,0,1,0,0,0,0,0,0,0,0,0,0,0,1,0,9461100,218.27796495503952,16669
64,36,1223,3,59,3,3,3,10096,0,3,17,2,17,14,12,8,0,1,0,0,0,0,0,0,1,1,0,0,0,0,0,0,0,0,12507433,202.6417190863852,20458
65,55,836,3,33,3,4,3,14756,1,3,21,2,5,0,0,2,0,1,0,0,0,0,1,0,0,0,0,0,1,0,0,0,0,0,18280476,202.04118849132044,29813
66,36,1195,3,95,2,2,2,6499,0,3,6,3,6,5,0,3,0,1,0,0,1,0,0,0,0,0,0,0,0,1,0,0,0,0,8051288,161.764354241071,10513
67,45,1339,3,59,3,3,1,9724,0,3,25,2,1,0,0,0,0,1,0,0,1,0,0,0,0,0,0,0,0,0,0,1,0,0,12046581,177.1966015525378,17230
68,35,664,3,79,3,1,1,2194,0,3,5,2,3,2,1,2,0,1,0,0,0,0,1,0,0,0,0,0,0,0,0,1,0,0,2718038,149.75361658417776,3285
69,36,318,3,79,2,1,3,3388,1,3,2,0,1,0,0,0,0,1,0,0,0,0,1,0,0,0,0,0,0,0,0,1,0,0,4197225,129.75846213433607,4396
70,59,1225,1,57,2,2,3,5473,0,3,20,2,4,3,1,3,0,0,1,0,1,0,0,0,0,0,0,0,0,0,0,0,1,0,6780228,153.04733466031615,8376
71,29,1328,3,76,3,1,2,2703,0,4,6,3,5,4,0,4,0,1,0,0,1,0,0,0,0,0,0,0,0,0,0,1,0,0,3348612,163.087617542651,4408
72,31,1082,4,87,3,1,2,2501,0,3,1,4,1,1,1,0,0,1,0,0,0,0,1,0,0,0,0,0,0,0,0,1,0,0,3098365,152.9224284883939,3824
73,32,548,3,66,3,2,2,6220,0,3,10,3,10,4,0,9,0,1,0,0,1,0,0,0,0,0,0,0,0,0,0,1,0,0,7705649,180.46076556772033,11224
74,36,132,3,55,4,1,4,3038,0,3,5,3,1,0,0,0,0,1,0,0,1,0,0,0,0,0,0,1,0,0,0,0,0,0,3763627,140.0609919934619,4255
75,31,746,4,61,3,2,4,4424,0,4,11,2,11,7,1,8,0,1,0,0,1,0,0,0,0,0,0,0,0,1,0,0,0,0,5480674,187.14670566292287,8279
76,35,776,4,32,2,2,1,4312,0,3,16,2,15,13,2,8,0,0,1,0,0,1,0,0,0,0,0,0,0,0,0,0,1,0,5341923,176.02368449091603,7590
77,45,193,4,52,3,3,1,13245,1,3,17,3,0,0,0,0,0,1,0,0,0,0,0,1,0,0,0,0,0,0,1,0,0,0,16408573,179.7572806323822,23808
78,37,397,4,30,3,3,3,13664,0,3,16,3,5,2,0,2,0,1,0,0,0,0,1,0,0,0,0,0,0,0,1,0,0,0,16927651,180.9496629520325,24724
79,46,945,2,80,3,2,2,5021,1,4,16,2,4,2,0,2,1,0,0,0,0,0,1,0,0,0,1,0,0,0,0,0,0,0,6220268,186.93241916783873,9385
80,30,852,1,55,2,2,4,5126,1,3,10,1,10,8,3,0,0,1,0,0,1,0,0,0,0,0,0,1,0,0,0,0,0,0,6350347,174.87439437586562,8964
81,35,1214,3,30,2,1,3,2859,0,3,6,3,6,4,0,4,0,1,0,0,0,0,1,0,0,0,0,0,0,0,0,1,0,0,3541873,137.7616990742682,3938
82,55,111,2,70,3,3,4,10239,0,3,24,4,1,0,1,0,0,0,1,0,1,0,0,0,0,0,0,0,0,0,0,0,1,0,12684589,178.2920831373747,18255
83,38,573,3,79,1,2,4,5329,1,3,17,3,13,11,1,9,0,1,0,0,0,0,1,0,0,0,0,0,0,0,0,1,0,0,6601833,172.79721573210057,9208
84,34,1153,2,94,3,2,2,4325,0,3,5,2,5,2,1,3,0,1,0,0,0,0,1,0,0,0,0,0,0,1,0,0,0,0,5358028,156.2579560704576,6758
85,56,1400,3,49,1,3,4,7260,0,3,37,3,6,4,0,2,0,1,0,0,1,0,0,0,0,0,0,0,0,1,0,0,0,0,8994054,187.23580497006893,13593
86,23,541,1,62,3,1,1,2322,0,3,3,3,0,0,0,0,0,0,1,0,0,0,0,0,1,0,0,0,0,0,0,0,0,1,2876611,131.26247397578328,3047
87,51,432,4,96,3,1,4,2075,0,4,10,4,4,2,0,3,0,1,0,0,1,0,0,0,0,0,0,1,0,0,0,0,0,0,2570614,153.7397538597211,3190
88,30,288,3,99,2,2,4,4152,0,3,11,3,11,10,10,8,0,1,0,0,1,0,0,0,0,1,0,0,0,0,0,0,0,0,5143707,173.60418310065543,7208
89,46,669,2,64,2,3,4,9619,0,3,9,3,9,8,4,7,0,0,1,0,0,0,1,0,0,0,0,0,0,0,0,0,1,0,11916501,193.97850745872353,18658
90,40,530,4,78,2,4,2,13503,0,4,22,3,22,3,11,11,0,1,0,0,1,0,0,0,0,1,0,0,0,0,0,0,0,0,16728196,250.63373051871363,33843
91,51,632,4,71,3,2,4,5441,1,4,11,2,10,7,1,0,0,0,1,0,0,1,0,0,0,0,0,0,0,0,0,0,1,0,6740585,195.44966549396685,10634
92,30,1334,2,63,2,2,2,5209,1,3,11,4,11,8,2,7,0,0,1,0,0,0,1,0,0,0,0,0,0,0,0,0,1,0,6453171,185.41811675417733,9658
93,46,638,3,40,2,3,1,10673,1,3,21,5,10,9,9,5,0,1,0,0,0,0,1,0,0,1,0,0,0,0,0,0,0,0,13222250,186.6919036706331,19925
94,32,1093,4,87,3,2,3,5010,0,3,12,0,11,8,5,7,0,0,1,0,0,0,1,0,0,0,0,0,0,0,0,0,1,0,6206640,186.73119094519254,9355
95,54,1217,4,60,3,3,3,13549,0,3,16,5,4,3,0,3,0,1,0,0,0,0,0,0,1,0,0,0,0,0,1,0,0,0,16785183,190.19661580751065,25769
96,24,1353,2,33,3,2,3,4999,0,4,4,2,3,2,0,2,0,0,1,0,0,0,0,1,0,0,0,0,0,0,0,0,1,0,6193013,164.19459234349432,8208
97,28,120,3,43,3,2,3,4221,0,3,5,3,5,4,0,4,0,0,1,0,0,0,1,0,0,0,0,0,0,0,0,0,1,0,5229187,171.80346067309432,7251
98,58,682,4,37,3,4,3,13872,0,3,38,1,37,10,1,8,0,0,1,0,0,0,1,0,0,0,0,0,0,0,0,0,1,0,17185332,279.2274204006143,38734
99,44,489,3,67,3,2,2,2042,0,3,17,3,3,2,1,2,0,1,0,0,0,0,1,0,0,0,0,1,0,0,0,0,0,0,2529732,161.1163103300965,3289
100,37,807,4,63,3,1,1,2073,1,4,7,3,3,2,0,2,1,0,0,1,0,0,0,0,0,0,1,0,0,0,0,0,0,0,2568137,183.0593269250005,3794
101,32,827,1,71,3,1,1,2956,0,3,1,2,1,0,0,0,0,1,0,0,1,0,0,0,0,0,0,0,0,0,0,1,0,0,3662042,144.48316322390204,4270
102,20,871,3,66,2,1,4,2926,1,3,1,5,1,0,1,0,0,1,0,0,1,0,0,0,0,0,0,1,0,0,0,0,0,0,3624876,138.057700246498,4039
103,34,665,4,41,3,2,3,4809,0,3,16,3,16,13,2,10,0,1,0,0,0,0,0,1,0,0,0,0,0,0,0,1,0,0,5957631,184.4436905453553,8869
104,37,1040,2,100,2,2,4,5163,0,3,17,2,1,0,0,0,0,1,0,0,1,0,0,0,0,1,0,0,0,0,0,0,0,0,6396184,152.9784682310333,7898
105,59,1420,4,32,2,5,4,18844,0,4,30,3,3,2,2,2,1,0,0,1,0,0,0,0,0,0,0,0,1,0,0,0,0,0,23344896,216.8936920275994,40871
106,50,1115,3,73,3,5,2,18172,1,3,28,1,8,3,0,7,0,1,0,0,1,0,0,0,0,0,0,0,0,0,1,0,0,0,22512389,229.33638149853064,41675
107,25,240,3,46,2,2,3,5744,1,3,6,1,6,4,0,3,0,0,1,0,0,1,0,0,0,0,0,0,0,0,0,0,1,0,7115956,158.13713482501623,9083
108,25,1280,1,64,2,1,4,2889,0,3,2,2,2,2,2,1,0,1,0,0,0,0,1,0,0,0,0,0,0,0,0,1,0,0,3579039,138.635100778752,4005
109,22,534,3,59,3,1,4,2871,0,3,1,5,0,0,0,0,0,1,0,0,0,0,1,0,0,0,0,1,0,0,0,0,0,0,3556739,137.3275999407128,3942
110,51,1456,4,30,2,3,1,7484,0,4,23,1,13,12,12,8,0,1,0,0,0,0,1,0,0,1,0,0,0,0,0,0,0,0,9271556,209.76941061050678,15699
111,34,658,3,66,1,2,3,6074,1,4,9,3,9,7,0,6,0,1,0,0,1,0,0,0,0,0,0,1,0,0,0,0,0,0,7524777,185.87261202645732,11289
112,54,142,3,30,4,4,4,17328,1,3,23,3,5,3,4,4,1,0,0,1,0,0,0,0,0,0,0,0,1,0,0,0,0,0,21466799,213.70580873859336,37030
113,24,1127,1,52,3,1,3,2774,0,3,6,2,5,3,1,2,0,1,0,0,1,0,0,0,0,0,0,1,0,0,0,0,0,0,3436571,160.83351420363363,4461
114,34,1031,4,45,2,2,2,4505,0,3,12,3,1,0,0,0,0,1,0,0,1,0,0,0,0,0,0,0,0,0,0,1,0,0,5581021,155.07917238802315,6986
115,37,1189,3,87,3,3,4,7428,0,3,12,3,5,3,1,3,0,0,1,0,1,0,0,0,0,0,0,0,0,0,0,0,1,0,9202180,176.9133464144189,13141
116,34,1354,3,45,2,3,1,11631,0,3,14,6,11,10,5,8,0,1,0,0,0,0,1,0,0,0,0,0,1,0,0,0,0,0,14409068,186.89834399968134,21738
117,36,1467,2,92,3,3,4,9738,0,3,10,6,9,7,2,8,0,0,1,0,0,0,0,0,1,0,0,0,0,0,0,0,1,0,12063925,196.86701758031853,19170
118,36,922,2,39,3,1,4,2835,0,4,7,2,1,0,0,0,0,1,0,0,1,0,0,0,0,0,0,1,0,0,0,0,0,0,3512141,154.6442728824385,4384
119,43,394,2,92,3,4,4,16959,1,3,25,3,25,12,4,12,0,0,1,0,1,0,0,0,0,0,0,0,1,0,0,0,0,0,21009663,261.69102084415516,44380
120,30,1312,3,96,1,1,3,2613,0,4,10,2,10,7,0,9,0,1,0,0,1,0,0,0,0,0,0,0,0,0,0,1,0,0,3237116,172.31603610915275,4502
121,33,750,2,95,3,2,2,6146,0,3,8,2,7,7,0,7,0,0,1,0,0,1,0,0,0,0,0,0,0,0,0,0,1,0,7613974,162.87866954280375,10010
122,56,441,4,72,3,1,2,4963,1,3,7,2,5,4,4,3,0,1,0,0,1,0,0,0,0,0,0,0,0,0,0,1,0,0,6148414,169.25102051141621,8399
123,51,684,3,51,3,5,3,19537,0,3,23,5,20,18,15,15,0,1,0,0,1,0,0,0,0,0,0,0,0,0,1,0,0,0,24203419,242.02496166242597,47284
124,31,249,4,76,1,2,3,6172,1,3,12,3,7,7,7,7,0,0,1,0,1,0,0,0,0,0,0,0,0,0,0,0,1,0,7646184,156.43828153368258,9655
125,26,841,3,46,2,1,2,2368,0,3,5,3,5,4,4,3,0,1,0,0,0,0,0,1,0,0,0,0,0,0,0,1,0,0,2933598,132.39745038036884,3135
126,58,147,4,94,3,3,4,10312,0,3,40,3,40,10,15,6,0,1,0,0,0,0,1,0,0,1,0,0,0,0,0,0,0,0,12775025,255.5275414676294,26350
127,19,528,1,50,3,1,3,1675,1,3,0,2,0,0,0,0,0,0,1,0,0,1,0,0,0,0,0,0,0,0,0,0,0,1,2075074,150.09511622247535,2514
128,22,594,1,100,3,1,4,2523,0,3,3,2,2,1,2,1,0,1,0,0,0,0,0,0,1,0,0,1,0,0,0,0,0,0,3125619,150.75218785189574,3803
129,49,470,4,96,3,2,1,6567,0,3,16,2,15,11,5,11,0,1,0,0,0,0,1,0,0,0,0,0,0,1,0,0,0,0,8135530,186.8147775281046,12268
130,43,957,3,72,4,1,3,4739,0,3,18,2,3,2,1,2,0,1,0,0,0,0,1,0,0,0,0,0,0,0,0,1,0,0,5870912,157.53771944997203,7465
131,50,809,3,77,3,3,4,9208,0,3,16,3,2,2,2,1,0,0,1,0,0,1,0,0,0,0,0,0,0,0,0,0,1,0,11407334,166.7904944847621,15358
132,31,542,3,71,1,2,3,4559,1,3,4,2,2,2,2,2,0,0,1,0,1,0,0,0,0,0,0,0,0,0,0,0,1,0,5647919,145.8646227314825,6649
133,41,802,1,96,3,3,3,8189,1,3,12,2,9,7,0,7,0,0,1,0,1,0,0,0,0,0,0,0,0,0,0,0,1,0,10144945,195.35798095345496,15997
134,26,1355,1,61,3,1,3,2942,0,4,8,3,8,7,5,7,1,0,0,0,1,0,0,0,0,0,1,0,0,0,0,0,0,0,3644698,178.97122385248392,5265
135,36,216,2,84,3,2,2,4941,0,4,7,0,3,2,0,1,0,1,0,0,0,0,1,0,0,0,0,0,0,1,0,0,0,0,6121160,193.1113769761992,9541
136,51,1150,4,53,1,3,4,10650,0,3,18,2,4,2,0,3,0,1,0,0,1,0,0,0,0,0,0,0,0,1,0,0,0,0,13193756,167.05838635204168,17791
137,39,1329,4,47,2,2,3,5902,0,3,17,1,15,11,5,9,0,0,1,0,1,0,0,0,0,0,0,0,0,0,0,0,1,0,7311695,180.14801852148832,10632
138,25,959,3,41,2,2,3,8639,0,3,6,3,2,2,2,2,0,0,1,0,1,0,0,0,0,0,0,0,0,0,0,0,1,0,10702428,150.77688531614848,13025
139,30,1240,3,48,3,2,4,6347,1,3,12,2,11,9,4,7,1,0,0,1,0,0,0,0,0,0,1,0,0,0,0,0,0,0,7862983,189.12300901461404,12003
140,32,1033,3,41,3,1,1,4200,0,4,10,2,5,4,0,4,0,1,0,0,0,0,1,0,0,0,0,1,0,0,0,0,0,0,5203171,154.46253730157116,6487
141,45,1316,3,83,3,1,4,3452,0,3,9,2,6,5,0,3,0,1,0,0,0,0,1,0,0,0,0,0,0,0,0,1,0,0,4276511,144.64661608283973,4993
142,38,364,5,32,3,2,3,4317,1,4,19,2,3,2,2,2,0,1,0,0,0,0,0,0,1,0,0,0,0,0,0,1,0,0,5348117,178.86614772985024,7721
143,30,438,3,75,3,1,3,2632,0,3,5,4,5,4,0,4,0,1,0,0,1,0,0,0,0,0,0,0,0,0,0,1,0,0,3260654,145.85326674092303,3838
144,32,689,2,35,1,2,4,4668,0,3,9,2,8,7,0,7,0,0,1,0,0,0,1,0,0,0,0,0,0,0,0,0,1,0,5782953,157.6340559244511,7358
145,30,201,3,84,3,1,1,3204,0,3,8,3,3,2,2,2,0,1,0,0,0,0,0,0,1,0,0,0,0,0,0,1,0,0,3969277,149.39943602533907,4786
146,30,1427,1,35,2,1,4,2720,0,3,6,3,5,3,1,2,0,1,0,0,0,0,1,0,0,0,0,1,0,0,0,0,0,0,3369673,134.10284811644698,3647
147,41,857,3,91,2,4,1,17181,0,3,21,2,7,6,7,7,0,1,0,0,1,0,0,0,0,0,0,0,1,0,0,0,0,0,21284688,197.72923316552777,33971
148,41,933,4,94,3,1,1,2238,0,4,7,2,5,0,1,4,0,1,0,0,1,0,0,0,0,0,0,1,0,0,0,0,0,0,2772547,167.9344587372444,3758
149,19,1181,1,79,3,1,2,1483,0,3,1,3,1,0,0,0,0,1,0,0,0,0,1,0,0,0,0,1,0,0,0,0,0,0,1837215,132.2818477852581,1961
150,40,1395,3,54,3,2,2,5605,0,3,20,2,20,7,2,13,0,1,0,0,0,0,1,0,0,0,0,0,0,0,0,1,0,0,6943756,203.148948867291,11386
151,35,662,5,94,3,3,2,7295,0,3,10,3,10,8,0,6,0,0,1,0,0,1,0,0,0,0,0,0,0,0,0,0,1,0,9037413,180.6817278628688,13180
152,53,1436,2,34,3,2,3,2306,1,4,13,3,7,7,4,5,0,0,1,0,0,1,0,0,0,0,0,0,0,0,0,0,0,1,2856789,207.23358020520405,4778
153,45,194,3,60,3,2,2,2348,0,3,20,2,17,9,0,15,0,1,0,0,1,0,0,0,0,0,0,1,0,0,0,0,0,0,2908821,190.99410210274738,4484
154,32,967,3,43,3,3,4,8998,0,3,9,2,9,8,3,7,0,0,1,0,0,1,0,0,0,0,0,0,0,0,0,0,1,0,11147175,194.24559635390952,17478
155,29,1496,1,41,3,2,3,4319,0,3,10,1,10,7,0,9,0,1,0,0,0,0,0,0,1,0,0,0,0,1,0,0,0,0,5350595,184.8155535330774,7982
156,51,1169,4,34,2,2,3,6132,0,3,10,2,1,0,0,0,0,1,0,0,0,0,1,0,0,0,0,0,0,1,0,0,0,0,7596630,151.91629974940926,9315
157,58,1145,3,75,2,1,2,3346,1,4,9,3,1,0,0,0,0,1,0,0,0,0,1,0,0,0,0,0,0,0,0,1,0,0,4145193,142.98225501312763,4784
158,40,630,4,67,2,3,4,10855,0,3,15,2,12,11,2,11,0,0,1,0,0,1,0,0,0,0,0,0,0,0,0,0,1,0,13447721,181.02190644099056,19649
159,34,303,4,75,3,1,3,2231,0,3,6,3,4,3,1,2,0,0,1,0,0,1,0,0,0,0,0,0,0,0,0,0,0,1,2763875,128.9516651794886,2876
160,22,1256,1,80,3,1,4,2323,0,4,2,6,2,2,2,2,0,1,0,0,0,0,1,0,0,0,0,0,0,0,0,1,0,0,2877849,149.62551014772947,3475
161,27,691,3,57,3,1,2,2024,0,3,6,1,2,2,2,2,0,1,0,0,0,0,1,0,0,0,0,0,0,0,0,1,0,0,2507433,147.8237911582317,2991
162,28,440,3,42,3,1,4,2713,0,3,5,2,5,2,0,2,0,1,0,0,0,0,1,0,0,0,0,0,0,0,0,1,0,0,3361001,153.41116232200991,4162
163,57,334,2,83,4,3,4,9439,1,3,12,2,5,3,1,4,0,1,0,0,1,0,0,0,0,1,0,0,0,0,0,0,0,0,11693508,194.7372924675617,18381
164,27,1450,3,79,2,1,3,2566,1,3,1,2,1,1,0,1,0,1,0,0,0,0,1,0,0,0,0,0,0,0,0,1,0,0,3178890,136.91733018402653,3513
165,50,1452,3,53,3,5,2,19926,0,3,21,5,5,4,4,4,0,1,0,0,1,0,0,0,0,0,0,0,1,0,0,0,0,0,24685332,206.40237367556884,41127
166,41,465,3,56,3,1,3,2451,0,3,13,2,9,8,1,8,0,1,0,0,1,0,0,0,0,0,0,0,0,0,0,1,0,0,3036422,161.1473117494942,3949
167,30,1339,3,41,3,3,4,9419,0,3,12,2,10,9,7,4,0,0,1,0,1,0,0,0,0,0,0,0,0,0,0,0,1,0,11668731,197.71436953457498,18622
168,38,702,4,59,2,2,4,8686,0,4,12,2,8,3,0,7,0,0,1,0,1,0,0,0,0,0,0,0,0,0,0,0,1,0,10760654,177.5128374098471,15418
169,32,120,5,43,3,1,3,3038,0,4,8,2,5,4,1,4,0,1,0,0,1,0,0,0,0,0,0,0,0,0,0,1,0,0,3763627,156.64415223637832,4758
170,27,1157,3,51,3,1,2,3058,1,3,6,3,5,2,1,1,0,1,0,0,0,0,0,0,1,0,0,0,0,0,0,1,0,0,3788404,159.80766746671532,4886
171,19,602,1,100,1,1,1,2325,0,4,1,5,0,0,0,0,0,0,1,0,0,0,0,0,1,0,0,0,0,0,0,0,0,1,2880327,141.26445052119362,3284
172,36,1480,2,30,3,1,2,2088,0,3,13,3,8,7,7,2,0,1,0,0,0,0,1,0,0,0,0,1,0,0,0,0,0,0,2586720,156.37283374106488,3265
173,30,111,3,66,3,2,1,3072,0,3,12,4,12,9,6,10,0,1,0,0,0,0,1,0,0,0,0,1,0,0,0,0,0,0,3805748,182.51115766568404,5606
174,45,1268,2,30,3,2,1,5006,1,3,9,3,5,4,0,3,0,0,1,0,1,0,0,0,0,0,0,0,0,0,0,0,1,0,6201685,181.21907272525323,9071
175,56,713,3,67,3,1,1,4257,1,3,19,3,2,2,2,2,0,1,0,0,1,0,0,0,0,0,0,0,0,0,0,1,0,0,5273786,152.33577109507027,6484
176,33,134,3,90,3,1,4,2500,0,3,4,2,3,1,0,2,0,1,0,0,1,0,0,0,0,0,0,0,0,0,0,1,0,0,3097126,145.04988843556484,3626
177,19,303,3,47,2,1,4,1102,0,4,1,3,1,0,1,0,0,1,0,0,1,0,0,0,0,0,0,1,0,0,0,0,0,0,1365213,152.4819932367226,1680
178,46,526,2,92,3,3,1,10453,0,4,24,2,24,13,15,7,0,0,1,0,0,1,0,0,0,0,0,0,0,0,0,0,1,0,12949703,242.43547064214954,25341
179,38,1380,2,75,3,1,4,2288,0,3,2,3,2,2,2,1,0,1,0,0,1,0,0,0,0,0,0,1,0,0,0,0,0,0,2834490,128.96304428336555,2950
180,31,140,1,95,3,1,4,3929,1,4,7,0,4,2,0,2,0,1,0,0,0,0,1,0,0,0,0,0,0,0,0,1,0,0,4867443,175.878534876552,6910
181,34,629,2,95,3,1,2,2311,0,3,9,3,3,2,1,2,0,1,0,0,0,0,1,0,0,0,0,0,0,0,0,1,0,0,2862983,142.1381731306738,3284
182,41,1356,2,70,3,1,2,3140,1,4,4,5,4,3,0,2,0,0,1,0,0,1,0,0,0,0,0,0,0,0,0,0,0,1,3889990,185.3918311697087,5821
183,50,328,3,86,2,1,3,3690,0,3,5,2,3,2,0,2,0,1,0,0,0,0,1,0,0,0,0,1,0,0,0,0,0,0,4571358,143.52594730042512,5296
184,53,1084,2,57,4,2,1,4450,0,3,5,3,4,2,1,3,0,1,0,0,0,0,1,0,0,0,0,0,0,1,0,0,0,0,5512884,175.79489230145504,7822
185,33,931,3,72,3,1,2,2756,0,3,8,5,8,7,1,6,0,1,0,0,0,0,1,0,0,0,0,0,0,0,0,1,0,0,3414272,160.37814671277232,4420
186,40,989,1,46,3,5,3,19033,0,3,21,2,20,8,9,9,0,1,0,0,0,0,1,0,0,0,0,0,1,0,0,0,0,0,23579039,256.28022171071467,48777
187,55,692,4,61,4,5,2,18722,0,3,36,3,24,15,2,15,0,1,0,0,0,0,1,0,0,0,0,0,0,0,1,0,0,0,23193756,267.18963584828805,50023
188,34,1069,1,45,2,2,3,9547,0,3,10,2,10,9,1,9,0,1,0,0,1,0,0,0,0,0,0,0,0,1,0,0,0,0,11827304,173.79817736924124,16592
189,51,313,3,98,3,4,2,13734,0,3,21,6,7,7,1,0,0,1,0,0,0,0,1,0,0,1,0,0,0,0,0,0,0,0,17014371,210.40877712964047,28897
190,52,699,4,65,2,5,3,19999,0,3,34,5,33,18,11,9,0,1,0,0,1,0,0,0,0,0,0,0,1,0,0,0,0,0,24775768,274.0032977209578,54797
191,27,894,3,99,3,1,2,2279,0,3,7,2,7,7,0,3,0,1,0,0,0,0,1,0,0,0,0,0,0,0,0,1,0,0,2823340,140.15701338715584,3194
192,35,556,2,50,2,2,3,5916,1,3,8,1,1,0,0,1,0,1,0,0,1,0,0,0,0,0,0,0,0,1,0,0,0,0,7329039,160.49778602163795,9495
193,43,1344,3,37,4,1,4,2089,0,3,7,3,5,4,2,2,0,1,0,0,0,0,1,0,0,0,0,0,0,0,0,1,0,0,2587958,148.2357967280135,3096
194,45,1195,2,65,2,4,4,16792,0,4,22,1,20,8,11,8,0,1,0,0,0,0,1,0,0,0,0,0,1,0,0,0,0,0,20802775,242.30928650332805,40688
195,37,290,3,65,4,1,1,3564,1,3,8,3,8,7,1,7,0,1,0,0,1,0,0,0,0,0,0,0,0,0,0,1,0,0,4415263,171.94723517559046,6128
196,35,138,3,37,3,2,2,4425,0,3,10,5,6,2,1,2,0,1,0,0,0,0,1,0,0,0,0,1,0,0,0,0,0,0,5481913,151.77595919889083,6716
197,42,926,2,36,3,2,3,5265,0,3,11,5,5,3,0,2,0,1,0,0,0,0,1,0,0,0,0,0,0,1,0,0,0,0,6522547,169.1323650691234,8904
198,38,1261,4,88,3,2,3,6553,0,3,14,3,1,0,0,0,0,1,0,0,1,0,0,0,0,0,0,0,0,1,0,0,0,0,8118186,154.5038027756032,10124
199,38,1084,3,54,3,2,4,6261,0,3,9,3,7,7,1,7,0,1,0,0,0,0,0,0,1,0,0,0,0,1,0,0,0,0,7756442,167.17837991038354,10467
200,27,472,1,60,2,2,1,4298,0,3,6,1,2,2,2,0,0,1,0,0,0,0,0,0,1,0,0,0,0,1,0,0,0,0,5324579,165.27925929669192,7103
201,49,1002,4,92,3,2,4,6804,1,3,7,0,7,7,1,7,0,1,0,0,1,0,0,0,0,0,0,0,0,1,0,0,0,0,8429138,158.78475088830348,10803
202,34,878,4,43,3,1,3,3815,1,3,5,4,5,3,2,0,0,1,0,0,0,0,1,0,0,0,0,0,0,0,0,1,0,0,4726214,163.52212847317307,6238
203,40,905,2,99,3,2,4,2741,1,3,15,2,7,2,3,7,0,1,0,0,0,0,1,0,0,0,0,1,0,0,0,0,0,0,3395689,175.98141656658922,4823
204,38,1180,1,70,3,2,1,6673,1,3,17,2,1,0,0,0,0,1,0,0,0,0,1,0,0,1,0,0,0,0,0,0,0,0,8266848,172.15374051685103,11487
205,29,121,3,35,3,3,4,7639,0,4,10,3,10,4,1,9,0,0,1,0,0,1,0,0,0,0,0,0,0,0,0,0,1,0,9463578,213.82511958142553,16334
206,22,1136,3,60,4,1,2,2328,1,3,4,2,4,2,2,2,0,1,0,0,1,0,0,0,0,0,0,0,0,0,0,1,0,0,2884044,160.7133791411495,3741
207,36,635,1,73,3,1,4,2153,0,3,8,2,8,1,1,7,0,1,0,0,0,0,1,0,0,0,0,1,0,0,0,0,0,0,2667245,140.38046906721559,3022
208,40,1151,5,63,2,2,4,4876,0,3,5,5,3,2,0,2,0,1,0,0,1,0,0,0,0,1,0,0,0,0,0,0,0,0,6040634,144.2238196271522,7032
209,46,644,4,97,3,3,1,9396,0,3,17,3,4,2,0,3,0,1,0,0,0,0,1,0,0,1,0,0,0,0,0,0,0,0,11640238,179.36051331802653,16852
210,32,1045,4,32,1,3,4,10400,0,3,14,2,14,8,9,8,0,0,1,0,0,0,1,0,0,0,0,0,0,0,0,0,1,0,12884044,202.31718079189804,21040
211,30,829,1,88,2,3,3,8474,0,4,12,2,11,8,5,8,0,1,0,0,1,0,0,0,0,0,0,0,0,1,0,0,0,0,10498018,201.7604348193695,17097
212,27,1242,3,90,3,2,3,9981,0,3,7,2,7,7,0,7,0,0,1,0,1,0,0,0,0,0,0,0,0,0,0,0,1,0,12364965,168.58543595180853,16826
213,51,1469,4,81,2,3,2,12490,0,3,16,5,10,9,4,7,0,1,0,0,1,0,0,0,0,0,0,0,0,0,1,0,0,0,15473241,189.37704948672027,23653
214,30,1005,3,88,3,1,1,2657,1,3,8,5,5,2,0,4,0,1,0,0,0,0,0,0,1,0,0,0,0,0,0,1,0,0,3291625,168.11029065483308,4466
215,41,896,3,75,3,3,4,13591,1,3,16,3,1,0,0,0,0,0,1,0,1,0,0,0,0,0,0,0,1,0,0,0,0,0,16837215,174.6135672819665,23731
216,30,334,4,52,2,2,1,6696,0,3,9,5,6,3,0,1,0,0,1,0,0,1,0,0,0,0,0,0,0,0,0,0,1,0,8295342,175.26220600965885,11735
217,29,992,3,85,3,1,3,2058,0,3,7,1,6,2,1,5,0,1,0,0,0,0,0,0,1,0,0,0,0,0,0,1,0,0,2549554,152.32269107258568,3134
218,45,1052,3,57,2,3,4,8865,0,3,23,2,19,7,12,8,0,0,1,0,0,0,1,0,0,0,0,0,0,0,0,0,1,0,10982408,204.73634458016332,18149
219,54,1147,3,52,3,2,1,5940,0,3,16,4,6,2,0,5,0,0,1,0,0,1,0,0,0,0,0,0,0,0,0,0,1,0,7358771,160.08453290417754,9509
220,36,1396,2,62,3,2,2,5914,0,3,16,3,13,11,3,7,0,1,0,0,1,0,0,0,0,0,0,1,0,0,0,0,0,0,7326561,185.3388790338814,10960
221,33,147,4,47,2,1,2,2622,0,4,7,3,3,2,1,1,0,1,0,0,0,0,1,0,0,0,0,0,0,0,0,1,0,0,3248266,154.20447164720184,4043
222,37,663,3,47,3,3,4,12185,1,3,10,1,10,8,0,7,0,1,0,0,0,0,0,1,0,0,0,0,0,0,1,0,0,0,15095391,208.35483050655213,25388
223,38,119,3,76,3,3,3,10609,0,3,17,6,16,10,5,13,0,0,1,0,1,0,0,0,0,0,0,0,0,0,0,0,1,0,13142963,217.4622930790521,23070
224,31,979,4,90,1,2,3,4345,0,3,6,2,5,4,1,4,0,1,0,0,0,0,1,0,0,0,0,0,0,1,0,0,0,0,5382805,134.41535328339853,5840
225,59,142,3,70,2,1,4,2177,0,3,7,6,1,0,0,0,0,1,0,0,1,0,0,0,0,0,0,0,0,0,0,1,0,0,2696977,137.17505307516367,2986
226,37,319,4,41,3,1,4,2793,0,3,13,2,9,8,5,8,0,0,1,0,0,1,0,0,0,0,0,0,0,0,0,0,0,1,3460109,156.58319890668292,4373
227,29,1413,1,42,3,3,4,7918,0,3,11,5,11,10,4,1,0,0,1,0,0,0,1,0,0,0,0,0,0,0,0,0,1,0,9809217,199.72235287918883,15814
228,35,944,3,92,3,3,3,8789,0,3,10,3,10,7,0,8,0,0,1,0,0,1,0,0,0,0,0,0,0,0,0,0,1,0,10888256,202.00314399169483,17754
229,29,896,1,86,2,1,4,2389,1,3,4,3,4,3,0,1,0,1,0,0,0,0,1,0,0,0,0,0,0,0,0,1,0,0,2959613,147.1328135888684,3515
230,52,1323,3,89,2,1,4,3212,0,3,6,3,2,2,2,2,0,1,0,0,1,0,0,0,0,0,0,1,0,0,0,0,0,0,3979187,134.68794049590508,4326
231,42,532,2,58,3,5,4,19232,0,3,22,3,22,17,11,15,0,1,0,0,0,0,0,0,1,0,0,0,1,0,0,0,0,0,23825570,250.81805627755475,48237
232,59,818,2,52,3,1,3,2267,0,3,7,2,2,2,2,2,1,0,0,0,0,0,1,0,0,0,1,0,0,0,0,0,0,0,2808474,138.57903937299506,3141
233,50,854,4,68,3,5,4,19517,0,3,32,3,7,0,0,6,0,0,1,0,0,0,1,0,0,0,0,0,1,0,0,0,0,0,24178642,212.7731122403501,41526
234,33,813,3,58,3,1,4,2436,1,3,8,2,5,4,0,4,0,1,0,0,0,0,1,0,0,0,0,1,0,0,0,0,0,0,3017839,160.4952004295232,3909
235,43,1034,3,80,3,4,4,16064,1,4,22,3,17,13,1,9,0,0,1,0,0,1,0,0,0,0,0,0,1,0,0,0,0,0,19900892,259.50272603719924,41686
236,33,465,2,39,3,1,1,2707,0,4,13,3,9,7,1,7,0,1,0,0,1,0,0,0,0,0,0,1,0,0,0,0,0,0,3353568,164.08235972993953,4441
237,52,771,4,79,2,5,3,19068,1,3,33,2,33,7,15,12,0,0,1,0,1,0,0,0,0,0,0,0,1,0,0,0,0,0,23622398,283.8973656034702,54133
238,32,1401,2,56,3,1,2,3931,0,3,6,5,4,3,1,2,0,0,1,0,1,0,0,0,0,0,0,0,0,0,0,0,0,1,4869921,146.71126874691703,5767
239,32,515,3,62,2,1,3,3730,1,3,4,2,3,2,1,2,0,1,0,0,1,0,0,0,0,0,0,1,0,0,0,0,0,0,4620912,133.55993376540974,4981
240,39,1431,4,96,3,1,3,2232,0,3,7,1,3,2,1,2,0,1,0,0,0,0,1,0,0,0,0,1,0,0,0,0,0,0,2765114,142.5890918676864,3182
241,32,976,4,100,3,2,4,4465,0,3,4,2,3,2,2,2,0,0,1,0,0,1,0,0,0,0,0,0,0,0,0,0,1,0,5531467,164.26222275559417,7334
242,41,1411,2,36,3,2,1,3072,0,3,17,2,1,0,0,0,0,1,0,0,1,0,0,0,0,0,0,0,0,0,0,1,0,0,3805748,152.1490272789303,4674
243,40,1300,2,62,3,2,4,3319,0,3,9,3,9,8,4,7,0,1,0,0,0,0,0,0,1,0,0,0,0,0,0,1,0,0,4111744,170.45307283038977,5657
244,45,252,3,70,4,5,4,19202,0,3,25,2,24,0,1,7,0,1,0,0,0,0,0,1,0,0,0,0,1,0,0,0,0,0,23788404,258.92518043164233,49718
245,31,1327,4,73,3,3,3,13675,0,3,9,3,2,2,2,2,0,1,0,0,0,0,1,0,0,0,0,0,0,0,1,0,0,0,16941278,169.81325508641942,23221
246,33,832,4,63,2,1,4,2911,0,3,2,2,2,2,0,2,0,1,0,0,1,0,0,0,0,0,0,0,0,0,0,1,0,0,3606293,136.23201196667102,3965
247,34,470,4,84,2,2,1,5957,0,3,13,3,11,9,5,9,0,1,0,0,1,0,0,0,0,0,0,0,0,1,0,0,0,0,7379832,171.79597975098446,10233
248,37,1017,2,83,2,1,1,3920,0,3,17,2,3,1,0,2,0,1,0,0,0,0,1,0,0,0,0,0,0,0,0,1,0,0,4856293,135.71958030243448,5320
249,45,1199,4,77,4,2,3,6434,0,3,9,1,3,2,0,2,0,1,0,0,1,0,0,0,0,0,0,0,0,1,0,0,0,0,7970763,169.446501395964,10902
250,37,504,3,61,3,3,3,10048,0,3,17,5,1,0,0,0,0,1,0,0,0,0,1,0,0,0,0,0,0,1,0,0,0,0,12447968,163.62940705014725,16441
251,39,505,4,64,3,3,3,10938,0,4,20,1,19,6,11,8,0,1,0,0,0,0,0,0,1,1,0,0,0,0,0,0,0,0,13550545,225.41216550742536,24655
252,29,665,3,60,3,1,4,2340,0,3,6,1,6,5,1,5,0,1,0,0,1,0,0,0,0,0,0,0,0,0,0,1,0,0,2898910,145.68854315716283,3409
253,42,916,2,82,4,2,1,6545,1,3,10,1,3,2,0,2,0,1,0,0,1,0,0,0,0,0,0,0,0,0,0,1,0,0,8108276,169.34990926113048,11083
254,29,1247,2,45,3,2,4,6931,0,3,10,2,3,2,0,2,0,0,1,0,0,1,0,0,0,0,0,0,0,0,0,0,1,0,8586472,153.5981473595937,10645
255,25,685,3,62,3,2,3,4898,0,3,5,3,4,2,1,2,0,1,0,0,1,0,0,0,0,0,0,0,0,1,0,0,0,0,6067889,159.07729050997455,7791
256,42,269,3,56,2,1,1,2593,1,3,10,4,9,6,7,8,0,1,0,0,0,0,1,0,0,0,0,1,0,0,0,0,0,0,3212339,166.70957258322196,4322
257,40,1416,2,49,3,5,3,19436,0,3,22,5,21,7,3,9,0,1,0,0,0,0,1,0,0,0,0,0,0,0,1,0,0,0,24078295,242.54560395001397,47141
258,51,833,3,96,3,1,4,2723,0,3,1,0,1,0,0,0,0,1,0,0,1,0,0,0,0,0,0,0,0,0,0,1,0,0,3373389,142.26025388257236,3873
259,31,307,2,71,2,1,2,3479,0,3,6,2,5,4,1,4,0,1,0,0,0,0,1,0,0,0,0,1,0,0,0,0,0,0,4309960,129.32199617001112,4499
260,32,1311,3,100,4,1,2,2794,0,4,5,3,5,1,0,3,0,1,0,0,1,0,0,0,0,0,0,1,0,0,0,0,0,0,3461348,162.5947822474092,4542
261,38,1327,2,39,2,2,4,5249,0,3,13,0,8,7,7,5,0,0,1,0,1,0,0,0,0,0,0,0,0,0,0,0,1,0,6502725,171.08166663832228,8980
262,32,128,1,84,2,2,1,2176,0,3,9,5,6,2,0,4,0,1,0,0,0,0,0,0,1,0,0,1,0,0,0,0,0,0,2695738,151.04604181469887,3286
263,46,488,3,75,1,4,2,16872,1,3,28,2,7,7,7,7,0,0,1,0,0,0,0,0,1,0,0,0,1,0,0,0,0,0,20901883,200.97292827077607,33908
264,28,529,4,79,3,1,3,3485,0,3,5,5,0,0,0,0,0,1,0,0,1,0,0,0,0,0,0,1,0,0,0,0,0,0,4317393,139.33371822225052,4855
265,29,1210,3,78,2,2,2,6644,0,3,10,2,0,0,0,0,0,0,1,0,0,0,1,0,0,0,0,0,0,0,0,0,1,0,8230922,144.90417903537846,9627
266,31,1463,3,64,2,2,4,5582,0,4,10,2,9,0,7,8,0,1,0,0,0,0,1,0,0,1,0,0,0,0,0,0,0,0,6915263,191.0552271401338,10664
267,25,675,2,85,4,2,1,4000,0,3,6,2,6,3,1,5,0,1,0,0,1,0,0,0,0,1,0,0,0,0,0,0,0,0,4955401,174.83154817141002,6993
268,45,1385,2,79,3,4,4,13496,1,3,21,2,20,7,4,10,0,1,0,0,0,0,1,0,0,1,0,0,0,0,0,0,0,0,16719524,226.08013726849777,30511
269,36,1403,3,47,3,1,4,3210,0,3,16,4,15,13,10,11,0,1,0,0,1,0,0,0,0,0,0,1,0,0,0,0,0,0,3976710,170.76226771185696,5481
270,55,452,3,81,3,5,1,19045,1,3,37,2,36,10,4,13,0,1,0,0,0,0,1,0,0,0,0,0,1,0,0,0,0,0,23593905,301.6645185608691,57452
271,47,666,4,88,3,3,2,11849,1,3,10,2,10,7,9,9,0,1,0,0,1,0,0,0,0,0,0,0,1,0,0,0,0,0,14679138,196.7407691964324,23311
272,28,1158,3,94,3,1,4,2070,0,4,5,3,5,2,0,4,0,1,0,0,0,0,1,0,0,0,0,0,0,0,0,1,0,0,2564420,171.17983372538288,3543
273,37,228,4,98,3,2,4,6502,0,3,7,5,5,4,0,1,0,0,1,0,0,0,1,0,0,0,0,0,0,0,0,0,1,0,8055005,167.8281604561869,10912
274,21,996,2,100,2,1,3,3230,0,3,3,4,3,2,1,0,0,1,0,0,0,0,1,0,0,0,0,0,0,0,0,1,0,0,4001487,133.15827760077715,4301
275,37,728,4,80,3,3,4,13603,1,3,15,2,5,2,0,2,0,1,0,0,0,0,1,0,0,0,0,0,0,0,1,0,0,0,16852081,189.9804992053591,25843
276,35,1315,3,71,4,3,2,11996,0,3,10,6,7,7,6,2,0,1,0,0,1,0,0,0,0,0,0,0,1,0,0,0,0,0,14861249,194.6541637302566,23350
277,38,322,2,44,4,2,1,5605,1,4,8,3,8,0,7,7,0,0,1,0,0,0,1,0,0,0,0,0,0,0,0,0,1,0,6943756,215.36022272971658,12070
278,26,1479,3,84,3,2,2,6397,0,4,6,6,6,5,1,4,0,1,0,0,1,0,0,0,0,0,0,0,0,1,0,0,0,0,7924926,177.18904681467328,11334
279,50,797,1,96,3,5,2,19144,0,3,28,4,10,4,1,6,0,1,0,0,1,0,0,0,0,0,0,0,0,0,1,0,0,0,23716551,218.76795567871835,41880
280,53,1070,4,45,3,4,3,17584,1,3,21,5,5,3,1,3,0,1,0,0,0,0,1,0,0,0,0,0,0,0,1,0,0,0,21783944,215.31525084615697,37861
281,42,635,1,99,3,2,3,4907,0,4,20,3,20,16,11,6,0,0,1,0,1,0,0,0,0,0,0,0,0,0,0,0,1,0,6079039,213.56683906110277,10479
282,29,442,2,44,3,2,4,4554,0,3,10,3,10,7,0,9,0,0,1,0,1,0,0,0,0,0,0,0,0,0,0,0,1,0,5641724,168.82708327423313,7688
283,55,147,2,37,3,2,4,5415,1,3,12,4,10,7,0,8,0,1,0,0,0,0,0,0,1,0,0,1,0,0,0,0,0,0,6708375,182.76972005245997,9896
284,26,496,2,60,3,2,1,4741,1,3,5,3,5,3,3,3,0,1,0,0,0,0,1,0,0,1,0,0,0,0,0,0,0,0,5873389,156.5172859716575,7420
285,37,1372,3,42,3,1,4,2115,0,3,17,3,17,12,5,7,0,1,0,0,1,0,0,0,0,0,0,0,0,0,0,1,0,0,2620168,183.98435576565,3891
286,44,920,3,43,3,1,3,3161,1,4,19,0,1,0,0,0,0,1,0,0,1,0,0,0,0,0,0,1,0,0,0,0,0,0,3916006,162.7079131843732,5143
287,38,688,4,82,3,2,4,5745,0,3,10,2,2,2,1,2,0,1,0,0,1,0,0,0,0,1,0,0,0,0,0,0,0,0,7117195,164.44112378126795,9447
288,26,1449,4,45,3,1,2,2373,1,3,5,2,3,2,0,2,0,1,0,0,0,0,1,0,0,0,0,1,0,0,0,0,0,0,2939792,156.69242863239066,3718
289,28,1117,2,66,3,1,4,3310,0,4,5,3,5,3,0,2,0,1,0,0,1,0,0,0,0,0,0,0,0,0,0,1,0,0,4100595,163.10861567523327,5398
290,49,636,4,35,3,5,1,18665,1,3,22,4,3,2,1,2,0,1,0,0,1,0,0,0,0,0,0,0,0,0,1,0,0,0,23123142,215.92022357536308,40301
291,36,506,3,30,3,2,2,4485,0,3,10,2,8,0,7,7,0,1,0,0,0,0,0,0,1,0,0,0,0,0,0,1,0,0,5556244,157.07497284881322,7044
292,31,444,3,84,3,1,2,2789,0,3,2,5,2,2,2,2,0,0,1,0,0,1,0,0,0,0,0,0,0,0,0,0,0,1,3455154,148.0535972814554,4129
293,26,950,4,48,2,2,4,5828,1,3,8,0,8,7,7,4,0,0,1,0,0,1,0,0,0,0,0,0,0,0,0,0,1,0,7220020,166.98359232244582,9731
294,37,889,3,53,3,1,4,2326,1,3,4,3,4,2,1,2,0,1,0,0,0,0,1,0,0,0,0,0,0,0,0,1,0,0,2881566,165.63720262898786,3852
295,42,555,3,77,3,4,2,13525,0,3,23,2,20,4,4,8,0,0,1,0,0,1,0,0,0,0,0,0,0,0,0,0,1,0,16755451,221.28754846204797,29929
296,18,230,3,54,3,1,3,1420,0,3,0,2,0,0,0,0,0,1,0,0,1,0,0,0,0,0,0,1,0,0,0,0,0,0,1759167,137.21428147042985,1948
297,35,1232,3,96,3,3,2,8020,0,3,12,3,11,9,6,9,0,0,1,0,0,1,0,0,0,0,0,0,0,0,0,0,1,0,9935580,199.69168517391927,16015
298,36,566,4,81,4,1,4,3688,0,3,4,2,1,0,0,0,0,1,0,0,1,0,0,0,0,0,0,1,0,0,0,0,0,0,4568880,142.80476152987228,5266
299,51,1302,3,84,1,2,2,5482,0,3,13,3,4,1,1,2,0,1,0,0,0,0,1,0,0,0,0,0,0,1,0,0,0,0,6791378,141.83213821694787,7775
300,41,334,4,88,3,4,2,16015,0,3,22,2,22,10,0,4,0,0,1,0,1,0,0,0,0,0,0,0,1,0,0,0,0,0,19840188,233.02610348738955,37319
301,18,812,3,69,2,1,3,1200,0,3,0,2,0,0,0,0,0,0,1,0,0,0,1,0,0,0,0,0,0,0,0,0,0,1,1486620,122.95025410333052,1475
302,28,1476,2,68,4,2,1,5661,0,3,9,2,8,3,0,7,0,1,0,0,0,0,1,0,0,1,0,0,0,0,0,0,0,0,7013132,182.47721422124525,10330
303,31,218,3,100,4,2,4,6929,0,3,10,3,8,7,7,7,0,0,1,0,0,0,0,0,1,0,0,0,0,0,0,0,1,0,8583994,178.33951859756084,12357
304,39,1132,3,48,4,3,4,9613,0,3,19,5,18,10,3,7,0,1,0,0,0,0,1,0,0,1,0,0,0,0,0,0,0,0,11909068,218.27655608722475,20982
305,36,1105,4,47,3,2,2,5674,0,3,11,3,9,8,0,8,0,1,0,0,1,0,0,0,0,0,0,1,0,0,0,0,0,0,7029237,166.77296837838003,9462
306,32,906,3,91,2,2,3,5484,0,3,13,3,13,8,4,8,0,0,1,0,1,0,0,0,0,0,0,0,0,0,0,0,1,0,6793855,174.2084990727382,9553
307,38,849,2,81,2,3,2,12061,0,3,19,2,10,8,0,1,0,1,0,0,1,0,0,0,0,0,0,0,0,0,1,0,0,0,14941774,178.60509117000345,21541
308,58,390,4,32,1,2,3,5660,1,3,12,2,5,3,1,2,0,1,0,0,1,0,0,0,0,1,0,0,0,0,0,0,0,0,7011893,152.20418856982084,8614
309,31,691,4,86,3,1,4,4821,1,3,6,4,5,2,0,3,0,1,0,0,0,0,0,0,1,0,0,0,0,0,0,1,0,0,5972498,145.92217985524198,7034
310,31,106,3,62,2,2,1,6410,0,3,9,1,2,2,1,0,1,0,0,1,0,0,0,0,0,0,1,0,0,0,0,0,0,0,7941031,142.91459234788346,9160
311,45,1249,3,97,3,3,1,5210,0,3,24,2,24,9,9,11,0,1,0,0,1,0,0,0,0,0,0,1,0,0,0,0,0,0,6454410,226.37547851138007,11794
312,31,192,4,32,3,1,4,2695,1,3,3,2,2,2,2,2,0,1,0,0,1,0,0,0,0,0,0,0,0,0,0,1,0,0,3338702,157.30481900270493,4239
313,33,553,4,74,3,3,2,11878,0,3,12,2,10,6,8,8,0,1,0,0,1,0,0,0,0,0,0,0,1,0,0,0,0,0,14715064,193.83900469254402,23024
314,39,117,1,99,3,4,1,17068,1,3,21,3,21,9,11,10,0,1,0,0,0,0,1,0,0,0,0,0,1,0,0,0,0,0,21144698,249.39647797329513,42566
315,43,185,4,33,3,1,4,2455,0,3,9,5,8,7,1,7,0,1,0,0,1,0,0,0,0,0,0,1,0,0,0,0,0,0,3041378,141.85370401596785,3482
316,49,1091,2,90,2,4,3,13964,1,3,25,2,7,1,0,7,0,1,0,0,0,0,0,0,1,1,0,0,0,0,0,0,0,0,17299306,208.21109590459895,29074
317,52,723,4,85,2,2,2,4941,0,3,11,3,8,2,7,7,0,1,0,0,0,0,1,0,0,0,0,0,0,0,0,1,0,0,6121160,162.47225195739378,8027
318,27,1220,3,85,3,1,2,2478,1,3,4,2,4,3,1,2,0,1,0,0,1,0,0,0,0,0,0,0,0,0,0,1,0,0,3069871,153.7702956986933,3810
319,32,588,2,65,2,2,2,5228,1,3,13,2,13,12,11,9,0,0,1,0,0,0,0,0,1,0,0,0,0,0,0,0,1,0,6476710,185.18874764760346,9681
320,27,1377,3,74,3,2,3,4478,1,3,5,3,5,4,0,4,0,0,1,0,1,0,0,0,0,0,0,0,0,0,0,0,1,0,5547572,176.17538236120112,7889
321,31,691,3,73,3,2,4,7547,0,3,13,3,7,7,1,7,0,0,1,0,0,1,0,0,0,0,0,0,0,0,0,0,1,0,9349604,169.29153212077708,12776
322,32,1018,4,74,4,2,4,5055,0,3,10,0,7,7,0,7,0,1,0,0,0,0,1,0,0,0,0,0,0,0,0,1,0,0,6262389,178.022677405997,8999
323,28,1157,4,84,1,1,4,3464,1,3,5,4,3,2,2,2,0,1,0,0,0,0,1,0,0,0,0,0,0,0,0,1,0,0,4291378,131.15232049541677,4543
324,30,1275,2,64,3,2,4,5775,0,3,11,2,10,8,1,9,0,1,0,0,0,0,1,0,0,0,0,0,0,0,0,1,0,0,7154361,182.7086251259368,10551
325,31,798,2,48,2,3,3,8943,0,4,10,2,10,9,8,9,0,1,0,0,1,0,0,0,0,0,0,0,0,1,0,0,0,0,11079039,197.9358211571484,17701
326,39,672,2,54,2,5,4,19272,0,3,21,2,21,9,13,3,0,1,0,0,0,0,1,0,0,0,0,0,1,0,0,0,0,0,23875124,250.8252962724911,48339
327,39,1162,2,41,3,2,3,5238,1,3,12,3,1,0,0,0,0,0,1,0,0,0,1,0,0,0,0,0,0,0,0,0,1,0,6489098,172.013369917372,9010
328,33,508,3,46,2,2,4,4682,0,3,9,6,7,7,0,1,0,0,1,0,0,1,0,0,0,0,0,0,0,0,0,0,1,0,5800297,171.55559128307416,8032
329,47,1482,5,42,3,5,3,18300,0,3,21,2,3,2,1,1,0,1,0,0,1,0,0,0,0,0,0,0,0,0,1,0,0,0,22670961,212.8744385688205,38956
330,43,559,4,82,2,2,3,5257,0,3,9,3,9,7,0,0,0,1,0,0,1,0,0,0,0,0,0,1,0,0,0,0,0,0,6512636,152.25906375761073,8004
331,27,210,1,73,3,2,2,6349,1,3,6,0,5,4,1,4,0,0,1,0,0,1,0,0,0,0,0,0,0,0,0,0,1,0,7865461,185.12115322201436,11753
332,54,928,4,31,3,2,3,4869,0,3,20,4,4,3,0,3,0,1,0,0,1,0,0,0,0,0,0,0,0,0,0,1,0,0,6031962,163.82857782509643,7976
333,43,1001,3,43,3,3,1,9985,0,3,10,1,1,0,0,0,0,1,0,0,1,0,0,0,0,1,0,0,0,0,0,0,0,0,12369921,172.99972489454828,17274
334,45,549,4,75,3,2,4,3697,0,3,12,3,10,9,9,8,0,1,0,0,0,0,0,1,0,0,0,0,0,0,0,1,0,0,4580030,182.5563205727199,6749
335,40,1124,2,57,1,2,4,7457,1,4,6,2,4,3,0,2,0,0,1,0,0,0,1,0,0,0,0,0,0,0,0,0,1,0,9238107,173.12147908424083,12909
336,29,318,4,77,1,1,1,2119,1,3,7,4,7,7,0,7,0,1,0,0,0,0,0,1,0,0,0,1,0,0,0,0,0,0,2625124,143.90645107849969,3049
337,29,738,5,30,2,1,4,3983,0,3,4,2,3,2,2,2,0,1,0,0,0,0,0,1,0,0,0,1,0,0,0,0,0,0,4934341,144.13898300889917,5741
338,30,570,3,30,2,2,3,6118,0,3,10,2,10,9,1,2,0,0,1,0,0,1,0,0,0,0,0,0,0,0,0,0,1,0,7579286,167.42397422822165,10242
339,27,1130,4,56,3,2,2,6214,0,3,8,3,8,7,0,7,0,0,1,0,0,1,0,0,0,0,0,0,0,0,0,0,1,0,7698216,166.8903379877378,10370
340,37,1192,2,61,3,2,4,6347,0,3,8,2,6,2,0,4,0,1,0,0,0,0,1,0,0,0,0,0,0,1,0,0,0,0,7862983,172.19159515189796,10929
341,38,343,2,92,2,3,4,11510,1,3,12,3,11,10,2,9,0,1,0,0,1,0,0,0,0,0,0,0,0,0,1,0,0,0,14259167,194.76741715059865,22417
342,31,1232,4,39,3,3,4,7143,1,3,11,2,11,9,4,10,0,1,0,0,0,0,1,0,0,0,0,0,0,1,0,0,0,0,8849108,198.74204141374548,14196
343,29,144,1,39,2,2,2,8268,1,3,7,2,7,7,1,7,0,0,1,0,0,1,0,0,0,0,0,0,0,0,0,0,1,0,10242815,170.68170100485506,14111
344,35,1296,4,62,3,3,2,8095,0,3,17,5,16,6,0,13,0,1,0,0,0,0,0,0,1,0,0,0,0,1,0,0,0,0,10028494,215.3294762185282,17430
345,23,1309,1,83,3,1,4,2904,0,3,4,2,4,2,0,2,0,1,0,0,1,0,0,0,0,0,0,0,0,0,0,1,0,0,3597621,137.28804640731374,3986
346,41,483,3,95,2,2,2,6032,1,3,8,3,5,4,1,2,0,1,0,0,0,0,1,0,0,0,0,0,0,1,0,0,0,0,7472745,150.32827054424965,9067
347,47,1309,1,99,3,2,3,2976,0,3,5,3,0,0,0,0,0,0,1,0,0,0,1,0,0,0,0,0,0,0,0,0,0,1,3686819,148.98609508280535,4433
348,42,810,5,44,3,4,4,15992,0,3,16,2,1,0,0,0,0,1,0,0,1,0,0,0,0,0,0,0,0,0,1,0,0,0,19811695,182.90500799514177,29250
349,29,746,3,61,3,2,3,4649,0,3,4,3,4,3,0,2,0,0,1,0,1,0,0,0,0,0,0,0,0,0,0,0,1,0,5759415,158.36281932999026,7362
350,42,544,1,52,3,1,3,2696,1,3,4,5,3,2,1,0,1,0,0,0,0,0,0,0,1,0,1,0,0,0,0,0,0,0,3339941,144.1462484275155,3886
351,32,1062,3,75,3,1,2,2370,0,3,8,4,8,0,0,7,0,1,0,0,0,0,1,0,0,0,0,1,0,0,0,0,0,0,2936075,151.08409515167997,3580
352,48,530,1,91,3,3,3,12504,0,4,15,3,0,0,0,0,0,0,1,0,0,0,1,0,0,0,0,0,1,0,0,0,0,0,15490585,183.95090010057427,23001
353,37,1319,3,51,4,2,1,5974,1,3,13,2,7,7,6,7,0,1,0,0,0,0,1,0,0,0,0,0,0,0,0,1,0,0,7400892,203.33110656155142,12147
354,30,641,2,85,3,2,3,4736,1,3,4,2,2,2,2,2,0,0,1,0,0,0,0,0,1,0,0,0,0,0,0,0,1,0,5867195,169.14900877354358,8010
355,26,933,3,57,3,2,3,5296,0,3,8,3,8,7,7,7,0,0,1,0,1,0,0,0,0,0,0,0,0,0,0,0,1,0,6560951,177.64319678434111,9407
356,42,1332,4,98,2,2,4,6781,0,4,14,6,1,0,0,0,0,1,0,0,0,0,0,1,0,1,0,0,0,0,0,0,0,0,8400644,169.82351445111888,11515
357,21,756,1,99,2,1,2,2174,1,3,3,3,3,2,1,2,0,0,1,0,0,0,0,0,1,0,0,0,0,0,0,0,0,1,2693261,147.3679192898057,3203
358,36,845,5,45,3,2,4,6653,0,3,7,6,1,0,0,0,0,0,1,0,0,0,1,0,0,0,0,0,0,0,0,0,1,0,8242071,143.00906834238083,9514
359,36,541,4,48,2,3,4,9699,0,3,16,2,13,9,1,12,0,0,1,0,0,0,1,0,0,0,0,0,0,0,0,0,1,0,12015610,198.469366864386,19249
360,57,593,4,88,3,2,3,6755,0,3,15,2,3,2,1,2,0,1,0,0,0,0,1,0,0,1,0,0,0,0,0,0,0,0,8368434,153.13409752492004,10344
361,40,1171,4,46,4,1,3,2213,1,3,10,3,7,7,1,7,0,1,0,0,1,0,0,0,0,0,0,1,0,0,0,0,0,0,2741576,167.84647733848604,3714
362,21,895,2,39,3,1,4,2610,0,4,3,3,3,2,2,2,0,0,1,0,0,0,1,0,0,0,0,0,0,0,0,0,0,1,3233399,151.6945567491404,3959
363,33,350,3,34,3,1,3,2851,1,3,1,2,1,0,0,0,0,0,1,0,0,1,0,0,0,0,0,0,0,0,0,0,0,1,3531962,150.750898859701,4297
364,37,921,3,98,3,1,1,3452,0,4,17,3,5,4,0,3,0,1,0,0,0,0,1,0,0,0,0,1,0,0,0,0,0,0,4276511,168.9182523420948,5831
365,46,1144,4,30,3,2,3,5258,0,3,7,2,1,0,0,0,0,1,0,0,0,0,1,0,0,0,0,0,0,1,0,0,0,0,6513875,157.59580559081397,8286
366,41,143,3,56,3,2,2,9355,0,3,8,5,8,7,7,7,0,0,1,0,0,1,0,0,0,0,0,0,0,0,0,0,1,0,11589445,179.50431239497615,16792
367,50,1046,3,100,2,3,4,10496,0,3,20,2,4,3,1,3,0,1,0,0,0,0,0,0,1,1,0,0,0,0,0,0,0,0,13002973,174.49331252138006,18314
368,40,575,2,68,2,2,3,6380,1,3,8,6,6,4,1,0,0,0,1,0,0,1,0,0,0,0,0,0,0,0,0,0,1,0,7903865,173.34203959793774,11059
369,31,408,4,42,2,1,2,2657,1,3,3,5,2,2,2,2,0,1,0,0,1,0,0,0,0,0,0,0,0,0,0,1,0,0,3291625,131.35172383183945,3490
370,21,156,3,90,4,1,2,2716,0,3,1,0,1,0,0,0,0,0,1,0,1,0,0,0,0,0,0,0,0,0,0,0,0,1,3364718,156.0000514939067,4236
371,29,1283,3,54,3,1,4,2201,0,3,6,4,3,2,1,2,0,1,0,0,1,0,0,0,0,0,0,0,0,0,0,1,0,0,2726710,140.47867243914703,3091
372,35,755,4,97,2,2,2,6540,0,3,10,5,1,1,0,0,0,1,0,0,1,0,0,0,0,1,0,0,0,0,0,0,0,0,8102081,152.83911168398006,9995
373,27,1469,2,82,3,1,2,3816,0,3,5,2,5,2,0,4,0,1,0,0,0,0,1,0,0,0,0,1,0,0,0,0,0,0,4727453,166.92432648775275,6369
374,28,304,4,92,3,2,4,5253,0,3,7,1,7,5,0,7,0,0,1,0,1,0,0,0,0,0,0,0,0,0,0,0,1,0,6507681,167.0746350254524,8776
375,49,1261,3,31,2,3,3,10965,0,4,26,2,5,2,0,0,0,1,0,0,0,0,0,1,0,1,0,0,0,0,0,0,0,0,13583994,192.3484244317307,21091
376,51,1178,2,87,3,2,4,4936,0,3,18,2,7,7,0,7,0,0,1,0,1,0,0,0,0,0,0,0,0,0,0,0,1,0,6114965,167.8871475494174,8286
377,36,329,3,96,3,1,3,2543,0,3,6,3,2,2,2,2,0,1,0,0,1,0,0,0,0,0,0,0,0,0,0,1,0,0,3150396,139.95690550624838,3559
378,34,1362,3,67,4,2,4,5304,1,3,9,3,5,2,0,4,0,0,1,0,0,1,0,0,0,0,0,0,0,0,0,0,1,0,6570862,175.53412318781616,9310
379,55,1311,3,97,3,4,4,16659,1,3,30,2,5,4,1,2,0,1,0,0,1,0,0,0,0,0,0,0,1,0,0,0,0,0,20638008,216.58006130339285,36080
380,24,1371,4,77,3,2,3,4260,1,3,5,2,5,2,0,3,0,0,1,0,0,1,0,0,0,0,0,0,0,0,0,0,1,0,5277502,170.62459696727583,7268
381,30,202,1,72,3,1,2,2476,0,3,1,3,1,0,0,0,0,0,1,0,0,0,0,0,1,0,0,0,0,0,0,0,0,1,3067393,144.39233283870624,3575
382,26,575,1,73,3,1,1,3102,0,4,7,2,6,4,0,4,0,1,0,0,0,0,0,0,1,0,0,0,0,0,0,1,0,0,3842914,174.91891776034012,5425
383,22,253,3,43,3,1,2,2244,0,3,2,1,2,1,1,2,0,1,0,0,0,0,1,0,0,0,0,0,0,0,0,1,0,0,2779980,143.8690578905313,3228
384,36,164,2,61,2,3,3,7596,0,3,10,2,10,9,9,0,0,0,1,0,0,0,1,0,0,0,0,0,0,0,0,0,1,0,9410307,193.50597117413466,14698
385,30,464,3,40,3,1,4,2285,1,4,3,4,1,0,0,0,0,1,0,0,0,0,0,0,1,0,0,0,0,0,0,1,0,0,2830773,157.5928320405262,3600
386,37,1107,3,95,3,1,1,3034,0,3,18,2,18,7,12,17,0,1,0,0,1,0,0,0,0,0,0,1,0,0,0,0,0,0,3758672,174.0927799141835,5281
387,40,759,2,46,3,2,2,5715,0,3,8,5,5,4,1,3,0,0,1,0,0,1,0,0,0,0,0,0,0,0,0,0,1,0,7080030,170.22212216981364,9728
388,42,201,4,95,3,1,1,2576,0,3,8,5,5,2,1,2,0,1,0,0,1,0,0,0,0,0,0,1,0,0,0,0,0,0,3191278,160.82817413293094,4142
389,37,1305,4,49,3,2,2,4197,1,3,18,2,1,0,0,1,0,1,0,0,1,0,0,0,0,0,0,0,0,1,0,0,0,0,5199455,168.48048057637953,7071
390,43,982,3,59,2,4,2,14336,0,3,25,3,25,10,3,9,0,1,0,0,1,0,0,0,0,0,0,0,0,0,1,0,0,0,17760159,225.73090584123585,32360
391,40,555,3,78,2,2,3,3448,0,4,20,3,1,0,0,0,0,1,0,0,0,0,1,0,0,0,0,1,0,0,0,0,0,0,4271556,167.14068440515018,5763
392,54,821,2,86,3,5,1,19406,0,3,24,4,4,2,1,2,0,1,0,0,0,0,1,0,0,0,0,0,0,0,1,0,0,0,24041130,216.56211745336327,42026
393,34,1381,4,72,3,2,3,6538,0,3,6,3,3,2,1,2,0,0,1,0,0,1,0,0,0,0,0,0,0,0,0,0,1,0,8099604,168.09312303965723,10989
394,31,480,2,31,3,2,1,4306,0,3,13,5,13,10,3,12,0,1,0,0,0,0,1,0,0,0,0,0,0,1,0,0,0,0,5334490,191.28929507124914,8236
395,43,313,3,61,3,1,4,2258,0,4,8,1,3,2,1,2,0,1,0,0,0,0,1,0,0,0,0,1,0,0,0,0,0,0,2797324,172.74211307774064,3900
396,43,1473,4,74,3,2,3,4522,1,3,8,3,5,2,0,2,0,1,0,0,0,0,0,1,0,1,0,0,0,0,0,0,0,0,5602081,181.9109446589081,8226
397,25,891,2,99,2,2,4,4487,1,3,5,3,5,4,1,3,0,0,1,0,1,0,0,0,0,0,0,0,0,0,0,0,1,0,5558722,162.0626326966397,7271
398,37,1063,5,72,3,2,3,4449,1,3,15,2,13,11,10,7,0,1,0,0,0,0,1,0,0,0,0,0,0,0,0,1,0,0,5511645,189.0116374475894,8409
399,31,329,2,98,2,1,1,2218,0,3,4,3,4,2,3,2,0,1,0,0,1,0,0,0,0,0,0,1,0,0,0,0,0,0,2747770,133.64817522961545,2964
400,39,1218,1,52,3,5,3,19197,1,3,21,3,21,8,1,6,0,1,0,0,1,0,0,0,0,0,0,0,1,0,0,0,0,0,23782210,252.31262595994403,48436
401,56,906,3,86,4,4,1,13212,0,3,36,0,7,7,7,7,0,0,1,0,1,0,0,0,0,0,0,0,0,0,0,0,1,0,16367691,209.91729370331936,27734
402,30,1082,3,83,3,2,3,6577,0,3,6,6,5,4,4,4,0,0,1,0,0,0,0,0,1,0,0,0,0,0,0,0,1,0,8147919,164.4584168842735,10816
403,41,645,3,49,4,3,1,8392,0,3,10,2,10,7,0,7,0,0,1,0,0,1,0,0,0,0,0,0,0,0,0,0,1,0,10396432,193.20287442538927,16213
404,28,1300,2,79,3,2,1,4558,0,3,10,2,10,0,1,8,0,1,0,0,0,0,1,0,0,0,0,1,0,0,0,0,0,0,5646680,162.4676321895326,7405
405,25,688,3,91,3,1,1,4031,0,3,6,5,2,2,0,2,0,1,0,0,0,0,1,0,0,0,0,1,0,0,0,0,0,0,4993806,135.50425195385571,5462
406,52,319,3,39,2,3,3,7969,1,3,28,4,5,4,0,4,0,1,0,0,0,0,1,0,0,0,0,0,0,1,0,0,0,0,9872398,187.40991959906475,14934
407,45,192,2,69,3,1,4,2654,0,4,8,3,2,2,0,2,0,1,0,0,1,0,0,0,0,0,0,0,0,0,0,1,0,0,3287909,154.37745810228392,4097
408,52,1490,2,30,3,4,4,16555,0,3,31,2,5,2,1,4,0,1,0,0,1,0,0,0,0,0,0,0,1,0,0,0,0,0,20509167,207.2035251534523,34302
409,42,532,2,92,3,2,3,4556,0,3,19,3,5,4,0,2,0,1,0,0,1,0,0,0,0,0,0,0,0,0,0,1,0,0,5644202,166.34519089610743,7578
410,30,317,3,43,1,2,4,6091,0,4,11,2,5,4,0,2,0,1,0,0,1,0,0,0,0,0,0,0,0,1,0,0,0,0,7545837,157.61802173584056,9600
411,60,422,3,41,3,5,1,19566,0,3,33,5,29,8,11,10,0,1,0,0,1,0,0,0,0,0,0,0,1,0,0,0,0,0,24239346,265.6743611089024,51981
412,46,1485,3,87,3,2,3,4810,0,3,19,5,10,7,0,8,0,1,0,0,0,0,1,0,0,0,0,0,0,1,0,0,0,0,5958870,175.95506945519318,8463
413,42,1368,4,88,2,2,4,4523,0,3,7,4,6,5,0,4,0,1,0,0,0,0,0,0,1,1,0,0,0,0,0,0,0,0,5603320,153.9113320786073,6961
414,24,1448,1,62,3,1,2,3202,1,3,6,4,5,3,1,4,0,0,1,0,0,0,0,0,1,0,0,0,0,0,0,0,0,1,3966799,162.59635176938866,5206
415,34,296,2,33,1,1,3,2351,0,3,3,3,2,2,1,0,0,0,1,0,0,1,0,0,0,0,0,0,0,0,0,0,0,1,2912537,120.75655866277472,2838
416,38,1490,2,42,3,1,4,1702,1,4,1,3,1,0,0,0,0,1,0,0,1,0,0,0,0,0,0,1,0,0,0,0,0,0,2108523,169.6051949698267,2886
417,40,1398,4,79,3,5,3,18041,0,3,21,2,20,15,1,12,0,0,1,0,1,0,0,0,0,0,0,0,1,0,0,0,0,0,22350099,244.54587841088363,44118
418,26,1349,3,90,3,1,4,2886,0,4,3,3,3,2,0,2,0,1,0,0,1,0,0,0,0,0,0,0,0,0,0,1,0,0,3575322,162.00939533125893,4675
419,30,1400,3,53,3,1,4,2097,0,3,9,3,5,3,1,4,0,1,0,0,1,0,0,0,0,0,0,1,0,0,0,0,0,0,2597869,141.13703873786517,2959
420,29,986,4,93,2,3,3,11935,0,3,10,2,10,2,0,7,0,1,0,0,0,0,1,0,0,0,0,0,0,0,1,0,0,0,14785679,176.9345116809934,21117
421,29,408,5,71,2,1,2,2546,0,3,6,2,2,2,1,1,0,1,0,0,0,0,0,0,1,0,0,0,0,0,0,1,0,0,3154113,132.12530673362247,3363
422,19,489,2,52,2,1,4,2564,0,3,1,3,1,0,0,0,1,0,0,0,0,0,0,0,1,0,1,0,0,0,0,0,0,0,3176412,136.07959780526667,3489
423,30,1398,4,69,3,3,1,8412,0,3,10,3,9,8,7,8,0,0,1,0,0,0,0,1,0,0,0,0,0,0,0,0,1,0,10421209,190.73137355013944,16044
424,57,210,3,56,2,4,4,14118,0,3,32,3,1,0,0,0,0,0,1,0,0,1,0,0,0,0,0,0,1,0,0,0,0,0,17490089,185.7181913863487,26219
425,50,1099,4,88,2,4,3,17046,0,3,28,2,27,10,15,7,0,1,0,0,1,0,0,0,0,0,0,0,1,0,0,0,0,0,21117443,242.10999568021506,41270
426,30,1116,3,49,3,1,4,2564,0,3,12,2,11,7,6,7,0,1,0,0,0,0,1,0,0,0,0,1,0,0,0,0,0,0,3176412,163.72927171051154,4198
427,60,1499,3,80,2,3,1,10266,0,3,22,5,18,13,13,11,0,0,1,0,0,1,0,0,0,0,0,0,0,0,0,0,1,0,12718038,197.01167776725296,20225
428,47,983,2,65,3,2,4,5070,0,3,20,2,5,0,0,4,0,1,0,0,0,0,1,0,0,0,0,0,0,1,0,0,0,0,6280971,166.73197319135093,8453
429,46,1009,3,51,3,4,3,17861,0,3,26,2,3,2,0,1,0,1,0,0,1,0,0,0,0,0,0,0,0,0,1,0,0,0,22127106,202.81094608724266,36224
430,35,144,3,46,1,1,3,4230,0,3,6,2,5,4,4,3,0,1,0,0,1,0,0,0,0,0,0,1,0,0,0,0,0,0,5240337,129.03196634668515,5458
431,54,548,4,42,3,2,3,3780,0,3,19,3,1,0,0,0,0,1,0,0,1,0,0,0,0,0,0,1,0,0,0,0,0,0,4682854,141.64847641714442,5354
432,34,1303,4,62,2,1,3,2768,0,3,14,3,7,3,5,7,0,1,0,0,1,0,0,0,0,0,0,0,0,0,0,1,0,0,3429138,136.25757307443678,3771
433,46,1125,3,94,2,3,4,9071,1,3,15,3,3,2,1,2,0,0,1,0,0,1,0,0,0,0,0,0,0,0,0,0,1,0,11237611,170.5830474535455,15473
434,31,1274,1,33,3,3,2,10648,0,4,13,6,13,8,0,8,0,1,0,0,1,0,0,0,0,0,0,0,0,1,0,0,0,0,13191278,225.1949201522721,23978
435,33,1277,1,56,3,3,3,13610,1,3,15,2,7,6,7,7,0,1,0,0,0,0,1,0,0,0,0,0,1,0,0,0,0,0,16860753,192.73392505145293,26231
436,33,587,1,38,1,1,4,3408,0,3,8,2,4,3,1,3,0,1,0,0,0,0,1,0,0,0,0,1,0,0,0,0,0,0,4222002,120.78473412040194,4116
437,30,413,1,57,3,1,2,2983,0,3,4,3,3,2,1,2,0,0,1,0,0,1,0,0,0,0,0,0,0,0,0,0,0,1,3695491,137.8019877531517,4110
438,35,1276,3,72,3,3,3,7632,1,3,10,2,8,7,0,0,0,1,0,0,1,0,0,0,0,1,0,0,0,0,0,0,0,0,9454906,199.75007543573668,15244
439,31,534,3,66,3,3,3,9824,0,3,12,2,1,0,0,0,0,1,0,0,1,0,0,0,0,1,0,0,0,0,0,0,0,0,12170466,171.69686446845395,16867
440,34,988,3,43,3,3,1,9950,1,3,11,2,3,2,0,2,1,0,0,1,0,0,0,0,0,0,1,0,0,0,0,0,0,0,12326561,185.04612559010434,18412
441,42,1474,2,97,3,1,3,2093,0,3,8,4,2,2,2,0,0,1,0,0,0,0,0,1,0,0,0,1,0,0,0,0,0,0,2592914,141.07994868419595,2952
442,36,635,4,32,3,3,4,9980,0,3,10,3,10,3,9,7,0,0,1,0,0,0,1,0,0,0,0,0,0,0,0,0,1,0,12363726,198.40428620002388,19800
443,22,1368,1,99,2,1,3,3894,0,3,4,3,2,2,1,2,0,1,0,0,0,0,0,0,1,0,0,1,0,0,0,0,0,0,4824083,127.7322784543477,4973
444,48,163,5,37,3,2,4,4051,0,3,14,2,9,7,6,7,0,0,1,0,0,1,0,0,0,0,0,0,0,0,0,0,1,0,5018583,168.31958814468436,6818
445,55,1117,5,83,3,4,2,16835,0,4,37,2,10,9,7,7,0,0,1,0,1,0,0,0,0,0,0,0,1,0,0,0,0,0,20856046,240.28145159980406,40451
446,41,267,2,56,3,2,4,6230,0,3,16,3,14,3,1,10,0,0,1,0,1,0,0,0,0,0,0,0,0,0,0,0,1,0,7718038,190.3024647669627,11855
447,35,619,3,85,3,2,3,4717,0,3,15,2,11,9,6,9,0,0,1,0,0,1,0,0,0,0,0,0,0,0,0,0,1,0,5843657,188.371134154747,8885
448,40,302,3,75,3,4,3,13237,0,3,22,3,20,6,5,13,0,1,0,0,1,0,0,0,0,0,0,0,0,1,0,0,0,0,16398662,229.33566428535963,30357
449,39,443,1,48,3,1,3,3755,0,3,8,3,8,3,0,7,0,1,0,0,1,0,0,0,0,0,0,1,0,0,0,0,0,0,4651883,156.68788341676887,5883
450,31,828,1,77,3,2,4,6582,1,3,10,2,6,5,0,5,0,0,1,0,1,0,0,0,0,0,0,0,0,0,0,0,1,0,8154113,180.03740264665407,11850
451,42,319,3,56,3,3,1,7406,1,4,10,5,10,9,5,8,0,1,0,0,0,0,1,0,0,0,0,0,0,1,0,0,0,0,9174926,227.66067401077757,16860
452,45,561,3,61,3,2,2,4805,0,3,9,3,8,7,3,7,0,0,1,0,0,0,0,1,0,0,0,0,0,0,0,0,1,0,5952676,184.8485637670494,8881
453,26,426,4,58,3,1,3,2741,1,3,8,2,7,7,1,0,1,0,0,0,1,0,0,0,0,0,1,0,0,0,0,0,0,0,3395689,154.80209285666731,4243
454,29,232,3,34,3,2,4,4262,0,3,8,2,3,2,1,2,0,1,0,0,0,0,0,0,1,0,0,0,0,1,0,0,0,0,5279980,161.08490697626985,6865
455,33,922,5,95,4,4,3,16184,0,3,10,2,6,1,0,5,0,1,0,0,0,0,1,0,0,0,0,0,0,0,1,0,0,0,20049554,204.42454344011205,33084
456,31,688,3,44,2,3,4,11557,0,4,10,3,5,4,0,1,0,0,1,0,1,0,0,0,0,0,0,0,1,0,0,0,0,0,14317393,196.89906856566205,22755
457,18,1306,3,69,3,1,2,1878,1,3,0,3,0,0,0,0,0,0,1,0,0,1,0,0,0,0,0,0,0,0,0,0,0,1,2326561,139.81610728098016,2625
458,40,1094,3,58,1,3,1,10932,0,3,20,2,1,0,0,1,0,0,1,0,0,0,0,1,0,0,0,0,0,0,0,0,1,0,13543112,151.11367764943446,16519
459,41,509,4,62,2,2,3,6811,1,3,10,3,8,7,0,7,0,1,0,0,0,0,0,1,0,1,0,0,0,0,0,0,0,0,8437810,181.373028078006,12353
460,26,775,2,45,3,2,3,4306,0,3,8,5,0,0,0,0,0,0,1,0,0,0,1,0,0,0,0,0,0,0,0,0,1,0,5334490,155.54825676954368,6697
461,35,195,3,80,3,2,3,4859,0,3,5,3,5,4,0,3,0,0,1,0,0,0,1,0,0,0,0,0,0,0,0,0,1,0,6019574,169.3177668152804,8227
462,34,258,4,74,4,2,4,5337,0,3,10,3,10,7,5,7,0,0,1,0,1,0,0,0,0,0,0,0,0,0,0,0,1,0,6611744,185.08214853799493,9877
463,26,471,3,66,1,1,4,2340,1,3,1,3,1,0,0,0,0,1,0,0,0,0,0,0,1,0,0,1,0,0,0,0,0,0,2898910,134.1013569897662,3137
464,37,799,3,59,3,3,4,7491,0,3,12,3,6,5,1,2,0,1,0,0,0,0,0,0,1,0,0,0,0,1,0,0,0,0,9280228,178.068961454749,13339
465,46,1034,1,86,3,3,3,10527,0,3,28,3,2,2,1,2,0,1,0,0,0,0,1,0,0,1,0,0,0,0,0,0,0,0,13041378,179.64674377882596,18911
466,41,1276,5,91,3,4,1,16595,0,3,22,2,18,16,11,8,0,0,1,0,1,0,0,0,0,0,0,0,1,0,0,0,0,0,20558722,215.64038578081846,35785
467,37,142,4,69,3,3,2,8834,0,3,9,6,9,5,7,7,0,0,1,0,0,0,1,0,0,0,0,0,0,0,0,0,1,0,10944004,198.66876472721532,17550
468,52,956,2,78,3,2,1,5577,1,3,18,3,10,9,6,9,0,1,0,0,0,0,0,0,1,0,0,0,0,0,0,1,0,0,6909068,191.09815372681962,10657
469,32,1474,4,60,4,2,3,4707,0,3,6,2,4,2,1,2,0,0,1,0,0,0,0,1,0,0,0,0,0,0,0,0,1,0,5831269,165.58248181410676,7793
470,24,535,3,38,3,1,4,2400,0,3,3,3,2,2,2,1,0,0,1,0,0,0,1,0,0,0,0,0,0,0,0,0,0,1,2973241,147.2955197173001,3535
471,38,1495,3,76,3,2,3,9824,0,3,18,4,1,0,0,0,0,1,0,0,0,0,1,0,0,1,0,0,0,0,0,0,0,0,12170466,160.85571964090627,15802
472,37,446,4,65,3,2,2,6447,0,3,8,2,6,5,4,3,0,1,0,0,1,0,0,0,0,0,0,0,0,1,0,0,0,0,7986868,168.29811189532725,10850
473,49,1245,4,58,2,5,3,19502,1,3,31,5,31,9,0,9,0,1,0,0,1,0,0,0,0,0,0,0,0,0,1,0,0,0,24160059,289.95569572196825,56547
474,24,691,3,89,4,1,4,2725,1,3,6,3,6,5,1,4,0,1,0,0,0,0,1,0,0,0,0,0,0,0,0,1,0,0,3375867,164.20629984177862,4474
475,26,703,2,66,3,2,2,6272,0,4,6,5,5,3,1,4,0,0,1,0,0,1,0,0,0,0,0,0,0,0,0,0,1,0,7770069,186.7833200076675,11715
476,24,823,2,94,2,1,2,2127,0,4,1,2,1,0,0,0,0,1,0,0,0,0,0,1,0,0,0,1,0,0,0,0,0,0,2635035,146.64950311913364,3119
477,50,1246,3,99,3,5,2,18200,0,3,32,2,32,5,10,7,1,0,0,0,0,0,1,0,0,0,0,0,1,0,0,0,0,0,22547076,276.882596124811,50392
478,25,622,1,40,3,1,3,2096,0,3,7,1,7,4,0,6,0,0,1,0,0,0,1,0,0,0,0,0,0,0,0,0,0,1,2596630,151.54228461873316,3176
479,24,1287,3,55,3,1,3,2886,1,3,6,4,6,3,1,2,0,1,0,0,1,0,0,0,0,0,0,1,0,0,0,0,0,0,3575322,167.2139190169238,4825
480,30,448,4,74,2,1,1,2033,0,3,1,2,1,0,0,0,0,0,1,0,1,0,0,0,0,0,0,0,0,0,0,0,0,1,2518583,144.8059670609887,2943
481,34,254,2,83,2,1,4,3622,1,3,6,3,6,5,1,3,0,1,0,0,1,0,0,0,0,0,0,0,0,0,0,1,0,0,4487116,155.83934600768427,5644
482,31,1365,4,46,3,2,1,4233,0,3,9,2,3,1,1,2,0,0,1,0,0,0,1,0,0,0,0,0,0,0,0,0,1,0,5244054,159.13546231984677,6736
483,35,538,2,54,2,2,4,3681,0,3,9,3,3,2,0,2,0,1,0,0,0,0,0,1,0,0,0,1,0,0,0,0,0,0,4560208,143.65659523533913,5287
484,31,525,4,66,4,2,4,5460,0,4,13,4,7,7,5,7,0,0,1,0,0,0,1,0,0,0,0,0,0,0,0,0,1,0,6764123,200.74976943992633,10960
485,27,798,4,66,2,1,3,2187,0,3,6,5,5,3,0,3,0,1,0,0,0,0,1,0,0,0,0,0,0,0,0,1,0,0,2709366,142.44879776223257,3115
486,37,558,3,75,3,2,3,9602,1,3,17,3,3,0,1,0,0,0,1,0,0,1,0,0,0,0,0,0,0,0,0,0,1,0,11895441,169.07711539647454,16234
487,20,959,3,83,2,1,2,2836,0,3,1,0,1,0,0,0,0,1,0,0,1,0,0,0,0,0,0,0,0,0,0,1,0,0,3513380,135.37363684081006,3839
488,42,622,4,81,3,2,4,4089,0,3,10,4,10,2,2,2,0,1,0,0,1,0,0,0,0,1,0,0,0,0,0,0,0,0,5065659,183.44073886317344,7500
489,43,782,4,50,2,4,4,16627,1,3,21,3,1,0,0,0,0,1,0,0,0,0,0,1,0,0,0,0,0,0,1,0,0,0,20598365,192.48428927901455,32004
490,38,362,1,43,3,1,1,2619,0,3,8,3,0,0,0,0,0,1,0,0,1,0,0,0,0,0,0,0,0,0,0,1,0,0,3244549,137.0783540979442,3590
491,43,1001,5,72,3,2,3,5679,1,3,10,3,8,7,4,7,0,1,0,0,0,0,1,0,0,0,0,1,0,0,0,0,0,0,7035431,176.37045133228247,10016
492,48,1236,4,40,2,4,1,15402,0,3,21,3,3,2,0,2,0,1,0,0,1,0,0,0,0,0,0,0,1,0,0,0,0,0,19080773,186.33277326736382,28698
493,44,1112,4,50,2,2,3,5985,0,3,10,1,2,2,0,2,1,0,0,0,1,0,0,0,0,0,1,0,0,0,0,0,0,0,7414519,133.48375038454648,7989
494,34,204,3,31,3,1,3,2579,1,3,8,3,8,2,0,6,0,0,1,0,0,0,0,0,1,0,0,0,0,0,0,0,0,1,3194995,158.02962228511214,4075
495,27,1420,1,85,3,1,1,3041,0,3,5,3,4,3,0,2,0,0,1,0,0,1,0,0,0,0,0,0,0,0,0,0,0,1,3767344,142.94249262117395,4346
496,21,1343,1,49,3,1,3,3447,0,3,3,2,3,2,1,2,0,0,1,0,0,0,0,0,1,0,0,0,0,0,0,0,0,1,4270317,138.87326241897594,4786
497,44,1315,4,35,3,5,4,19513,1,3,26,2,2,2,0,1,0,1,0,0,0,0,0,1,0,0,0,0,1,0,0,0,0,0,24173687,211.60236303341793,41289
498,22,604,1,69,3,1,3,2773,0,4,3,3,2,2,2,2,0,1,0,0,0,0,1,0,0,0,0,0,0,0,0,1,0,0,3435332,163.90542801967365,4545
499,33,1216,4,39,3,2,3,7104,0,3,6,3,5,0,1,2,0,0,1,0,0,1,0,0,0,0,0,0,0,0,0,0,1,0,8800793,157.34898612152713,11178
500,32,646,4,92,3,2,4,6322,1,3,6,2,6,4,0,5,0,1,0,0,1,0,0,0,0,0,0,0,0,0,0,1,0,0,7832012,169.80824423652518,10735
501,30,160,3,71,3,1,3,2083,0,4,1,2,1,0,0,0,0,1,0,0,0,0,1,0,0,0,0,0,0,0,0,1,0,0,2580525,149.2710002031821,3109
502,53,238,1,34,3,2,1,8381,0,4,18,2,14,7,8,10,0,0,1,0,0,0,1,0,0,0,0,0,0,0,0,0,1,0,10382805,201.43907775644527,16882
503,34,1397,5,42,3,1,4,2691,0,3,10,4,10,9,8,8,0,1,0,0,1,0,0,0,0,0,0,0,0,0,0,1,0,0,3333746,163.4993379422042,4399
504,45,306,4,100,3,2,1,4286,0,3,5,4,1,1,0,0,0,0,1,0,1,0,0,0,0,0,0,0,0,0,0,0,1,0,5309713,165.6484465258671,7099
505,26,991,3,71,3,1,4,2659,1,3,3,2,3,2,0,2,0,1,0,0,1,0,0,0,0,0,0,1,0,0,0,0,0,0,3294103,163.95040352855762,4359
506,37,482,3,36,3,3,3,9434,0,3,10,2,10,7,7,8,0,1,0,0,0,0,0,1,0,0,0,0,0,1,0,0,0,0,11687314,193.68175667432195,18271
507,29,1176,2,62,3,2,3,5561,0,3,6,5,6,0,1,2,0,0,1,0,0,0,1,0,0,0,0,0,0,0,0,0,1,0,6889247,175.82076432456014,9777
508,35,1017,4,82,1,2,4,6646,0,3,17,3,17,11,11,8,0,1,0,0,1,0,0,0,0,0,0,0,0,0,0,1,0,0,8233399,174.6521266471282,11607
509,33,1296,3,30,3,2,4,7725,0,4,15,2,13,11,4,7,0,1,0,0,1,0,0,0,0,1,0,0,0,0,0,0,0,0,9570119,210.88331045974164,16290
510,54,397,4,88,3,3,2,10725,0,3,16,1,9,7,7,1,1,0,0,0,0,0,1,0,0,0,1,0,0,0,0,0,0,0,13286670,193.54715139764403,20757
511,36,913,2,48,2,2,2,8847,1,3,13,2,3,2,0,2,0,1,0,0,0,0,1,0,0,0,0,0,0,1,0,0,0,0,10960109,164.94491922172546,14592
512,27,1115,4,54,2,1,4,2045,0,3,5,0,4,2,1,1,0,1,0,0,0,0,1,0,0,0,0,0,0,0,0,1,0,0,2533449,138.19312309213748,2826
513,20,1362,1,32,3,1,3,1009,1,3,1,5,1,0,1,1,0,1,0,0,0,0,1,0,0,0,0,0,0,0,0,1,0,0,1250000,158.29825481345273,1597
514,33,1076,3,70,3,1,1,3348,1,3,10,3,10,8,9,7,0,1,0,0,1,0,0,0,0,0,0,0,0,0,0,1,0,0,4147671,166.17572008240248,5563
515,35,727,3,41,2,1,3,1281,0,3,1,3,1,0,0,0,0,1,0,0,1,0,0,0,0,0,0,1,0,0,0,0,0,0,1586967,128.6273194413842,1647
516,23,885,3,58,4,1,1,2819,0,3,5,3,3,2,0,2,0,1,0,0,0,0,1,0,0,0,0,0,0,0,0,1,0,0,3492319,163.319354171882,4603
517,25,810,3,57,4,2,2,4851,0,4,4,4,3,2,1,2,0,0,1,0,1,0,0,0,0,0,0,0,0,0,0,0,1,0,6009663,201.95332976605306,9796
518,38,243,4,46,2,2,4,4028,0,4,8,2,7,7,0,5,0,0,1,0,0,1,0,0,0,0,0,0,0,0,0,0,1,0,4990089,191.95190465094757,7731
519,29,806,4,76,1,1,4,2720,0,3,10,5,10,7,2,8,0,1,0,0,1,0,0,0,0,0,0,0,0,0,0,1,0,0,3369673,155.24609028297712,4222
520,48,817,1,56,4,2,2,8120,0,3,12,3,2,2,2,2,0,0,1,0,0,1,0,0,0,0,0,0,0,0,0,0,1,0,10059465,179.51916777507685,14576
521,27,1410,1,71,4,2,4,4647,1,4,6,3,6,5,0,4,0,0,1,0,0,0,1,0,0,0,0,0,0,0,0,0,1,0,5756938,205.90332249564833,9568
522,37,1225,2,80,4,1,4,4680,0,3,4,2,1,0,0,0,0,1,0,0,1,0,0,0,0,0,0,0,0,0,0,1,0,0,5797820,155.0288379213078,7255
523,50,1207,1,74,4,1,3,3221,1,3,20,3,20,8,3,8,0,1,0,0,0,0,1,0,0,0,0,1,0,0,0,0,0,0,3990337,194.55047945242652,6266
524,34,1442,3,46,2,3,2,8621,0,3,9,3,8,7,7,7,0,1,0,0,0,0,1,0,0,1,0,0,0,0,0,0,0,0,10680129,191.56775826450394,16515
525,24,693,2,65,3,2,3,4577,0,3,4,3,2,2,2,0,0,0,1,0,1,0,0,0,0,0,0,0,0,0,0,0,1,0,5670218,160.80235730859653,7359
526,39,408,4,80,2,2,3,4553,0,3,20,4,20,7,11,10,0,1,0,0,0,0,0,0,1,1,0,0,0,0,0,0,0,0,5640486,194.8398473186412,8871
527,32,929,3,55,3,2,4,5396,0,3,10,2,10,7,0,8,0,0,1,0,0,1,0,0,0,0,0,0,0,0,0,0,1,0,6684836,180.6743367620486,9749
528,50,562,2,50,3,2,3,6796,1,3,18,4,4,3,1,3,0,0,1,0,0,0,0,0,1,0,0,0,0,0,0,0,1,0,8419227,164.69823830986132,11192
529,38,827,4,33,4,2,4,7625,0,3,10,4,9,7,1,8,0,1,0,0,1,0,0,0,0,1,0,0,0,0,0,0,0,0,9446234,182.2809567689299,13898
530,27,608,2,68,3,3,1,7412,0,3,9,3,9,7,0,7,0,1,0,0,1,0,0,0,0,0,0,0,0,1,0,0,0,0,9182359,185.22927967989187,13729
531,32,1018,2,39,3,3,4,11159,0,3,10,6,7,7,7,7,0,1,0,0,1,0,0,0,0,0,0,0,0,0,1,0,0,0,13824331,184.26349646779695,20561
532,47,703,4,42,3,2,1,4960,0,3,20,2,7,7,1,7,0,0,1,0,0,1,0,0,0,0,0,0,0,0,0,0,1,0,6144698,168.68025378351518,8366
533,40,580,4,48,2,3,1,10475,1,4,20,2,18,13,1,12,0,0,1,0,1,0,0,0,0,0,0,0,0,0,0,0,1,0,12976957,238.12750356286477,24943
534,53,970,3,59,4,4,3,14814,0,3,32,3,5,1,1,3,0,1,0,0,1,0,0,0,0,0,0,0,0,0,1,0,0,0,18352329,198.34313132112354,29382
535,41,427,4,73,2,5,4,19141,0,3,23,2,21,6,12,6,1,0,0,1,0,0,0,0,0,0,0,0,1,0,0,0,0,0,23712834,259.78283030443623,49725
536,60,1179,4,84,3,2,1,5405,0,3,10,1,2,2,2,2,0,0,1,0,0,1,0,0,0,0,0,0,0,0,0,0,1,0,6695986,158.36943905957858,8559
537,27,294,2,32,3,3,1,8793,0,4,9,4,9,7,1,7,0,1,0,0,1,0,0,0,0,0,0,0,0,1,0,0,0,0,10893211,213.69792312192084,18790
538,41,314,3,59,2,5,3,19189,0,3,22,3,22,7,2,10,1,0,0,1,0,0,0,0,0,0,0,0,1,0,0,0,0,0,23772299,249.67385400059487,47909
539,50,316,4,54,3,1,2,3875,0,3,4,2,2,2,2,2,0,0,1,0,0,1,0,0,0,0,0,0,0,0,0,0,0,1,4800545,140.01474820808636,5425
540,28,654,2,67,1,1,2,2216,1,3,10,4,7,7,3,7,0,1,0,0,1,0,0,0,0,0,0,0,0,0,0,1,0,0,2745292,153.2608686416014,3396
541,36,427,3,63,4,3,1,11713,0,3,10,2,8,7,0,5,0,1,0,0,1,0,0,0,0,0,0,0,0,0,1,0,0,0,14510654,195.45023552260147,22893
542,38,168,3,81,3,3,3,7861,1,3,10,4,1,0,0,0,0,1,0,0,1,0,0,0,0,0,0,0,0,1,0,0,0,0,9738603,171.0970479275373,13449
543,44,381,3,49,1,1,3,3708,0,3,9,5,5,2,1,4,0,1,0,0,0,0,1,0,0,0,0,1,0,0,0,0,0,0,4593657,140.06022029828517,5193
544,47,217,3,49,3,4,3,13770,1,3,28,2,22,2,11,13,0,0,1,0,0,0,1,0,0,0,0,0,0,0,0,0,1,0,17058969,254.85433751374043,35093
545,30,501,5,99,3,2,4,5304,0,4,10,2,8,7,7,7,0,0,1,0,0,1,0,0,0,0,0,0,0,0,0,0,1,0,6570862,187.7039115362649,9955
546,29,1396,3,99,3,1,3,2642,0,3,1,6,1,0,0,0,0,0,1,0,1,0,0,0,0,0,0,0,0,0,0,0,0,1,3273043,129.05744171132184,3409
547,42,933,3,57,4,1,3,2759,1,3,7,2,2,2,2,2,0,1,0,0,0,0,1,0,0,0,0,0,0,0,0,1,0,0,3417988,146.38460676555957,4038
548,43,775,3,47,2,2,4,6804,0,3,7,5,2,2,2,2,0,0,1,0,1,0,0,0,0,0,0,0,0,0,0,0,1,0,8429138,142.96200498487178,9727
549,34,970,2,96,3,2,3,6142,0,3,10,2,5,1,4,3,0,1,0,0,0,0,1,0,0,1,0,0,0,0,0,0,0,0,7609019,172.47204428386863,10593
550,23,650,1,37,3,1,1,2500,0,3,5,2,4,3,0,2,0,1,0,0,0,0,1,0,0,0,0,1,0,0,0,0,0,0,3097126,147.53161032100286,3688
551,39,141,3,44,4,2,2,6389,0,3,12,3,8,3,3,6,1,0,0,1,0,0,0,0,0,0,1,0,0,0,0,0,0,0,7915015,177.6449617420345,11349
552,56,832,3,81,3,4,4,11103,0,3,30,1,10,7,1,1,0,1,0,0,0,0,1,0,0,1,0,0,0,0,0,0,0,0,13754955,218.02464748444044,24207
553,40,804,1,86,2,1,4,2342,1,4,5,2,4,2,2,3,0,1,0,0,0,0,1,0,0,0,0,0,0,0,0,1,0,0,2901388,167.062679987806,3912
554,27,975,3,55,2,2,1,6811,0,3,9,2,7,6,0,7,0,1,0,0,0,0,1,0,0,1,0,0,0,0,0,0,0,0,8437810,166.19002552493077,11319
555,29,1090,3,83,3,1,2,2297,0,3,2,2,2,2,2,2,0,0,1,0,0,1,0,0,0,0,0,0,0,0,0,0,0,1,2845639,135.38106269029157,3109
556,53,346,3,86,3,2,4,2450,0,3,19,4,2,2,2,2,0,1,0,0,1,0,0,0,0,0,0,1,0,0,0,0,0,0,3035183,170.20631629597398,4170
557,35,1225,4,61,3,2,1,5093,0,3,16,2,1,0,0,0,0,1,0,0,1,0,0,0,0,1,0,0,0,0,0,0,0,0,6309465,165.34376593277864,8420
558,32,430,4,80,3,2,4,5309,0,3,10,2,10,8,4,7,0,1,0,0,1,0,0,0,0,0,0,1,0,0,0,0,0,0,6577056,175.59521378808242,9322
559,38,268,5,92,3,1,3,3057,1,3,6,0,1,0,0,1,0,1,0,0,0,0,1,0,0,0,0,0,0,0,0,1,0,0,3787166,145.19237170942037,4438
560,34,167,5,32,3,2,1,5121,0,3,7,3,0,0,0,0,0,1,0,0,1,0,0,0,0,0,0,0,0,1,0,0,0,0,6344153,162.72167265460462,8332
561,52,621,4,31,2,4,1,16856,0,3,34,3,34,6,1,16,0,0,1,0,0,1,0,0,0,0,0,0,1,0,0,0,0,0,20882061,251.1685339222069,42336
562,33,527,4,63,3,1,4,2686,1,3,10,2,10,9,7,8,0,1,0,0,0,0,0,1,0,0,0,0,0,0,0,1,0,0,3327552,174.47987356190995,4686
563,25,883,1,32,3,2,4,6180,0,4,6,5,6,5,1,4,0,0,1,0,0,0,1,0,0,0,0,0,0,0,0,0,1,0,7656095,179.6747180300434,11103
564,45,954,2,46,1,2,3,6632,0,3,9,3,8,7,3,1,0,0,1,0,0,0,0,0,1,0,0,0,0,0,0,0,0,1,8216056,165.3609545460072,10966
565,23,310,1,79,4,1,3,3505,0,3,2,3,2,2,0,2,0,1,0,0,0,0,1,0,0,0,0,0,0,0,0,1,0,0,4342170,138.39333382422944,4850
566,47,719,2,77,4,2,3,6397,1,3,8,2,5,4,1,3,0,0,1,0,1,0,0,0,0,0,0,0,0,0,0,0,1,0,7924926,176.08872563741608,11264
567,34,304,3,60,3,2,4,6274,0,4,6,5,6,5,1,4,0,0,1,0,0,0,0,1,0,0,0,0,0,0,0,0,1,0,7772547,187.8079633836948,11783
568,55,725,3,78,3,5,1,19859,1,3,24,2,5,2,1,4,0,1,0,0,0,0,1,0,0,0,0,0,1,0,0,0,0,0,24602329,227.3564249201006,45150
569,36,1434,4,76,2,3,1,7587,0,3,10,1,10,7,0,9,0,0,1,0,1,0,0,0,0,0,0,0,0,0,0,0,1,0,9399158,172.7287761527845,13104
570,52,715,4,41,3,1,4,4258,0,3,5,3,4,3,1,2,0,1,0,0,0,0,1,0,0,0,0,0,0,0,0,1,0,0,5275025,156.923193475159,6681
571,26,575,2,71,1,1,4,4364,0,3,5,2,2,2,2,0,0,1,0,0,1,0,0,0,0,0,0,1,0,0,0,0,0,0,5406343,132.62243916296651,5787
572,29,657,3,66,3,2,3,4335,0,3,11,3,8,7,1,1,0,1,0,0,0,0,1,0,0,1,0,0,0,0,0,0,0,0,5370416,175.36882990055975,7602
573,26,1146,3,38,2,2,1,5326,0,3,6,2,4,3,1,2,0,0,1,0,0,0,0,0,1,0,0,0,0,0,0,0,1,0,6598117,158.7884204271135,8457
574,34,182,4,72,4,1,4,3280,0,3,10,2,4,2,1,3,0,1,0,0,1,0,0,0,0,0,0,0,0,0,0,1,0,0,4063429,157.05776457120749,5151
575,54,376,4,95,3,2,1,5485,1,3,9,4,5,3,1,4,0,1,0,0,0,0,1,0,0,0,0,0,0,1,0,0,0,0,6795094,157.9610746321818,8664
576,27,829,1,84,3,2,4,4342,0,3,5,3,4,2,1,1,0,0,1,0,0,1,0,0,0,0,0,0,0,0,0,0,1,0,5379088,165.12522487494957,7169
577,37,571,1,82,3,1,1,2782,1,3,6,3,5,3,4,3,0,1,0,0,1,0,0,0,0,0,0,0,0,0,0,1,0,0,3446482,155.46770051903968,4325
578,38,240,4,75,4,2,1,5980,1,3,17,2,15,7,4,12,0,1,0,0,1,0,0,0,0,0,0,0,0,1,0,0,0,0,7408325,203.26127339711437,12155
579,34,121,4,86,2,1,1,4381,0,3,6,3,6,5,1,3,0,1,0,0,0,0,1,0,0,0,0,0,0,0,0,1,0,0,5427403,135.86942171862407,5952
580,35,384,4,72,3,1,4,2572,0,3,3,1,3,2,0,2,0,0,1,0,1,0,0,0,0,0,0,0,0,0,0,0,0,1,3186323,143.43906877513976,3689
581,30,921,3,38,1,1,3,3833,0,4,7,2,2,2,0,2,0,1,0,0,1,0,0,0,0,0,0,1,0,0,0,0,0,0,4748513,130.91551706493186,5017
582,40,791,2,38,4,2,2,4244,0,4,8,2,8,7,3,7,0,1,0,0,0,0,1,0,0,1,0,0,0,0,0,0,0,0,5257681,201.8143974571619,8565
583,34,1111,2,93,3,2,1,6500,0,3,6,1,3,2,1,2,0,0,1,0,1,0,0,0,0,0,0,0,0,0,0,0,1,0,8052527,154.099612019647,10016
584,42,570,3,66,3,5,4,18430,0,3,24,4,24,7,14,9,0,1,0,0,1,0,0,0,0,0,0,0,1,0,0,0,0,0,22832012,268.84533352651107,49548
585,23,1243,3,63,4,1,1,1601,1,4,1,2,0,0,0,0,0,1,0,0,1,0,0,0,0,0,0,1,0,0,0,0,0,0,1983399,162.51810231997018,2601
586,24,1092,3,60,2,1,2,2694,0,3,1,4,1,0,0,0,0,1,0,0,1,0,0,0,0,0,0,1,0,0,0,0,0,0,3337463,140.7703440516274,3792
587,52,1325,4,82,3,2,3,3149,0,4,9,3,5,2,1,4,0,1,0,0,1,0,0,0,0,0,0,1,0,0,0,0,0,0,3901140,177.02428257653202,5574
588,50,691,3,64,3,4,3,17639,0,3,30,3,4,3,0,3,0,1,0,0,0,0,1,0,0,0,0,0,0,0,1,0,0,0,21852081,190.7431532587393,33645
589,29,805,2,36,2,1,1,2319,1,3,1,1,1,0,0,0,0,1,0,0,1,0,0,0,0,0,0,1,0,0,0,0,0,0,2872894,131.38843196685121,3046
590,33,213,3,49,3,3,3,11691,0,3,14,3,13,9,3,7,0,1,0,0,0,0,1,0,0,0,0,0,0,0,1,0,0,0,14483399,204.2553918382298,23879
591,33,118,3,69,3,2,1,5324,0,3,6,3,3,2,0,2,0,0,1,0,0,1,0,0,0,0,0,0,0,0,0,0,1,0,6595639,159.74252384903778,8504
592,47,202,2,33,3,4,4,16752,1,3,26,3,26,14,3,0,0,1,0,0,0,0,0,1,0,0,0,0,1,0,0,0,0,0,20753221,264.7816931265171,44356
593,36,676,3,35,3,2,2,5228,0,3,10,2,9,7,0,5,0,1,0,0,0,0,0,1,0,0,0,0,0,1,0,0,0,0,6476710,190.155367216223,9941
594,29,1252,2,81,4,1,3,2700,0,4,10,3,10,7,0,7,0,1,0,0,1,0,0,0,0,0,0,0,0,0,0,1,0,0,3344896,190.53756253537003,5144
595,58,286,4,31,3,5,2,19246,1,3,40,2,31,15,13,8,0,1,0,0,1,0,0,0,0,0,0,0,0,0,1,0,0,0,23842914,296.9238581056026,57145
596,35,1258,4,40,4,1,3,2506,0,3,7,0,2,2,2,2,0,1,0,0,1,0,0,0,0,0,0,0,0,0,0,1,0,0,3104559,155.0848104068385,3886
597,42,932,2,43,2,2,4,6062,1,3,8,4,4,3,0,2,0,1,0,0,1,0,0,0,0,0,0,0,0,1,0,0,0,0,7509911,159.45273247761395,9666
598,28,890,4,46,3,1,3,4382,0,3,5,3,2,2,2,1,0,1,0,0,0,0,1,0,0,0,0,0,0,0,0,1,0,0,5428642,143.05817371937474,6268
599,36,1041,3,36,3,1,2,2143,0,3,8,2,5,2,0,4,1,0,0,1,0,0,0,0,0,0,1,0,0,0,0,0,0,0,2654856,153.72409222357246,3294
600,32,859,3,98,2,2,3,6162,0,3,14,3,14,13,6,8,0,1,0,0,1,0,0,0,0,0,0,0,0,1,0,0,0,0,7633796,167.61532006372033,10328
601,40,720,4,51,2,2,3,5094,0,3,10,6,1,0,0,0,0,1,0,0,0,0,1,0,0,0,0,1,0,0,0,0,0,0,6310704,141.31850109232934,7198
602,30,946,3,52,2,2,4,6877,1,4,12,4,0,0,0,0,0,1,0,0,0,0,1,0,0,0,0,0,0,1,0,0,0,0,8519574,175.35916487189454,12059
603,45,252,3,95,2,1,3,2274,0,3,1,3,1,0,0,0,0,1,0,0,1,0,0,0,0,0,0,0,0,0,0,1,0,0,2817146,118.66003105113427,2698
604,42,933,3,98,3,2,2,4434,0,3,10,3,9,8,7,8,0,1,0,0,1,0,0,0,0,0,0,0,0,1,0,0,0,0,5493062,171.20300186843286,7591
605,38,471,3,45,2,2,1,6288,0,3,13,3,4,3,1,2,0,1,0,0,1,0,0,0,0,1,0,0,0,0,0,0,0,0,7789891,148.90412129009295,9363
606,34,702,4,100,2,1,4,2553,0,3,6,3,5,2,1,3,0,1,0,0,1,0,0,0,0,0,0,0,0,0,0,1,0,0,3162785,128.9556148962411,3292
607,49,1184,3,43,3,3,4,7654,0,3,9,3,9,8,7,7,0,0,1,0,0,1,0,0,0,0,0,0,0,0,0,0,1,0,9482161,189.58142789765617,14510
608,55,436,1,37,3,2,4,5160,0,3,12,3,9,7,7,3,0,0,1,0,0,0,1,0,0,0,0,0,0,0,0,0,1,0,6392468,172.70182226882864,8911
609,43,589,2,94,3,4,1,17159,0,4,22,3,4,1,1,0,0,1,0,0,1,0,0,0,0,0,0,0,0,0,1,0,0,0,21257433,223.790847027245,38400
610,27,269,1,42,2,3,4,12808,1,3,9,3,9,8,0,8,0,1,0,0,0,0,0,0,1,0,0,0,0,0,1,0,0,0,15867195,179.99910442855,23054
611,35,950,3,59,3,3,3,10221,0,4,17,3,8,5,1,6,0,1,0,0,0,0,0,1,0,0,0,0,0,1,0,0,0,0,12662289,212.8333174365934,21753
612,28,760,4,81,3,2,2,4779,1,4,8,2,8,7,7,5,0,0,1,0,0,1,0,0,0,0,0,0,0,0,0,0,1,0,5920466,193.45862467132403,9245
613,34,829,2,88,3,1,4,3737,0,3,4,1,3,2,0,2,1,0,0,1,0,0,0,0,0,0,1,0,0,0,0,0,0,0,4629584,147.59232783692622,5515
614,26,887,2,88,2,1,3,2366,1,3,8,2,8,7,1,7,0,1,0,0,0,0,1,0,0,0,0,0,0,0,0,1,0,0,2931120,155.44091247231353,3677
615,27,443,3,50,3,1,4,1706,0,3,0,6,0,0,0,0,0,1,0,0,0,0,1,0,0,0,0,0,0,0,0,1,0,0,2113479,132.74192686408895,2264
616,51,1318,4,66,3,4,3,16307,0,3,29,2,20,6,4,17,0,0,1,0,0,1,0,0,0,0,0,0,1,0,0,0,0,0,20201933,234.5947645121563,38255
617,44,625,3,50,3,2,2,5933,0,3,10,2,5,2,2,3,0,1,0,0,0,0,1,0,0,1,0,0,0,0,0,0,0,0,7350099,161.71415681217653,9594
618,25,180,1,65,4,1,1,3424,0,3,6,3,4,3,0,1,0,1,0,0,0,0,1,0,0,0,0,0,0,0,0,1,0,0,4241824,146.2189109228803,5006
619,33,586,3,48,4,2,1,4037,0,4,9,5,9,8,0,8,0,0,1,0,0,0,1,0,0,0,0,0,0,0,0,0,1,0,5001239,199.58500575216473,8057
620,35,1343,1,53,2,1,1,2559,0,3,6,3,6,5,1,1,0,1,0,0,0,0,1,0,0,0,0,0,0,0,0,1,0,0,3170218,144.76754818140478,3704
621,36,928,2,56,3,2,4,6201,1,3,18,1,18,14,4,11,0,0,1,0,1,0,0,0,0,0,0,0,0,0,0,0,1,0,7682111,199.57204698930136,12375
622,32,117,4,73,3,2,4,4403,0,3,8,3,5,2,0,3,0,0,1,0,1,0,0,0,0,0,0,0,0,0,0,0,1,0,5454658,170.6668720153984,7514
623,30,1012,4,75,2,1,4,3761,0,3,10,3,5,4,0,3,0,1,0,0,1,0,0,0,0,0,0,0,0,0,0,1,0,0,4659316,142.1464376530481,5346
624,53,661,2,78,2,3,4,10934,1,3,35,3,5,2,0,4,0,0,1,0,0,1,0,0,0,0,0,0,0,0,0,0,1,0,13545590,185.4900440540673,20281
625,45,930,3,74,3,3,1,10761,1,3,18,2,5,4,0,2,0,0,1,0,0,1,0,0,0,0,0,0,0,0,0,0,1,0,13331269,201.2168958179272,21652
626,32,638,2,91,4,2,3,5175,0,3,9,3,5,3,1,3,0,1,0,0,0,0,1,0,0,0,0,0,0,0,0,1,0,0,6411051,164.46246972632622,8510
627,52,890,4,81,2,4,4,13826,0,4,31,3,9,8,0,0,0,1,0,0,0,0,1,0,0,0,0,0,0,1,0,0,0,0,17128345,228.9798439662745,31658
628,37,342,4,66,2,2,3,6334,0,3,9,2,1,0,0,0,0,0,1,0,0,1,0,0,0,0,0,0,0,0,0,0,1,0,7846878,146.23383949208383,9262
629,28,1169,2,63,2,1,4,4936,0,3,6,6,5,1,0,4,1,0,0,0,0,0,1,0,0,0,1,0,0,0,0,0,0,0,6114965,147.5706713343684,7284
630,22,1230,2,33,2,2,4,4775,0,4,4,2,2,2,2,2,0,1,0,0,1,0,0,0,0,0,0,0,0,1,0,0,0,0,5915510,176.6976951682409,8437
631,44,986,4,62,4,1,4,2818,1,4,10,2,3,2,0,2,0,1,0,0,1,0,0,0,0,0,0,1,0,0,0,0,0,0,3491080,180.66698263584775,5091
632,42,1271,1,35,3,1,4,2515,1,3,8,2,2,1,2,2,0,1,0,0,0,0,1,0,0,0,0,0,0,0,0,1,0,0,3115709,150.69683367522256,3790
633,36,1278,3,77,2,1,1,2342,0,4,6,3,5,4,0,3,1,0,0,0,1,0,0,0,0,0,1,0,0,0,0,0,0,0,2901388,157.51630878558424,3689
634,25,141,1,98,3,2,1,4194,1,3,5,3,5,3,0,3,0,0,1,0,0,0,0,1,0,0,0,0,0,0,0,0,1,0,5195738,171.30568222737477,7184
635,35,607,3,66,2,3,3,10685,1,4,17,2,17,14,5,15,0,1,0,0,1,0,0,0,0,0,0,0,0,1,0,0,0,0,13237116,230.36747375117915,24614
636,35,130,4,96,3,1,2,2022,1,3,10,3,10,2,7,8,0,1,0,0,1,0,0,0,0,0,0,0,0,0,0,1,0,0,2504955,183.87826202376206,3718
637,32,300,3,61,3,1,4,2314,0,3,4,2,3,0,0,2,0,1,0,0,1,0,0,0,0,0,0,1,0,0,0,0,0,0,2866700,143.5886010913749,3322
638,25,583,1,87,2,2,1,4256,0,3,5,1,5,2,0,3,0,0,1,0,0,1,0,0,0,0,0,0,0,0,0,0,1,0,5272547,152.56388643151396,6493
639,49,1418,3,36,3,1,1,3580,0,3,7,2,4,2,0,2,0,1,0,0,0,0,0,0,1,0,0,0,0,0,0,1,0,0,4435084,155.67902894539372,5573
640,24,1269,1,46,2,1,4,3162,0,3,6,2,5,2,3,4,0,1,0,0,1,0,0,0,0,0,0,1,0,0,0,0,0,0,3917245,128.52607319481368,4063
641,32,379,2,48,3,2,2,6524,0,3,10,3,10,8,5,3,0,0,1,0,1,0,0,0,0,0,0,0,0,0,0,0,1,0,8082260,176.6574114293361,11525
642,38,395,3,98,2,1,2,2899,0,3,3,3,2,2,1,2,0,0,1,0,0,1,0,0,0,0,0,0,0,0,0,0,0,1,3591427,136.3053985161605,3951
643,42,1265,3,95,4,2,4,5231,1,3,17,1,5,3,1,3,0,1,0,0,1,0,0,0,0,0,0,1,0,0,0,0,0,0,6480426,177.21192476872017,9269
644,31,1222,4,48,3,1,4,2356,1,3,8,2,6,4,0,2,0,1,0,0,1,0,0,0,0,0,0,0,0,0,0,1,0,0,2918731,153.96502638861907,3627
645,29,341,3,48,2,1,3,2800,1,3,5,3,3,2,0,2,0,0,1,0,0,0,1,0,0,0,0,0,0,0,0,0,0,1,3468781,136.0793988419125,3810
646,53,868,3,73,3,4,4,11836,0,3,28,3,2,0,2,2,0,0,1,0,0,1,0,0,0,0,0,0,0,0,0,0,1,0,14663033,193.77548724102434,22935
647,35,672,3,78,2,3,2,10903,0,3,16,2,13,10,4,8,0,1,0,0,0,0,0,0,1,0,0,0,0,1,0,0,0,0,13507185,197.67099308564946,21552
648,37,1231,2,54,3,1,4,2973,0,3,10,3,5,4,0,0,0,0,1,0,0,0,1,0,0,0,0,0,0,0,0,0,0,1,3683102,153.62115415894453,4567
649,53,102,4,72,3,4,4,14275,0,3,33,0,12,9,3,8,0,1,0,0,1,0,0,0,0,0,0,0,0,0,1,0,0,0,17684589,213.31765631408146,30451
650,43,422,3,33,3,2,4,5562,0,3,12,2,5,2,2,2,0,1,0,0,1,0,0,0,0,1,0,0,0,0,0,0,0,0,6890486,155.4251149474286,8644
651,47,249,2,35,3,2,4,4537,1,4,8,2,7,6,7,7,0,0,1,0,0,1,0,0,0,0,0,0,0,0,0,0,1,0,5620664,202.11506068877512,9169
652,37,1252,2,32,3,3,2,7642,1,3,10,2,10,0,0,9,0,0,1,0,0,0,1,0,0,0,0,0,0,0,0,0,1,0,9467294,201.82571143294558,15423
653,50,881,4,98,3,4,1,17924,0,3,31,3,31,6,14,7,0,1,0,0,1,0,0,0,0,0,0,0,1,0,0,0,0,0,22205154,268.53654632648795,48132
654,39,1383,3,42,2,2,4,5204,0,3,13,2,5,4,0,4,1,0,0,0,1,0,0,0,0,0,1,0,0,0,0,0,0,0,6446977,145.9397733815203,7594
655,33,1075,2,57,3,1,2,2277,1,3,7,4,4,3,0,3,1,0,0,1,0,0,0,0,0,0,1,0,0,0,0,0,0,0,2820862,156.56115236707146,3564
656,32,374,4,87,3,1,4,2795,1,4,1,2,1,0,0,1,0,1,0,0,1,0,0,0,0,0,0,1,0,0,0,0,0,0,3462587,147.27324323100166,4116
657,29,1086,1,62,2,1,4,2532,0,3,8,5,4,3,0,3,0,1,0,0,0,0,1,0,0,0,0,1,0,0,0,0,0,0,3136769,132.36290542236614,3351
658,44,661,2,61,3,1,1,2559,1,3,8,0,8,7,7,1,0,1,0,0,1,0,0,0,0,0,0,0,0,0,0,1,0,0,3170218,175.3391986706586,4486
659,28,821,4,98,3,2,4,4908,0,3,4,3,4,2,0,2,0,0,1,0,0,0,1,0,0,0,0,0,0,0,0,0,1,0,6080278,150.24228784355196,7373
660,58,781,1,57,2,1,4,2380,1,3,3,3,1,0,0,0,0,1,0,0,1,0,0,0,0,0,0,1,0,0,0,0,0,0,2948464,144.44207048187496,3437
661,43,177,3,55,3,2,2,4765,0,4,4,2,1,0,0,0,0,1,0,0,1,0,0,0,0,0,0,0,0,1,0,0,0,0,5903122,179.84693843004047,8569
662,20,500,3,49,2,1,3,2044,0,3,2,3,2,2,0,2,0,0,1,0,0,0,1,0,0,0,0,0,0,0,0,0,0,1,2532210,130.54899815455508,2668
663,21,1427,1,65,3,1,4,2693,0,3,1,3,1,0,0,0,0,1,0,0,0,0,0,1,0,0,0,0,0,0,0,1,0,0,3336224,143.47331797086602,3863
664,36,1425,1,68,3,2,4,6586,1,3,17,2,16,8,4,11,0,1,0,0,1,0,0,0,0,1,0,0,0,0,0,0,0,0,8159068,206.83926719555734,13622
665,47,1454,4,65,2,1,4,3294,1,3,3,3,3,2,1,2,0,0,1,0,1,0,0,0,0,0,0,0,0,0,0,0,0,1,4080773,144.07186831000175,4745
666,22,617,1,34,3,2,3,4171,1,3,4,3,3,2,0,2,0,1,0,0,1,0,0,0,0,0,0,0,0,1,0,0,0,0,5167245,172.25951009380586,7184
667,41,1085,4,57,1,1,4,2778,1,3,10,1,7,7,1,0,0,1,0,0,1,0,0,0,0,0,0,1,0,0,0,0,0,0,3441526,154.3656681292898,4288
668,28,995,3,77,3,1,3,2377,0,3,6,2,2,2,2,2,0,1,0,0,0,0,1,0,0,0,0,0,0,0,0,1,0,0,2944747,144.54213737246522,3435
669,39,1122,3,70,3,1,1,2404,1,4,8,2,2,2,2,2,0,1,0,0,0,0,1,0,0,0,0,1,0,0,0,0,0,0,2978196,156.9543235664155,3773
670,27,618,3,76,3,1,3,2318,0,3,1,2,1,1,0,0,0,1,0,0,1,0,0,0,0,0,0,0,0,0,0,1,0,0,2871655,127.28194616696676,2950
671,34,546,3,83,3,1,2,2008,0,3,1,3,1,0,1,0,0,1,0,0,1,0,0,0,0,0,0,1,0,0,0,0,0,0,2487611,146.0988721150324,2933
672,42,462,2,68,2,2,3,6244,0,3,10,6,5,4,0,3,0,0,1,0,0,0,1,0,0,0,0,0,0,0,0,0,1,0,7735382,149.54389170791043,9337
673,33,1198,4,100,2,1,1,2799,1,3,6,1,3,2,0,2,0,1,0,0,0,0,0,1,0,0,0,0,0,0,0,1,0,0,3467542,144.34142467667064,4040
674,58,1272,3,37,2,3,2,10552,1,3,24,3,6,0,0,4,0,1,0,0,0,0,0,0,1,1,0,0,0,0,0,0,0,0,13072349,182.95988525426162,19305
675,31,154,4,41,2,1,3,2329,0,3,13,2,7,7,5,2,0,0,1,0,1,0,0,0,0,0,0,0,0,0,0,0,0,1,2885282,145.07985167997668,3378
676,35,1137,1,51,3,2,4,4014,1,4,10,2,10,6,0,7,0,1,0,0,1,0,0,0,0,1,0,0,0,0,0,0,0,0,4972745,209.74093554533556,8419
677,49,527,2,51,3,3,2,7403,0,3,29,3,26,9,1,7,0,1,0,0,0,0,0,1,0,0,0,1,0,0,0,0,0,0,9171209,233.87892257930574,17314
678,48,1469,4,51,3,1,3,2259,0,3,13,2,0,0,0,0,0,1,0,0,0,0,1,0,0,0,0,0,0,0,0,1,0,0,2798563,137.84498492194436,3113
679,31,1188,2,45,3,2,3,6932,0,3,9,2,9,8,0,0,0,0,1,0,0,1,0,0,0,0,0,0,0,0,0,0,1,0,8587711,184.7563141859324,12807
680,36,188,4,65,3,1,4,4678,0,3,8,6,6,2,0,1,0,1,0,0,0,0,0,1,0,0,0,0,0,0,0,1,0,0,5795342,156.78119801829823,7334
681,38,1333,3,80,3,3,1,13582,0,3,15,3,15,12,5,11,0,1,0,0,0,0,0,0,1,0,0,0,0,0,1,0,0,0,16826065,183.7404933604313,24955
682,32,1184,3,70,2,1,2,2332,0,4,5,3,3,0,0,2,0,1,0,0,1,0,0,0,0,0,0,1,0,0,0,0,0,0,2888999,163.32175928278184,3808
683,25,867,2,36,2,1,2,2413,1,3,1,2,1,0,0,0,0,0,1,0,0,1,0,0,0,0,0,0,0,0,0,0,0,1,2989346,135.1832370081953,3261
684,40,658,4,67,2,3,2,9705,0,3,11,2,1,0,0,0,0,0,1,0,0,1,0,0,0,0,0,0,0,0,0,0,1,0,12023043,155.65169330998052,15105
685,26,1283,3,52,2,2,1,4294,0,3,7,2,7,7,0,7,0,0,1,0,0,0,1,0,0,0,0,0,0,0,0,0,1,0,5319623,164.48618053216728,7063
686,41,263,3,59,3,1,1,4721,1,3,20,3,18,13,2,17,0,1,0,0,0,0,1,0,0,0,0,1,0,0,0,0,0,0,5848612,183.73623466570655,8674
687,36,938,4,79,3,1,3,2519,0,4,16,6,11,8,3,9,0,1,0,0,0,0,1,0,0,0,0,1,0,0,0,0,0,0,3120664,181.0260188096514,4560
688,19,419,3,37,2,1,2,2121,1,3,1,3,1,0,0,0,0,0,1,0,0,0,0,1,0,0,0,0,0,0,0,0,0,1,2627602,161.8262448577204,3432
689,20,129,3,84,3,1,1,2973,0,3,1,2,1,0,0,0,0,1,0,0,0,0,0,0,1,0,0,1,0,0,0,0,0,0,3683102,136.22419444051675,4049
690,31,616,3,41,3,2,4,5855,1,3,10,2,9,7,8,5,0,1,0,0,0,0,1,0,0,1,0,0,0,0,0,0,0,0,7253469,194.10976814998563,11365
691,40,1469,4,35,3,1,2,3617,1,3,3,2,1,1,0,0,0,1,0,0,0,0,1,0,0,0,0,0,0,0,0,1,0,0,4480922,157.69389186531743,5703
692,32,498,4,93,3,2,1,6725,0,3,8,2,8,7,6,3,0,1,0,0,0,0,1,0,0,0,0,0,0,1,0,0,0,0,8331269,165.61045185947927,11137
693,36,530,1,51,2,3,4,10325,1,3,16,6,16,7,3,7,0,0,1,0,1,0,0,0,0,0,0,0,0,0,0,0,1,0,12791130,206.79765283049696,21351
694,33,1069,3,42,2,2,4,6949,0,3,6,3,5,0,1,4,0,1,0,0,1,0,0,0,0,1,0,0,0,0,0,0,0,0,8608771,150.20322258530686,10437
695,37,625,4,46,2,3,3,10609,0,3,17,2,14,1,11,7,0,0,1,0,1,0,0,0,0,0,0,0,0,0,0,0,1,0,13142963,190.30232791061422,20189
696,45,805,2,57,3,2,2,4447,0,3,9,5,9,7,0,8,0,1,0,0,1,0,0,0,0,0,0,1,0,0,0,0,0,0,5509167,182.0810348603632,8097
697,29,1404,3,84,3,1,4,2157,0,3,3,5,3,1,0,2,0,0,1,0,0,0,0,0,1,0,0,0,0,0,0,0,0,1,2672200,142.04494021987483,3063
698,35,1219,3,86,3,2,3,4601,0,3,5,3,5,2,1,0,0,0,1,0,0,0,1,0,0,0,0,0,0,0,0,0,1,0,5699950,156.1355581983019,7183
699,52,1053,2,70,3,4,4,17099,0,3,26,2,9,8,7,8,0,1,0,0,1,0,0,0,0,0,0,0,1,0,0,0,0,0,21183102,209.006673912588,35738
700,58,289,3,51,3,1,3,2479,0,4,7,4,1,0,0,0,0,1,0,0,0,0,0,0,1,0,0,0,0,0,0,1,0,0,3071110,153.38866876561693,3802
701,53,1376,2,45,3,4,3,14852,0,3,22,3,17,13,15,2,0,0,1,0,0,0,1,0,0,0,0,0,1,0,0,0,0,0,18399405,226.6402299177212,33660
702,30,231,2,62,3,3,3,7264,0,3,10,2,8,4,7,7,0,0,1,0,0,0,0,1,0,0,0,0,0,0,0,0,1,0,8999009,183.5182766650575,13330
703,38,152,3,85,3,2,4,5666,1,3,6,1,5,3,1,3,0,0,1,0,0,0,0,0,1,0,0,0,0,0,0,0,1,0,7019326,189.0542502243561,10711
704,35,882,4,92,3,3,4,7823,0,3,12,2,10,9,0,8,0,0,1,0,1,0,0,0,0,0,0,0,0,0,0,0,1,0,9691526,190.1265269687574,14873
705,39,903,5,41,4,3,3,7880,0,3,9,3,8,7,0,7,0,0,1,0,1,0,0,0,0,0,0,0,0,0,0,0,1,0,9762141,188.11273142251562,14823
706,40,1479,3,100,4,4,2,13194,1,3,22,2,1,0,0,0,0,0,1,0,1,0,0,0,0,0,0,0,0,0,0,0,1,0,16345391,217.5317180800591,28701
707,47,1379,4,64,4,2,3,5067,1,3,20,3,19,10,2,7,0,1,0,0,0,0,1,0,0,0,0,0,0,1,0,0,0,0,6277255,219.1183405201907,11102
708,36,1229,4,84,3,2,4,5079,0,3,12,3,7,7,0,7,0,0,1,0,0,0,0,0,1,0,0,0,0,0,0,0,1,0,6292121,159.8550363369038,8119
709,31,335,2,46,2,1,1,2321,1,4,4,0,3,2,1,2,0,1,0,0,0,0,1,0,0,0,0,0,0,0,0,1,0,0,2875372,150.4598389961067,3492
710,33,722,3,38,3,4,3,17444,0,3,10,2,10,8,6,0,0,0,1,0,1,0,0,0,0,0,0,0,1,0,0,0,0,0,21610505,205.70437096949303,35883
711,29,906,3,92,2,1,1,2404,1,4,3,5,0,0,0,0,0,1,0,0,1,0,0,0,0,0,0,0,0,0,0,1,0,0,2978196,152.3124522552839,3661
712,33,461,1,53,3,1,4,3452,0,3,5,4,3,2,0,2,0,1,0,0,1,0,0,0,0,0,0,0,0,0,0,1,0,0,4276511,144.4532255184558,4986
713,45,974,4,91,3,1,4,2270,0,3,8,2,5,3,0,2,0,1,0,0,0,0,1,0,0,0,0,1,0,0,0,0,0,0,2812190,146.69761166800748,3330
714,50,1126,2,66,3,4,4,17399,0,4,32,1,5,4,1,3,0,1,0,0,0,0,1,0,0,0,0,0,0,0,1,0,0,0,21554757,224.9550279418444,39139
715,33,827,4,84,4,2,2,5488,1,3,6,2,6,5,1,2,0,1,0,0,0,0,0,1,0,1,0,0,0,0,0,0,0,0,6798811,178.5166687457223,9796
716,41,840,3,64,3,5,3,19419,0,3,21,2,18,16,0,11,0,1,0,0,0,0,1,0,0,0,0,0,0,0,1,0,0,0,24057235,242.33368774405548,47058
717,27,1134,4,37,3,1,2,2811,0,3,4,2,2,2,2,2,0,1,0,0,0,0,0,0,1,0,0,1,0,0,0,0,0,0,3482408,145.25072137114216,4082
718,45,248,2,42,3,2,1,3633,1,3,9,2,9,8,0,8,0,1,0,0,1,0,0,0,0,0,0,1,0,0,0,0,0,0,4500743,185.80875340966284,6750
719,47,955,2,83,3,2,4,4163,1,3,9,0,9,0,0,7,0,0,1,0,1,0,0,0,0,0,0,0,0,0,0,0,1,0,5157334,174.60582427678554,7268
720,30,138,3,48,3,1,3,2132,1,3,7,2,5,2,0,1,0,1,0,0,1,0,0,0,0,0,0,0,0,0,0,1,0,0,2641229,154.44529843739934,3292
721,50,939,3,95,3,4,3,13973,1,3,22,2,12,11,1,5,0,1,0,0,1,0,0,0,0,0,0,0,0,1,0,0,0,0,17310456,221.88999021122788,31004
722,38,1391,1,66,3,1,3,2684,0,3,3,0,2,1,0,2,0,1,0,0,0,0,1,0,0,0,0,0,0,0,0,1,0,0,3325074,141.76202657476742,3804
723,46,566,2,75,3,3,3,10845,0,3,13,3,8,7,0,7,0,1,0,0,0,0,1,0,0,0,0,0,0,1,0,0,0,0,13435332,176.2478379670108,19114
724,24,1206,1,41,2,2,3,4377,0,3,5,6,4,2,3,2,0,1,0,0,0,0,1,0,0,0,0,0,0,1,0,0,0,0,5422448,143.22152923006334,6268
725,35,622,4,39,2,1,2,3743,1,4,5,2,4,2,0,2,0,1,0,0,0,0,0,1,0,0,0,1,0,0,0,0,0,0,4637017,163.27296667945637,6111
726,31,853,1,96,3,2,1,4148,0,3,4,1,4,3,0,3,0,1,0,0,1,0,0,0,0,0,0,0,0,1,0,0,0,0,5138751,172.7846381285244,7167
727,18,287,2,73,3,1,4,1051,0,3,0,2,0,0,0,0,0,1,0,0,1,0,0,0,0,0,0,0,0,0,0,1,0,0,1302032,132.34437379248465,1390
728,54,1441,3,56,3,3,3,10739,0,3,22,2,10,7,0,8,0,1,0,0,0,0,0,0,1,0,0,0,0,1,0,0,0,0,13304014,195.36649060536683,20980
729,35,583,4,57,3,3,3,10388,1,3,16,3,16,10,10,1,0,1,0,0,0,0,1,0,0,1,0,0,0,0,0,0,0,0,12869177,221.31063274719108,22989
730,30,153,2,73,4,3,1,11416,1,3,9,4,8,7,1,7,0,1,0,0,1,0,0,0,0,0,0,0,0,0,1,0,0,0,14142716,208.19840411432392,23767
731,20,1097,3,98,2,1,1,2600,1,3,1,2,1,0,0,0,0,1,0,0,0,0,1,0,0,0,0,0,0,0,0,1,0,0,3221011,141.8772949400273,3688
732,30,109,3,60,3,1,2,2422,0,3,4,3,3,2,1,2,0,1,0,0,0,0,1,0,0,0,0,1,0,0,0,0,0,0,3000496,131.5911284184672,3187
733,26,1066,2,32,4,2,4,5472,0,3,8,2,8,7,1,3,0,1,0,0,0,0,1,0,0,0,0,0,0,1,0,0,0,0,6778989,179.66353052749136,9831
734,22,217,1,94,1,1,1,2451,0,3,4,3,4,3,1,1,0,1,0,0,1,0,0,0,0,0,0,1,0,0,0,0,0,0,3036422,130.34971181282506,3194
735,48,277,3,97,2,2,3,4240,0,3,19,0,2,2,2,2,0,1,0,0,1,0,0,0,0,1,0,0,0,0,0,0,0,0,5252725,133.51307738641947,5660
736,48,1355,4,78,2,3,3,10999,0,3,27,3,15,11,4,8,0,1,0,0,1,0,0,0,0,1,0,0,0,0,0,0,0,0,13626115,199.21717455330463,21911
737,41,549,2,42,3,2,3,5003,0,3,8,6,2,2,2,1,0,1,0,0,0,0,1,0,0,0,0,0,0,1,0,0,0,0,6197968,165.47509366903313,8278
738,39,466,1,65,2,4,4,12742,0,3,21,3,21,6,11,8,0,1,0,0,1,0,0,0,0,0,0,0,0,1,0,0,0,0,15785431,223.69729394786347,28503
739,27,1055,4,47,3,2,4,4227,0,3,4,2,3,2,2,2,0,1,0,0,1,0,0,0,0,0,0,0,0,1,0,0,0,0,5236620,163.77503192811145,6922
740,35,802,3,45,3,1,4,3917,0,4,3,4,3,2,1,2,0,1,0,0,0,0,0,1,0,0,0,1,0,0,0,0,0,0,4852577,165.28710091119657,6474
741,42,265,2,90,3,5,3,18303,0,3,21,3,1,0,0,0,0,0,1,0,0,1,0,0,0,0,0,0,1,0,0,0,0,0,22674678,206.93544690175648,37875
742,50,804,3,64,3,1,4,2380,0,3,8,5,1,0,0,0,0,1,0,0,1,0,0,0,0,0,0,1,0,0,0,0,0,0,2948464,145.19700137416743,3455
743,59,715,3,69,2,4,4,13726,1,3,30,4,5,3,4,3,0,1,0,0,1,0,0,0,0,0,0,0,0,1,0,0,0,0,17004460,197.22909534578585,27071
744,37,1141,2,61,1,2,2,4777,0,3,15,2,1,0,0,0,0,1,0,0,0,0,1,0,0,1,0,0,0,0,0,0,0,0,5917988,132.43942196552635,6326
745,55,135,4,62,3,2,2,6385,1,3,17,3,8,7,6,7,0,1,0,0,0,0,1,0,0,1,0,0,0,0,0,0,0,0,7910059,178.57635382592252,11402
746,41,247,1,55,1,5,3,19973,0,4,21,3,21,16,5,10,0,1,0,0,1,0,0,0,0,0,0,0,0,0,1,0,0,0,24743558,256.61078101138565,51252
747,38,1035,4,42,3,2,4,6861,1,3,19,1,1,0,0,0,0,0,1,0,1,0,0,0,0,0,0,0,0,0,0,0,1,0,8499752,157.20039486359784,10785
748,26,265,2,79,1,2,1,4969,0,3,7,6,2,2,2,2,0,0,1,0,0,0,1,0,0,0,0,0,0,0,0,0,1,0,6155847,140.0798935078559,6960
749,52,266,1,57,1,5,4,19845,0,3,33,3,32,14,6,9,0,0,1,0,0,1,0,0,0,0,0,0,1,0,0,0,0,0,24584985,249.82628197386506,49578
750,44,1448,3,53,4,4,4,13320,1,3,23,2,12,11,11,11,0,0,1,0,0,0,1,0,0,0,0,0,0,0,0,0,1,0,16501487,236.03101724897468,31439
751,50,145,3,95,3,2,3,6347,0,3,19,3,18,7,0,13,0,0,1,0,1,0,0,0,0,0,0,0,0,0,0,0,1,0,7862983,200.12676339598994,12702
752,36,885,4,43,4,1,1,2743,0,3,18,1,17,13,15,14,0,1,0,0,1,0,0,0,0,0,0,1,0,0,0,0,0,0,3398167,188.04773653470735,5158
753,39,945,3,82,3,3,1,10880,1,3,21,2,21,6,2,8,0,1,0,0,0,0,1,0,0,0,0,0,0,1,0,0,0,0,13478692,234.98881250007963,25566
754,33,1038,1,88,2,1,4,2342,0,3,3,2,2,2,2,2,0,0,1,0,1,0,0,0,0,0,0,0,0,0,0,0,0,1,2901388,137.52666976577717,3220
755,45,1234,2,90,3,4,4,17650,0,3,26,4,9,3,1,1,0,0,1,0,1,0,0,0,0,0,0,0,1,0,0,0,0,0,21865709,193.8322311943534,34211
756,32,1109,4,69,3,1,3,4025,0,3,10,2,8,7,7,7,0,1,0,0,0,0,1,0,0,0,0,1,0,0,0,0,0,0,4986373,153.93789236676983,6196
757,34,216,4,75,4,2,4,9725,0,3,16,2,15,1,0,9,0,0,1,0,0,1,0,0,0,0,0,0,0,0,0,0,1,0,12047820,207.09270455821738,20139
758,59,1089,2,66,3,3,4,11904,1,3,14,1,6,4,0,4,0,0,1,0,0,0,0,0,1,0,0,0,1,0,0,0,0,0,14747275,190.51397850589075,22678
759,45,788,4,36,3,1,2,2177,0,3,6,3,6,3,0,4,1,0,0,0,0,0,1,0,0,0,1,0,0,0,0,0,0,0,2696977,145.97542432409355,3177
760,53,124,3,38,2,3,2,7525,0,3,30,2,15,7,6,12,0,0,1,0,0,1,0,0,0,0,0,0,0,0,0,0,1,0,9322349,186.68589786310957,14048
761,36,660,3,81,3,2,3,4834,0,3,9,3,1,0,0,0,0,1,0,0,0,0,0,1,0,0,0,1,0,0,0,0,0,0,5988603,152.82612632248052,7387
762,26,342,3,57,3,1,1,2042,1,3,6,2,3,2,1,2,0,1,0,0,1,0,0,0,0,0,0,0,0,0,0,1,0,0,2529732,144.71626171940346,2955
763,34,1333,4,87,3,1,3,2220,1,3,1,2,1,1,0,0,0,0,1,0,1,0,0,0,0,0,0,0,0,0,0,0,0,1,2750248,144.51568079202758,3208
764,28,1144,1,74,3,1,2,1052,0,4,1,5,1,0,0,0,0,0,1,0,0,0,1,0,0,0,0,0,0,0,0,0,0,1,1303271,149.05536469501916,1568
765,38,1186,4,44,3,1,3,2821,0,3,8,2,2,2,2,2,0,1,0,0,0,0,0,1,0,0,0,0,0,0,0,1,0,0,3494797,151.23648543526485,4266
766,50,1464,4,62,3,5,3,19237,1,3,29,2,8,1,7,7,0,1,0,0,0,0,1,0,0,0,0,0,0,0,1,0,0,0,23831764,236.29560833941545,45456
767,37,124,3,35,3,2,2,4107,0,3,8,3,4,3,0,1,0,1,0,0,0,0,0,1,0,1,0,0,0,0,0,0,0,0,5087958,167.19939430720765,6866
768,40,300,3,74,3,2,1,8396,0,3,8,3,7,7,7,5,0,0,1,0,0,1,0,0,0,0,0,0,0,0,0,0,1,0,10401388,167.20912661660665,14038
769,26,921,1,66,2,1,3,2007,0,3,5,5,5,3,1,3,0,1,0,0,0,0,1,0,0,0,0,0,0,0,0,1,0,0,2486373,148.01349052739292,2970
770,46,430,4,40,3,5,4,19627,0,3,23,0,2,2,2,2,0,1,0,0,0,0,1,0,0,0,0,0,0,0,1,0,0,0,24314916,189.72307695070427,37236
771,54,1082,4,41,2,3,3,10686,0,3,13,4,9,4,7,0,0,0,1,0,1,0,0,0,0,0,0,0,0,0,0,0,1,0,13238355,180.33295405750584,19270
772,56,1240,3,63,3,1,3,2942,0,3,18,4,5,4,0,3,0,1,0,0,0,0,1,0,0,0,0,0,0,0,0,1,0,0,3644698,147.94669707322794,4352
773,36,796,5,51,2,3,4,8858,0,3,15,2,14,8,7,8,0,1,0,0,0,0,1,0,0,0,0,0,0,1,0,0,0,0,10973736,185.04074447352494,16390
774,55,444,1,40,2,4,1,16756,0,3,31,3,9,7,6,2,0,1,0,0,0,0,1,0,0,0,0,0,1,0,0,0,0,0,20758176,206.05154069976598,34525
775,43,415,3,79,2,3,4,10798,0,3,18,5,1,0,0,0,0,0,1,0,0,0,1,0,0,0,0,0,0,0,0,0,1,0,13377106,161.95465963197148,17487
776,20,769,3,54,3,1,4,2323,1,3,2,3,2,2,0,2,0,0,1,0,0,1,0,0,0,0,0,0,0,0,0,0,0,1,2877849,137.35492888649202,3190
777,21,1334,3,36,2,1,1,1416,0,3,1,6,1,0,1,0,0,1,0,0,1,0,0,0,0,0,0,1,0,0,0,0,0,0,1754212,122.18096755397296,1730
778,46,1003,4,74,2,2,1,4615,1,4,19,2,16,13,1,7,0,1,0,0,1,0,0,0,0,0,0,0,0,0,0,1,0,0,5717294,215.55322620305674,9947
779,51,1323,4,34,3,1,3,2461,1,3,18,2,10,0,2,7,0,1,0,0,1,0,0,0,0,0,0,0,0,0,0,1,0,0,3048811,173.2584712589437,4263
780,28,1366,2,72,2,3,1,8722,0,3,10,2,10,7,1,9,0,1,0,0,0,0,0,0,1,1,0,0,0,0,0,0,0,0,10805253,193.06632399923765,16839
781,26,192,2,59,2,1,1,3955,0,3,6,2,5,3,1,3,0,1,0,0,0,0,1,0,0,0,0,1,0,0,0,0,0,0,4899653,139.04722236031571,5499
782,30,1176,3,85,3,2,1,9957,0,3,7,1,6,2,0,2,0,1,0,0,0,0,0,1,0,0,0,0,0,1,0,0,0,0,12335233,176.13922414964838,17538
783,41,509,2,43,4,1,3,3376,0,3,10,3,10,6,0,8,0,1,0,0,0,0,0,0,1,0,0,0,0,0,0,1,0,0,4182359,167.46696276320944,5653
784,38,330,1,65,2,3,3,8823,0,3,20,4,19,9,1,9,0,1,0,0,1,0,0,0,0,1,0,0,0,0,0,0,0,0,10930377,206.13240589890762,18187
785,40,1492,4,61,3,3,4,10322,0,4,14,6,11,10,11,1,0,1,0,0,0,0,0,0,1,1,0,0,0,0,0,0,0,0,12787413,213.34545836554122,22021
786,27,1277,5,87,1,1,3,4621,0,3,3,4,3,2,1,2,0,1,0,0,1,0,0,0,0,0,0,1,0,0,0,0,0,0,5724727,120.94561704172578,5588
787,55,1091,1,65,3,3,2,10976,0,3,23,4,3,2,1,2,0,1,0,0,1,0,0,0,0,0,0,0,0,1,0,0,0,0,13597621,170.24993988306827,18686
788,28,857,3,59,3,2,3,3660,0,3,10,4,8,7,1,7,0,1,0,0,0,0,0,1,0,0,0,0,0,0,0,1,0,0,4534192,172.7194251535002,6321
789,44,1376,2,91,2,3,1,10482,0,3,24,1,20,6,3,6,1,0,0,0,0,0,1,0,0,0,1,0,0,0,0,0,0,0,12985629,194.1815496312727,20354
790,33,654,3,34,2,3,4,7119,0,3,9,2,3,2,1,2,0,1,0,0,1,0,0,0,0,1,0,0,0,0,0,0,0,0,8819376,174.18657172503936,12400
791,35,1204,3,86,3,3,1,9582,1,4,9,2,8,7,4,7,0,0,1,0,0,0,0,0,1,0,0,0,0,0,0,0,1,0,11870664,217.954702320257,20884
792,33,827,4,54,2,2,3,4508,0,4,14,4,13,7,3,8,0,1,0,0,0,0,1,0,0,0,0,0,0,0,0,1,0,0,5584737,190.4381335118863,8584
793,28,895,2,50,3,1,3,2207,0,3,4,5,4,2,2,2,0,1,0,0,1,0,0,0,0,0,0,1,0,0,0,0,0,0,2734143,153.73659948429832,3392
794,34,618,1,45,3,2,4,7756,0,3,7,1,6,2,0,4,0,1,0,0,1,0,0,0,0,1,0,0,0,0,0,0,0,0,9608523,168.31115475128357,13054
795,37,309,4,88,2,2,4,6694,1,3,8,5,1,0,0,0,0,0,1,0,1,0,0,0,0,0,0,0,0,0,0,0,1,0,8292864,153.06678126329376,10246
796,25,1219,1,32,3,1,4,3691,1,3,7,3,7,7,5,6,0,1,0,0,0,0,0,0,1,0,0,1,0,0,0,0,0,0,4572597,169.3790027635067,6251
797,26,1330,3,37,3,1,3,2377,0,4,1,0,1,1,0,0,0,1,0,0,0,0,1,0,0,0,0,1,0,0,0,0,0,0,2944747,144.7749963687927,3441
798,33,1017,3,55,2,1,2,2313,1,4,5,0,2,2,2,2,0,1,0,0,0,0,1,0,0,0,0,0,0,0,0,1,0,0,2865461,153.81297140862006,3557
799,42,469,2,35,3,4,1,17665,0,3,23,3,22,6,13,7,0,1,0,0,0,0,1,0,0,0,0,0,1,0,0,0,0,0,21884291,246.22367340734698,43495
800,28,1009,3,45,2,1,2,2596,0,3,1,2,1,0,0,0,0,1,0,0,0,0,1,0,0,0,0,1,0,0,0,0,0,0,3216056,119.15978269979988,3093
801,50,959,4,81,3,2,3,4728,1,3,5,4,0,0,0,0,0,0,1,0,0,0,0,1,0,0,0,0,0,0,0,0,1,0,5857284,160.40610443753474,7584
802,33,970,3,30,3,2,2,4302,0,3,4,3,3,2,0,2,0,0,1,0,1,0,0,0,0,0,0,0,0,0,0,0,1,0,5329534,153.0572166478169,6584
803,34,697,4,40,2,1,4,2979,0,3,6,2,0,0,0,0,0,1,0,0,1,0,0,0,0,0,0,0,0,0,0,1,0,0,3690535,120.28854223961518,3583
804,48,1262,4,35,4,4,4,16885,0,4,27,3,5,4,2,1,0,1,0,0,0,0,1,0,0,0,0,0,1,0,0,0,0,0,20917988,237.85574632093727,40161
805,45,1050,4,65,2,2,3,5593,0,3,15,2,15,10,4,12,0,0,1,0,1,0,0,0,0,0,0,0,0,0,0,0,1,0,6928890,185.72141929242554,10387
806,52,994,4,87,3,3,2,10445,0,3,18,4,8,6,4,0,0,1,0,0,1,0,0,0,0,1,0,0,0,0,0,0,0,0,12939792,186.81191677351208,19512
807,38,770,4,73,2,3,3,8740,1,3,9,2,8,7,2,7,0,0,1,0,0,1,0,0,0,0,0,0,0,0,0,0,1,0,10827552,189.43322770159244,16556
808,29,1107,4,93,3,1,4,2514,0,4,11,1,7,5,1,7,0,1,0,0,1,0,0,0,0,0,0,0,0,0,0,1,0,0,3114470,170.4307640135695,4284
809,28,950,3,93,3,3,2,7655,0,3,10,3,9,7,1,7,0,1,0,0,0,0,1,0,0,0,0,0,0,1,0,0,0,0,9483399,186.2239809101011,14255
810,46,406,1,52,3,4,3,17465,0,3,23,3,12,9,4,9,0,0,1,0,0,1,0,0,0,0,0,0,1,0,0,0,0,0,21636521,215.60039155321607,37654
811,38,130,2,32,3,3,2,7351,0,3,10,2,1,0,0,0,0,0,1,0,0,1,0,0,0,0,0,0,0,0,0,0,1,0,9106789,176.1415664223019,12948
812,43,1082,3,83,3,3,1,10820,0,3,18,1,8,7,0,1,0,1,0,0,1,0,0,0,0,0,0,0,0,1,0,0,0,0,13404361,192.88415127829174,20870
813,39,203,3,84,3,4,4,12169,0,3,21,4,18,7,11,5,0,1,0,0,1,0,0,0,0,1,0,0,0,0,0,0,0,0,15075570,232.72572930931682,28320
814,40,1308,3,44,2,5,3,19626,0,3,21,2,20,7,4,9,0,1,0,0,0,0,1,0,0,0,0,0,0,0,1,0,0,0,24313677,257.43163119763557,50523
815,21,984,1,70,2,1,2,2070,1,3,2,6,2,2,2,2,0,1,0,0,0,0,0,0,1,0,0,0,0,0,0,1,0,0,2564420,137.3717036345745,2843
816,39,439,3,70,3,2,2,6782,0,3,9,2,5,4,0,3,0,1,0,0,1,0,0,0,0,0,0,1,0,0,0,0,0,0,8401883,177.0035960303249,12004
817,36,217,4,78,3,2,4,7779,0,4,18,0,11,9,0,9,0,1,0,0,1,0,0,0,0,0,0,0,0,1,0,0,0,0,9637017,203.05393722964504,15795
818,31,793,3,67,4,1,4,2791,0,3,3,4,2,2,2,2,0,0,1,0,1,0,0,0,0,0,0,0,0,0,0,0,0,1,3457631,157.71175875388636,4401
819,28,1451,1,67,2,1,2,3201,0,3,6,2,5,3,0,4,0,1,0,0,1,0,0,0,0,0,0,0,0,0,0,1,0,0,3965560,144.6122813480484,4629
820,35,1182,2,54,3,2,4,4968,0,3,5,3,5,2,0,2,0,0,1,0,0,1,0,0,0,0,0,0,0,0,0,0,1,0,6154609,159.48893933480434,7923
821,49,174,4,56,2,4,2,13120,0,3,22,3,9,8,2,3,0,0,1,0,0,0,0,0,1,0,0,0,0,0,0,0,1,0,16253717,207.70155775557333,27250
822,34,1003,2,95,3,2,3,4033,0,3,5,3,3,2,0,2,0,1,0,0,1,0,0,0,0,0,0,0,0,1,0,0,0,0,4996283,162.51613099492693,6554
823,29,490,3,61,3,1,2,3291,0,3,8,2,7,5,1,1,0,1,0,0,1,0,0,0,0,0,0,0,0,0,0,1,0,0,4077056,155.58516233505622,5120
824,42,188,3,56,1,2,4,4272,0,3,16,3,1,0,0,0,0,1,0,0,0,0,1,0,0,0,0,1,0,0,0,0,0,0,5292369,133.66657102498684,5710
825,29,718,1,79,2,2,4,5056,1,3,10,2,10,7,1,2,0,1,0,0,0,0,1,0,0,0,0,0,0,1,0,0,0,0,6263627,182.8683834086144,9245
826,38,433,3,37,4,1,3,2844,0,3,7,2,7,6,5,0,1,0,0,1,0,0,0,0,0,0,1,0,0,0,0,0,0,0,3523290,171.6710603933134,4882
827,28,773,3,39,2,1,3,2703,1,3,3,2,3,1,0,2,0,1,0,0,1,0,0,0,0,0,0,0,0,0,0,1,0,0,3348612,136.89386110798475,3700
828,18,247,1,80,3,1,3,1904,0,3,0,0,0,0,0,0,0,1,0,0,0,0,1,0,0,0,0,1,0,0,0,0,0,0,2358771,137.95008051161176,2626
829,33,603,4,77,3,2,1,8224,1,3,6,3,5,2,0,3,0,0,1,0,0,1,0,0,0,0,0,0,0,0,0,0,1,0,10188305,181.106237356565,14894
830,41,167,4,46,3,1,4,4766,1,3,6,4,1,0,0,0,0,1,0,0,1,0,0,0,0,0,0,1,0,0,0,0,0,0,5904361,143.60369880601075,6844
831,31,874,3,72,3,1,3,2610,0,3,2,5,2,2,2,2,0,1,0,0,0,0,1,0,0,0,0,1,0,0,0,0,0,0,3233399,141.57438246069864,3695
832,37,367,2,52,2,2,4,5731,0,3,9,2,6,2,1,3,0,1,0,0,0,0,1,0,0,1,0,0,0,0,0,0,0,0,7099851,163.11027530095632,9347
833,27,199,3,55,2,1,3,2539,0,3,4,0,4,2,2,2,0,1,0,0,1,0,0,0,0,0,0,0,0,0,0,1,0,0,3145441,131.85983528134597,3347
834,34,1400,1,70,3,2,3,5714,0,4,6,3,6,5,1,3,0,0,1,0,1,0,0,0,0,0,0,0,0,0,0,0,1,0,7078791,204.04450827903656,11659
835,35,528,4,100,3,1,3,4323,0,3,6,2,5,4,1,4,1,0,0,0,0,0,0,0,1,0,1,0,0,0,0,0,0,0,5355550,155.7317853838941,6732
836,29,408,1,45,2,3,1,7336,0,3,11,3,11,8,3,10,0,0,1,0,1,0,0,0,0,0,0,0,0,0,0,0,1,0,9088206,179.2067708819765,13146
837,40,593,4,88,3,3,3,13499,0,3,20,3,18,7,2,13,0,1,0,0,0,0,1,0,0,0,0,0,0,0,1,0,0,0,16723241,210.73737883494778,28447
838,42,481,3,44,3,4,1,13758,1,3,22,2,21,9,13,14,0,0,1,0,1,0,0,0,0,0,0,0,0,0,0,0,1,0,17044103,247.21601945549244,34011
839,42,647,4,45,3,2,1,5155,0,3,9,3,6,4,1,5,0,0,1,0,0,1,0,0,0,0,0,0,0,0,0,0,1,0,6386274,168.4099040306014,8681
840,35,982,4,58,2,1,3,2258,0,3,10,2,8,0,1,7,0,1,0,0,0,0,1,0,0,0,0,1,0,0,0,0,0,0,2797324,142.14801016731607,3209
841,24,477,3,49,3,1,2,3597,0,4,6,2,4,3,1,2,0,1,0,0,0,0,1,0,0,0,0,1,0,0,0,0,0,0,4456145,164.2190844829707,5906
842,28,1485,1,79,3,1,4,2515,1,3,1,4,1,1,0,0,0,1,0,0,1,0,0,0,0,0,0,1,0,0,0,0,0,0,3115709,139.93948525725887,3519
843,26,1384,4,82,4,1,4,4420,0,4,8,2,8,7,0,7,0,1,0,0,0,0,1,0,0,0,0,1,0,0,0,0,0,0,5475719,186.8348527425885,8258
844,30,852,3,72,2,2,3,6578,0,3,10,3,10,3,1,4,0,0,1,0,0,1,0,0,0,0,0,0,0,0,0,0,1,0,8149158,159.3055580974044,10479
845,40,902,2,92,2,2,4,4422,1,3,16,3,1,1,0,0,0,1,0,0,0,0,1,0,0,0,0,0,0,0,0,1,0,0,5478196,155.7507683587777,6887
846,35,819,3,44,2,3,2,10274,0,3,15,2,7,7,6,4,0,1,0,0,1,0,0,0,0,0,0,0,0,1,0,0,0,0,12727948,173.45924600154535,17821
847,34,669,3,97,2,2,1,5343,0,4,14,3,13,9,4,9,0,1,0,0,0,0,1,0,0,1,0,0,0,0,0,0,0,0,6619177,196.59895281983202,10504
848,35,636,4,47,2,1,4,2376,0,3,2,2,2,2,2,2,0,1,0,0,0,0,0,1,0,0,0,1,0,0,0,0,0,0,2943508,137.37441740281594,3264
849,43,1372,3,85,1,2,3,5346,0,3,7,2,4,3,1,3,0,0,1,0,0,1,0,0,0,0,0,0,0,0,0,0,1,0,6622894,142.5357982987726,7619
850,32,862,1,76,3,1,1,2827,0,3,1,3,1,0,0,0,0,0,1,0,1,0,0,0,0,0,0,0,0,0,0,0,0,1,3502230,123.91972118951082,3503
851,56,718,4,92,3,5,1,19943,0,3,28,2,5,2,4,2,0,1,0,0,0,0,0,0,1,0,0,0,1,0,0,0,0,0,24706392,221.27636228234365,44129
852,29,1401,1,54,3,1,4,3131,0,3,10,5,10,8,0,8,0,1,0,0,0,0,1,0,0,0,0,1,0,0,0,0,0,0,3878840,170.3801894786868,5334
853,19,645,2,54,3,1,1,2552,0,4,1,4,1,1,0,0,0,1,0,0,1,0,0,0,0,0,0,0,0,0,0,1,0,0,3161546,149.24301441164,3808
854,45,1457,3,83,3,1,3,4477,1,3,7,2,3,2,0,2,0,1,0,0,0,0,1,0,0,0,0,0,0,0,0,1,0,0,5546333,163.76330607585126,7331
855,37,977,3,56,2,2,4,6474,0,3,14,2,14,8,3,11,0,1,0,0,1,0,0,0,0,0,0,0,0,1,0,0,0,0,8020317,174.82809645927077,11318
856,20,805,3,87,2,1,3,3033,0,3,2,2,2,2,1,2,0,1,0,0,1,0,0,0,0,0,0,1,0,0,0,0,0,0,3757433,131.14758928401514,3977
857,44,1097,4,96,3,1,3,2936,1,3,6,4,6,4,0,2,0,1,0,0,1,0,0,0,0,0,0,0,0,0,0,1,0,0,3637265,162.09565457044977,4759
858,53,1223,2,50,3,5,3,18606,0,3,26,6,7,7,4,7,0,1,0,0,0,0,1,0,0,0,0,0,1,0,0,0,0,0,23050050,217.24962394817152,40421
859,29,942,1,69,1,1,4,2168,1,3,6,2,5,4,1,3,0,1,0,0,1,0,0,0,0,0,0,0,0,0,0,1,0,0,2685828,148.06332154102816,3210
860,22,1256,4,48,2,1,4,2853,1,3,1,5,0,0,0,0,0,1,0,0,1,0,0,0,0,0,0,0,0,0,0,1,0,0,3534440,142.51901595679197,4066
861,46,1402,3,69,3,4,1,17048,0,4,28,2,26,15,15,9,0,0,1,0,0,1,0,0,0,0,0,0,1,0,0,0,0,0,21119921,261.4931443919033,44579
862,44,111,3,74,1,1,3,2290,0,3,6,3,0,0,0,0,0,1,0,0,1,0,0,0,0,0,0,0,0,0,0,1,0,0,2836967,125.45375827472468,2872
863,33,147,3,99,3,1,3,3600,0,3,5,2,5,4,1,4,1,0,0,1,0,0,0,0,0,0,1,0,0,0,0,0,0,0,4459861,161.13173509448026,5800
864,41,906,2,95,2,1,1,2107,0,3,5,2,1,0,0,0,0,1,0,0,1,0,0,0,0,0,0,0,0,0,0,1,0,0,2610258,131.54421485696605,2771
865,30,1329,4,61,3,2,1,4115,0,3,8,3,4,3,0,3,0,0,1,0,1,0,0,0,0,0,0,0,0,0,0,0,1,0,5097869,159.729026036595,6572
866,40,1184,4,62,3,2,2,4327,0,3,5,2,0,0,0,0,0,0,1,0,0,0,1,0,0,0,0,0,0,0,0,0,1,0,5360505,131.71536228921727,5699
867,50,1421,3,30,3,4,1,17856,0,4,32,3,2,2,2,2,0,1,0,0,0,0,1,0,0,0,0,0,1,0,0,0,0,0,22120912,204.39274783211096,36496
868,28,1179,4,78,2,1,1,3196,0,3,6,2,6,5,3,3,0,1,0,0,0,0,1,0,0,0,0,1,0,0,0,0,0,0,3959366,152.8839043515701,4886
869,46,1450,2,52,3,5,2,19081,0,3,25,2,4,2,0,3,0,1,0,0,1,0,0,0,0,0,0,0,0,0,1,0,0,0,23638503,222.05458864215225,42370
870,35,1361,4,94,3,2,1,8966,1,3,15,2,7,7,1,7,0,0,1,0,1,0,0,0,0,0,0,0,0,0,0,0,1,0,11107532,166.8123150039752,14956
871,24,984,2,97,3,1,2,2210,0,3,1,3,1,0,0,0,0,1,0,0,1,0,0,0,0,0,0,1,0,0,0,0,0,0,2737859,141.79834581085703,3133
872,33,1146,3,82,3,2,3,4539,0,3,10,3,10,7,0,1,0,0,1,0,0,0,1,0,0,0,0,0,0,0,0,0,1,0,5623142,172.05401002820838,7809
873,36,917,4,60,1,1,3,2741,0,3,7,4,7,7,1,7,0,1,0,0,1,0,0,0,0,0,0,1,0,0,0,0,0,0,3395689,151.79046002314817,4160
874,30,853,4,49,3,2,3,3491,0,3,10,4,10,7,8,9,0,1,0,0,1,0,0,0,0,0,0,1,0,0,0,0,0,0,4324827,181.96541414554835,6352
875,44,200,4,32,3,2,4,4541,0,4,20,3,20,11,13,17,0,1,0,0,0,0,0,1,0,0,0,0,0,0,0,1,0,0,5625619,227.74028724495275,10341
876,20,654,3,43,4,1,4,2678,0,3,2,2,2,1,2,2,0,0,1,0,0,1,0,0,0,0,0,0,0,0,0,0,0,1,3317641,144.15678909156605,3860
877,46,150,4,60,3,2,4,7379,0,3,12,3,6,3,1,4,0,1,0,0,0,0,0,0,1,0,0,0,0,1,0,0,0,0,9141477,165.2452695019771,12193
878,42,179,5,79,4,2,1,6272,0,3,10,3,4,3,0,3,1,0,0,0,0,0,1,0,0,0,1,0,0,0,0,0,0,0,7770069,184.99464341777457,11602
879,60,696,4,52,4,2,4,5220,1,3,12,3,11,7,1,9,0,0,1,0,0,1,0,0,0,0,0,0,0,0,0,0,1,0,6466799,199.34930931768082,10406
880,32,116,3,77,2,1,2,2743,0,4,2,2,2,2,2,2,0,1,0,0,0,0,0,1,0,0,0,1,0,0,0,0,0,0,3398167,130.55316654122683,3581
881,32,1316,2,38,3,2,3,4998,1,3,10,2,8,7,0,7,0,1,0,0,1,0,0,0,0,0,0,0,0,0,0,1,0,0,6191774,187.38389528558474,9365
882,36,363,3,77,1,3,1,10252,1,4,17,2,7,7,7,7,0,1,0,0,0,0,0,0,1,0,0,0,0,1,0,0,0,0,12700694,198.60814832482188,20361
883,33,117,3,60,3,1,4,2781,0,3,15,5,14,10,4,10,0,1,0,0,0,0,1,0,0,0,0,0,0,0,0,1,0,0,3445243,161.70046473587553,4496
884,40,107,3,84,2,2,2,6852,0,3,7,2,5,1,1,3,0,0,1,0,0,0,0,0,1,0,0,0,0,0,0,0,1,0,8488603,148.98525903135072,10208
885,25,1356,4,57,3,2,4,4950,0,3,5,4,4,3,1,1,0,0,1,0,1,0,0,0,0,0,0,0,0,0,0,0,1,0,6132309,162.7264112168307,8054
886,30,1465,3,63,3,1,2,3579,1,4,12,2,11,9,5,7,0,1,0,0,0,0,1,0,0,0,0,0,0,0,0,1,0,0,4433845,191.48267500290228,6853
887,42,458,5,60,3,3,1,13191,1,3,20,6,1,0,0,0,0,1,0,0,0,0,1,0,0,0,0,0,0,0,1,0,0,0,16341675,175.70350696531023,23177
888,35,1212,2,78,2,3,4,10377,1,3,16,6,13,2,4,12,0,0,1,0,0,1,0,0,0,0,0,0,0,0,0,0,1,0,12855550,213.63658134320806,22169
889,27,1103,3,42,3,1,1,2235,1,3,9,3,9,7,6,8,0,1,0,0,1,0,0,0,0,0,0,0,0,0,0,1,0,0,2768831,164.59001387238195,3678
890,54,966,4,53,3,3,3,10502,0,3,33,2,5,4,1,4,0,1,0,0,1,0,0,0,0,0,0,0,0,1,0,0,0,0,13010406,182.055648952692,19119
891,44,1117,1,72,4,1,4,2011,0,3,10,5,10,5,7,7,0,1,0,0,1,0,0,0,0,0,0,0,0,0,0,1,0,0,2491328,168.33931754569153,3385
892,19,504,3,96,2,1,2,1859,1,4,1,2,1,1,0,0,0,1,0,0,0,0,1,0,0,0,0,0,0,0,0,1,0,0,2303023,160.71422645352874,2987
893,29,1010,3,97,3,1,4,3760,0,3,3,5,3,2,1,2,0,1,0,0,1,0,0,0,0,0,0,0,0,0,0,1,0,0,4658077,146.6004837274602,5512
894,54,685,3,85,3,4,4,17779,0,3,36,2,10,9,0,9,0,1,0,0,1,0,0,0,0,0,0,0,0,0,1,0,0,0,22025520,209.14725652838075,37184
895,31,1332,2,80,3,2,1,6833,1,3,6,2,6,5,0,1,0,1,0,0,0,0,1,0,0,1,0,0,0,0,0,0,0,0,8465064,197.53150660585226,13497
896,31,1062,3,96,2,2,1,6812,0,3,10,2,10,9,1,8,0,1,0,0,0,0,1,0,0,1,0,0,0,0,0,0,0,0,8439049,176.32681229204726,12011
897,59,326,3,48,2,2,4,5171,0,3,13,2,6,1,0,5,0,0,1,0,1,0,0,0,0,0,0,0,0,0,0,0,1,0,6406095,166.0345030830623,8585
898,43,920,3,96,1,5,4,19740,0,3,25,2,8,7,0,7,0,1,0,0,1,0,0,0,0,0,0,0,0,0,1,0,0,0,24454906,212.19284114845732,41886
899,49,1098,2,85,2,5,3,18711,0,3,23,2,1,0,0,0,0,1,0,0,0,0,1,0,0,0,0,0,1,0,0,0,0,0,23180129,198.3151962714822,37106
900,36,469,3,46,3,1,2,3692,0,3,12,2,11,10,0,7,0,1,0,0,0,0,0,0,1,0,0,0,0,0,0,1,0,0,4573835,167.6039440889875,6187
901,48,969,2,76,4,1,2,2559,0,3,7,4,1,0,0,0,0,1,0,0,0,0,0,0,1,0,0,1,0,0,0,0,0,0,3170218,161.01240547028928,4120
902,27,1167,2,76,3,1,3,2517,0,3,5,2,5,3,0,3,0,1,0,0,1,0,0,0,0,0,0,0,0,0,0,1,0,0,3118186,152.08047761288645,3827
903,29,1329,3,82,3,2,4,6623,1,3,6,2,6,0,1,0,0,1,0,0,1,0,0,0,0,1,0,0,0,0,0,0,0,0,8204906,183.6574771753512,12163
904,48,715,3,76,2,5,4,18265,0,3,25,3,1,0,0,0,0,1,0,0,1,0,0,0,0,0,0,0,0,0,1,0,0,0,22627602,210.8173832262451,38505
905,29,694,3,87,2,4,4,16124,0,3,9,2,7,7,1,7,0,1,0,0,1,0,0,0,0,0,0,0,0,0,1,0,0,0,19975223,193.9227246693977,31268
906,34,1320,3,89,4,1,3,2585,0,3,2,5,1,0,0,0,0,1,0,0,0,0,0,0,1,0,0,0,0,0,0,1,0,0,3202428,143.39287969512603,3706
907,44,1099,3,88,3,5,2,18213,0,3,26,5,22,9,3,10,0,0,1,0,0,1,0,0,0,0,0,0,1,0,0,0,0,0,22563181,264.93513399730483,48252
908,33,536,5,82,4,3,3,8380,1,3,10,3,9,8,0,8,0,0,1,0,0,1,0,0,0,0,0,0,0,0,0,0,1,0,10381566,209.74995973454597,17577
909,19,265,3,57,4,1,4,2994,1,3,1,2,1,0,0,1,0,1,0,0,1,0,0,0,0,0,0,0,0,0,0,1,0,0,3709118,154.60561598813035,4628
910,23,373,2,47,3,1,3,1223,0,4,1,2,1,0,0,1,0,1,0,0,1,0,0,0,0,0,0,0,0,0,0,1,0,0,1515114,160.47203775648856,1962
911,25,599,1,73,1,1,4,1118,1,3,1,4,1,0,1,0,0,0,1,0,1,0,0,0,0,0,0,0,0,0,0,0,0,1,1385035,131.51961277727662,1470
912,26,583,2,53,3,1,4,2875,1,4,8,2,8,5,2,2,0,1,0,0,1,0,0,0,0,0,0,0,0,0,0,1,0,0,3561695,183.61094316947054,5278
913,45,1449,3,94,1,5,2,18824,1,3,26,2,24,10,1,11,0,0,1,0,0,1,0,0,0,0,0,0,1,0,0,0,0,0,23320119,242.92592035825268,45728
914,55,177,1,37,2,4,2,13577,1,3,34,3,33,9,15,0,0,1,0,0,0,0,1,0,0,1,0,0,0,0,0,0,0,0,16819871,273.2851336583081,37103
915,21,251,2,45,2,1,3,2625,0,4,2,2,2,2,2,2,0,1,0,0,1,0,0,0,0,0,0,1,0,0,0,0,0,0,3251982,133.6664227119536,3508
916,46,168,2,33,2,5,2,18789,0,3,26,2,11,4,0,8,0,0,1,0,0,1,0,0,0,0,0,0,1,0,0,0,0,0,23276759,218.77568526650447,41105
917,34,131,3,86,3,2,1,4538,1,3,4,3,3,2,0,2,0,0,1,0,0,1,0,0,0,0,0,0,0,0,0,0,1,0,5621903,179.28455975625886,8135
918,51,237,3,83,3,5,2,19847,1,4,31,5,29,10,11,10,0,0,1,0,1,0,0,0,0,0,0,0,1,0,0,0,0,0,24587463,303.55068843149996,60245
919,59,1429,4,67,3,3,4,10512,0,3,25,6,9,7,5,4,0,1,0,0,0,0,1,0,0,0,0,0,0,1,0,0,0,0,13022795,187.13901010991214,19672
920,34,135,3,46,3,2,2,4444,0,3,15,2,11,8,5,10,0,1,0,0,0,0,1,0,0,0,0,1,0,0,0,0,0,0,5505451,185.69203335150786,8252
921,28,791,4,44,3,1,3,2154,1,3,5,2,4,2,0,2,0,1,0,0,0,0,1,0,0,0,0,1,0,0,0,0,0,0,2668484,153.80520648891,3312
922,44,1199,2,92,4,5,1,19190,0,3,26,4,25,9,14,13,0,1,0,0,1,0,0,0,0,0,0,0,1,0,0,0,0,0,23773538,281.07036402839196,53937
923,34,648,3,56,2,2,2,4490,0,3,14,5,10,9,1,8,1,0,0,0,1,0,0,0,0,0,1,0,0,0,0,0,0,0,5562438,162.2987904093325,7287
924,35,735,1,66,3,1,3,3506,1,3,4,3,3,2,2,2,0,1,0,0,1,0,0,0,0,0,0,0,0,0,0,1,0,0,4343409,159.98722011210435,5609
925,42,603,4,78,4,2,2,2372,1,3,18,2,1,0,0,0,0,1,0,0,0,0,1,0,0,0,0,0,0,0,0,1,0,0,2938553,163.26190645056727,3872
926,43,531,4,56,2,3,4,10231,0,3,23,3,21,7,15,17,0,0,1,0,0,1,0,0,0,0,0,0,0,0,0,0,1,0,12674678,215.51907091114907,22049
927,36,429,4,53,3,2,2,5410,1,3,18,2,16,14,5,12,0,1,0,0,1,0,0,0,0,0,0,0,0,1,0,0,0,0,6702180,199.43954001261383,10789
928,44,621,3,73,3,3,4,7978,0,3,10,2,10,7,0,5,0,1,0,0,0,0,1,0,0,1,0,0,0,0,0,0,0,0,9883548,204.75829302550935,16335
929,28,193,3,52,2,1,4,3867,1,3,2,2,2,2,2,2,0,1,0,0,1,0,0,0,0,0,0,1,0,0,0,0,0,0,4790634,148.70725229560153,5750
930,51,968,2,40,2,1,3,2838,0,3,8,6,7,0,7,7,0,1,0,0,0,0,1,0,0,0,0,1,0,0,0,0,0,0,3515857,146.95769168234605,4170
931,30,879,2,72,3,2,3,4695,1,3,10,3,8,4,1,7,0,1,0,0,0,0,1,0,0,0,0,0,0,1,0,0,0,0,5816402,195.9424843081368,9199
932,29,806,3,39,3,1,3,3339,1,3,10,2,7,7,7,7,0,1,0,0,0,0,0,0,1,0,0,1,0,0,0,0,0,0,4136521,165.1504906318175,5514
933,28,640,3,84,3,1,1,2080,0,3,5,2,3,2,1,2,0,1,0,0,0,0,0,0,1,0,0,0,0,0,0,1,0,0,2576809,144.4622789852946,3004
934,25,266,3,40,3,1,2,2096,0,3,2,3,2,2,2,1,0,1,0,0,0,0,1,0,0,0,0,0,0,0,0,1,0,0,2596630,157.4723518894817,3300
935,32,604,3,56,4,2,4,6209,0,3,10,4,10,7,0,8,0,0,1,0,0,0,1,0,0,0,0,0,0,0,0,0,1,0,7692022,178.68514580214637,11094
936,45,364,3,83,3,5,2,18061,0,4,22,4,0,0,0,0,0,1,0,0,0,0,1,0,0,0,0,0,1,0,0,0,0,0,22374876,224.89109003640078,40617
937,39,412,4,94,2,4,2,17123,1,3,21,4,19,9,15,2,0,1,0,0,0,0,1,0,0,0,0,0,1,0,0,0,0,0,21212834,225.60218880083534,38629
938,58,848,4,88,3,1,3,2372,0,3,2,3,2,2,2,2,0,1,0,0,1,0,0,0,0,0,0,0,0,0,0,1,0,0,2938553,137.29372105541339,3256
939,32,1089,2,79,3,2,3,4883,0,3,10,3,10,4,1,1,0,1,0,0,1,0,0,0,0,0,0,1,0,0,0,0,0,0,6049306,169.65640035008525,8284
940,39,360,3,93,3,1,1,3904,0,3,6,2,5,2,0,3,0,1,0,0,0,0,1,0,0,0,0,0,0,0,0,1,0,0,4836472,145.05078391878536,5662
941,30,1138,3,48,2,2,4,4627,0,3,10,6,9,2,6,7,0,1,0,0,0,0,0,0,1,0,0,1,0,0,0,0,0,0,5732161,165.80171525560993,7671
942,36,325,4,63,3,3,3,7094,0,3,10,0,7,7,1,7,0,1,0,0,0,0,0,0,1,1,0,0,0,0,0,0,0,0,8788404,183.17383561917262,12994
943,46,991,2,44,3,1,1,3423,0,3,10,3,7,6,5,7,1,0,0,0,1,0,0,0,0,0,1,0,0,0,0,0,0,0,4240585,148.03372335083955,5067
944,28,1476,3,55,1,2,4,6674,0,3,10,6,9,8,7,5,0,1,0,0,1,0,0,0,0,0,0,1,0,0,0,0,0,0,8268087,168.08205950689833,11217
945,50,1322,3,43,3,4,1,16880,1,3,25,2,3,2,1,2,0,1,0,0,1,0,0,0,0,0,0,0,0,0,1,0,0,0,20911794,199.69353368295657,33708
946,40,299,4,57,2,3,2,9094,1,3,9,2,5,4,1,0,0,0,1,0,0,1,0,0,0,0,0,0,0,0,0,0,1,0,11266105,184.12155619794547,16744
947,52,1030,3,64,3,3,2,8446,1,3,10,2,8,7,7,7,0,0,1,0,1,0,0,0,0,0,0,0,0,0,0,0,1,0,10463330,205.00366899997562,17314
948,30,634,4,95,3,3,1,11916,1,4,9,2,9,1,0,8,0,1,0,0,0,0,1,0,0,0,0,0,1,0,0,0,0,0,14762141,208.53468421291757,24848
949,39,524,2,32,3,2,3,4534,0,3,9,6,8,7,1,7,0,1,0,0,1,0,0,0,0,0,0,0,0,1,0,0,0,0,5616947,165.22314410736718,7491
950,31,587,4,57,3,3,3,9852,1,3,10,5,10,8,9,6,0,0,1,0,1,0,0,0,0,0,0,0,0,0,0,0,1,0,12205154,199.95708733619327,19699
951,41,256,2,40,1,2,2,6151,0,3,19,4,19,2,11,9,0,0,1,0,0,0,1,0,0,0,0,0,0,0,0,0,1,0,7620168,178.47579438216542,10978
952,31,1060,3,54,3,1,2,2302,1,3,3,2,3,2,2,2,0,0,1,0,1,0,0,0,0,0,0,0,0,0,0,0,0,1,2851833,162.70026688666027,3745
953,44,935,3,89,3,1,1,2362,0,3,10,4,3,2,1,2,0,1,0,0,1,0,0,0,0,0,0,1,0,0,0,0,0,0,2926165,141.95265106398804,3352
954,42,495,1,37,3,4,3,17861,1,3,21,3,20,8,2,10,0,1,0,0,1,0,0,0,0,0,0,0,1,0,0,0,0,0,22127106,239.89833900080015,42848
955,55,282,2,58,1,5,3,19187,0,3,23,5,19,9,9,11,0,1,0,0,0,0,1,0,0,0,0,0,1,0,0,0,0,0,23769822,239.40457885980476,45934
956,56,206,4,99,3,5,2,19717,0,3,36,4,7,3,7,7,1,0,0,0,1,0,0,0,0,0,0,0,1,0,0,0,0,0,24426412,222.72645016199445,43914
957,40,458,2,74,3,1,3,3544,0,3,6,0,4,2,0,0,0,1,0,0,1,0,0,0,0,0,0,0,0,0,0,1,0,0,4390486,152.725186655841,5412
958,34,943,3,86,3,3,4,8500,0,3,10,0,9,7,1,6,0,1,0,0,1,0,0,0,0,1,0,0,0,0,0,0,0,0,10530228,192.55854746828828,16367
959,40,523,3,98,3,2,4,4661,0,3,9,4,9,8,8,8,0,1,0,0,1,0,0,0,0,0,0,0,0,0,0,1,0,0,5774281,173.4232706284506,8083
960,41,1018,3,66,3,2,1,4103,0,3,10,2,9,3,1,7,0,0,1,0,0,1,0,0,0,0,0,0,0,0,0,0,1,0,5083003,168.7147534375631,6922
961,35,482,4,87,3,2,3,4249,1,3,9,3,9,6,1,1,0,1,0,0,1,0,0,0,0,0,0,0,0,0,0,1,0,0,5263875,181.5674143842973,7714
962,51,770,3,84,3,4,2,14026,1,3,33,2,33,9,0,10,1,0,0,0,1,0,0,0,0,0,0,0,1,0,0,0,0,0,17376115,273.5297528994605,38365
963,38,1009,2,31,3,2,1,6893,0,3,11,3,7,7,1,7,0,0,1,0,1,0,0,0,0,0,0,0,0,0,0,0,1,0,8539395,179.27676436278585,12357
964,34,507,2,66,3,2,1,6125,0,3,10,6,10,8,9,6,0,0,1,0,0,0,1,0,0,0,0,0,0,0,0,0,1,0,7587958,176.94418180366836,10837
965,25,882,1,67,3,1,4,3669,0,3,7,6,3,2,1,2,0,1,0,0,0,0,1,0,0,0,0,1,0,0,0,0,0,0,4545342,150.92521934617406,5537
966,58,601,4,53,2,3,1,10008,1,3,31,0,10,9,5,9,0,1,0,0,0,0,1,0,0,0,0,0,0,1,0,0,0,0,12398414,199.99650121886714,20015
967,40,329,4,88,3,1,2,2387,0,4,7,3,4,2,0,3,0,1,0,0,1,0,0,0,0,0,0,1,0,0,0,0,0,0,2957136,161.74684378421102,3860
968,36,607,3,83,4,2,1,4639,0,3,17,2,15,7,6,13,0,0,1,0,0,1,0,0,0,0,0,0,0,0,0,0,1,0,5747027,198.1579667420077,9192
969,48,855,3,54,3,3,4,7898,0,3,11,2,10,9,0,8,0,1,0,0,1,0,0,0,0,0,0,0,0,1,0,0,0,0,9784440,192.859985803881,15232
970,27,1291,3,98,4,1,4,2534,0,3,5,4,1,0,0,0,0,0,1,0,0,0,1,0,0,0,0,0,0,0,0,0,0,1,3139247,153.32697387258548,3885
971,51,1405,2,82,2,4,2,13142,0,3,29,1,5,2,0,3,0,1,0,0,0,0,0,0,1,0,0,0,0,1,0,0,0,0,16280971,193.5446978246174,25435
972,18,1124,3,97,3,1,4,1611,0,3,0,5,0,0,0,0,0,1,0,0,1,0,0,0,0,0,0,1,0,0,0,0,0,0,1995788,136.77091077167194,2203
973,35,817,3,60,2,2,4,5363,0,3,10,0,9,7,0,0,0,1,0,0,0,0,1,0,0,0,0,1,0,0,0,0,0,0,6643954,169.7665296121833,9104
974,27,793,1,43,1,2,4,5071,0,4,8,3,6,2,0,0,0,0,1,0,1,0,0,0,0,0,0,0,0,0,0,0,1,0,6282210,181.71146385591962,9214
975,55,267,4,85,4,4,3,13695,1,3,24,2,19,7,3,8,0,0,1,0,0,1,0,0,0,0,0,0,0,0,0,0,1,0,16966056,256.4344567937031,35118
976,56,1369,3,68,3,4,2,13402,1,3,33,0,19,16,15,9,0,1,0,0,1,0,0,0,0,0,0,0,0,1,0,0,0,0,16603072,239.772739867339,32134
977,34,999,1,92,2,1,3,2029,0,4,5,2,5,4,0,0,0,1,0,0,0,0,0,0,1,0,0,0,0,0,0,1,0,0,2513627,164.72673054040914,3342
978,40,1202,1,89,4,2,3,6377,0,4,15,0,12,11,11,8,0,1,0,0,0,0,1,0,0,1,0,0,0,0,0,0,0,0,7900149,216.49671372344056,13805
979,34,285,3,86,3,2,3,5429,0,3,10,1,8,7,7,7,0,1,0,0,0,0,1,0,0,0,0,1,0,0,0,0,0,0,6725719,162.52643908826846,8823
980,31,703,3,90,2,1,4,2785,0,3,3,3,1,0,0,0,0,0,1,0,1,0,0,0,0,0,0,0,0,0,0,0,0,1,3450198,127.91295463974154,3562
981,35,662,4,67,3,2,3,4614,1,3,5,0,4,2,3,2,0,0,1,0,0,1,0,0,0,0,0,0,0,0,0,0,1,0,5716056,180.8125630539198,8342
982,38,693,3,57,4,1,3,2610,0,3,4,2,4,2,0,3,0,1,0,0,1,0,0,0,0,0,0,0,0,0,0,1,0,0,3233399,142.68223272050093,3724
983,34,404,4,98,3,2,4,6687,0,3,14,2,14,11,4,11,0,1,0,0,0,0,0,0,1,1,0,0,0,0,0,0,0,0,8284192,194.8997168758514,13032
984,28,736,3,48,2,2,1,4724,0,3,5,0,5,3,0,4,0,0,1,0,1,0,0,0,0,0,0,0,0,0,0,0,1,0,5852329,159.68890269189885,7543
985,31,330,4,98,3,2,3,6179,1,3,10,3,10,2,6,7,0,1,0,0,0,0,1,0,0,0,0,0,0,1,0,0,0,0,7654856,180.77364926054761,11170
986,39,1498,4,44,2,2,4,6120,1,3,8,2,5,4,1,4,0,0,1,0,1,0,0,0,0,0,0,0,0,0,0,0,1,0,7581764,152.7677644198766,9349
987,51,541,3,52,3,3,2,10596,0,3,14,5,4,2,3,2,0,0,1,0,0,1,0,0,0,0,0,0,0,0,0,0,1,0,13126858,183.38962727716105,19431
988,41,1200,3,75,3,2,4,5467,1,3,12,4,6,2,3,3,0,1,0,0,1,0,0,0,0,0,0,0,0,0,0,1,0,0,6772795,188.38272013082334,10298
989,37,1439,1,54,3,1,3,2996,1,3,8,2,6,4,1,3,0,1,0,0,1,0,0,0,0,0,0,0,0,0,0,1,0,0,3711596,161.8641668687799,4849
990,33,1111,1,61,3,2,4,9998,0,3,8,2,5,4,1,2,0,0,1,0,1,0,0,0,0,0,0,0,0,0,0,0,1,0,12386026,159.45829373340842,15942
991,32,499,1,36,3,2,2,4078,1,3,4,3,3,2,1,2,0,0,1,0,0,1,0,0,0,0,0,0,0,0,0,0,1,0,5052032,159.83098127157027,6517
992,39,1485,2,71,3,3,3,10920,0,4,13,2,6,4,0,5,0,1,0,0,1,0,0,0,0,1,0,0,0,0,0,0,0,0,13528246,218.52018803640388,23862
993,25,1372,1,93,4,2,3,6232,0,3,6,3,3,2,1,2,0,0,1,0,1,0,0,0,0,0,0,0,0,0,0,0,1,0,7720515,176.31391747612727,10987
994,52,322,2,59,4,4,3,13247,1,3,24,3,5,3,0,2,0,1,0,0,0,0,1,0,0,0,0,0,0,1,0,0,0,0,16411051,223.2875860286689,29578
995,43,930,3,73,2,2,3,4081,1,3,20,3,20,7,1,8,0,1,0,0,0,0,1,0,0,0,0,0,0,0,0,1,0,0,5055748,200.84408972097958,8196
996,27,205,3,98,2,2,4,5769,1,3,6,3,6,2,4,4,0,0,1,0,0,1,0,0,0,0,0,0,0,0,0,0,1,0,7146928,164.1192350996542,9468
997,27,135,4,51,3,1,3,2394,1,3,8,2,8,2,7,7,0,1,0,0,1,0,0,0,0,0,0,0,0,0,0,1,0,0,2965808,159.79833343960752,3825
998,26,683,1,36,2,1,4,3904,0,3,5,2,4,3,1,1,0,1,0,0,0,0,1,0,0,0,0,0,0,0,0,1,0,0,4836472,137.88882219362426,5383
999,42,1147,3,31,3,4,1,16799,0,3,21,5,20,7,0,9,1,0,0,1,0,0,0,0,0,0,0,0,1,0,0,0,0,0,20811447,231.98447721882508,38971
1000,52,258,4,54,3,1,1,2950,0,3,12,2,5,4,0,4,0,1,0,0,0,0,0,1,0,0,0,1,0,0,0,0,0,0,3654609,137.8360576654402,4066
1001,37,1462,3,94,3,1,3,3629,0,3,8,6,3,2,0,2,0,1,0,0,0,0,1,0,0,0,0,1,0,0,0,0,0,0,4495788,155.38647532410147,5638
1002,35,200,2,60,3,3,4,9362,0,3,10,2,2,2,2,2,0,1,0,0,1,0,0,0,0,0,0,0,0,1,0,0,0,0,11598117,159.79260216493932,14959
1003,25,949,3,81,3,1,4,3229,0,3,7,2,3,2,0,2,0,1,0,0,0,0,0,0,1,0,0,1,0,0,0,0,0,0,4000248,141.37428731274863,4564
1004,26,652,3,100,4,1,1,3578,0,3,8,2,7,7,0,7,0,1,0,0,0,0,0,1,0,0,0,1,0,0,0,0,0,0,4432607,160.3472668173183,5737
1005,29,332,3,51,2,3,1,7988,0,3,10,3,10,9,0,9,1,0,0,0,0,0,0,1,0,0,1,0,0,0,0,0,0,0,9895937,193.34921315384267,15444
1006,49,1475,2,97,2,2,1,4284,0,4,20,2,4,3,1,3,0,1,0,0,1,0,0,0,0,0,0,1,0,0,0,0,0,0,5307235,171.58525990936548,7350
1007,29,337,1,84,3,3,4,7553,1,3,9,1,8,7,7,7,0,1,0,0,0,0,0,1,0,1,0,0,0,0,0,0,0,0,9357037,209.17456969981754,15798
1008,54,971,3,54,3,4,4,17328,0,3,29,3,20,7,12,7,0,1,0,0,0,0,1,0,0,0,0,0,0,0,1,0,0,0,21466799,251.41292523686027,43564
1009,58,1055,3,76,3,5,1,19701,1,4,32,3,9,8,1,5,0,1,0,0,0,0,1,0,0,0,0,0,0,0,1,0,0,0,24406591,255.4009642826666,50316
1010,55,1136,4,81,4,4,4,14732,0,3,31,4,7,7,0,0,0,1,0,0,0,0,1,0,0,0,0,0,0,0,1,0,0,0,18250743,217.5199047018319,32045
1011,36,1174,4,99,3,2,2,9278,1,3,15,3,5,4,0,1,0,0,1,0,0,1,0,0,0,0,0,0,0,0,0,0,1,0,11494054,189.11995945359917,17546
1012,31,667,4,50,1,1,3,1359,0,3,1,3,1,0,0,0,0,0,1,0,1,0,0,0,0,0,0,0,0,0,0,0,0,1,1683598,127.89026970959607,1738
1013,30,855,4,73,3,2,1,4779,0,3,8,3,3,2,0,2,0,0,1,0,0,1,0,0,0,0,0,0,0,0,0,0,1,0,5920466,149.9117575497857,7164
1014,31,182,5,93,3,4,2,16422,0,3,9,3,3,2,1,0,0,1,0,0,1,0,0,0,0,0,0,0,0,0,1,0,0,0,20344400,194.98344552437558,32020
1015,34,560,4,91,3,1,1,2996,0,3,10,2,4,3,1,3,0,1,0,0,0,0,0,1,0,0,0,0,0,0,0,1,0,0,3711596,141.64606717842793,4243
1016,31,202,3,34,2,1,2,1261,0,3,1,3,1,0,0,0,0,1,0,0,1,0,0,0,0,0,0,0,0,0,0,1,0,0,1562190,123.35329965618159,1555
1017,27,1377,1,91,3,1,1,2099,0,3,6,3,5,0,1,4,0,1,0,0,1,0,0,0,0,0,0,1,0,0,0,0,0,0,2600347,160.8001046890124,3375
1018,36,172,4,37,2,2,4,5810,0,3,10,2,10,4,1,8,0,1,0,0,1,0,0,0,0,0,0,1,0,0,0,0,0,0,7197721,167.85799697983978,9752
1019,36,329,4,98,2,2,1,5647,0,3,11,3,3,2,0,2,0,0,1,0,0,1,0,0,0,0,0,0,0,0,0,0,1,0,6995788,141.48182746240386,7989
1020,47,465,3,74,3,1,4,3420,0,3,17,2,6,5,1,2,0,1,0,0,0,0,0,0,1,0,0,0,0,0,0,1,0,0,4236868,143.853845888172,4919
1021,25,383,2,68,2,1,1,4400,0,3,6,2,3,2,2,2,0,0,1,0,1,0,0,0,0,0,0,0,0,0,0,0,0,1,5450942,157.95919228558674,6950
1022,37,1413,2,84,4,1,3,3500,0,3,7,2,6,5,1,3,0,1,0,0,0,0,0,0,1,0,0,1,0,0,0,0,0,0,4335976,151.83074081471747,5314
1023,56,1255,2,90,3,1,1,2066,0,4,5,3,3,2,1,0,0,1,0,0,1,0,0,0,0,0,0,0,0,0,0,1,0,0,2559465,166.38737796109038,3437
1024,47,359,4,82,3,4,3,17169,0,3,26,2,20,17,5,6,0,1,0,0,0,0,1,0,0,0,0,0,0,0,1,0,0,0,21269822,235.4938055188735,40431
1025,24,1476,1,42,3,2,3,4162,1,3,5,3,5,4,0,3,0,0,1,0,0,0,1,0,0,0,0,0,0,0,0,0,1,0,5156095,173.53986534798858,7222
1026,32,601,5,97,3,2,4,9204,0,3,7,3,4,3,0,3,0,0,1,0,0,1,0,0,0,0,0,0,0,0,0,0,1,0,11402379,163.80941456210147,15077
1027,34,401,3,86,2,1,2,3294,0,3,7,2,5,4,0,2,0,1,0,0,1,0,0,0,0,0,0,1,0,0,0,0,0,0,4080773,138.2526217358687,4554
1028,41,1283,5,90,4,1,3,2127,1,3,7,5,4,2,0,3,0,1,0,0,0,0,1,0,0,0,0,0,0,0,0,1,0,0,2635035,168.56998791188533,3585
1029,40,663,4,81,3,2,3,3975,0,3,11,2,8,7,0,7,0,1,0,0,0,0,0,1,0,0,0,1,0,0,0,0,0,0,4924430,168.12208444486097,6682
1030,31,326,2,31,3,3,4,10793,0,3,13,5,13,7,9,9,0,0,1,0,1,0,0,0,0,0,0,0,0,0,0,0,1,0,13370912,188.89108113028365,20387
1031,46,377,3,52,3,3,4,10096,0,3,28,1,7,7,4,3,0,0,1,0,0,1,0,0,0,0,0,0,0,0,0,0,1,0,12507433,184.85846489754618,18663
1032,39,592,3,54,2,1,1,3646,1,4,11,2,1,0,0,0,0,1,0,0,1,0,0,0,0,0,0,1,0,0,0,0,0,0,4516848,151.20711461409462,5513
1033,31,1445,5,100,4,3,2,7446,0,3,10,2,10,8,4,7,0,1,0,0,1,0,0,0,0,0,0,0,0,1,0,0,0,0,9224480,199.59759748811217,14862
1034,45,1038,3,95,1,3,1,10851,1,3,24,2,7,7,0,7,0,1,0,0,0,0,1,0,0,1,0,0,0,0,0,0,0,0,13442765,174.93349800162053,18982
1035,31,1398,2,96,4,1,2,2109,0,3,8,3,3,2,0,2,1,0,0,0,0,0,1,0,0,0,1,0,0,0,0,0,0,0,2612735,150.35782521821173,3171
1036,31,523,3,94,3,1,4,3722,1,3,7,2,2,2,2,2,0,1,0,0,1,0,0,0,0,0,0,1,0,0,0,0,0,0,4611001,143.75419807304792,5350
1037,45,1448,3,55,3,3,4,9380,1,3,10,4,3,1,1,2,0,1,0,0,0,0,0,0,1,0,0,0,0,1,0,0,0,0,11620416,176.63855700127277,16568
1038,48,1221,3,96,3,2,1,5486,0,3,15,3,2,2,2,2,0,0,1,0,0,1,0,0,0,0,0,0,0,0,0,0,1,0,6796333,161.2146611680013,8844
1039,34,1107,4,52,3,1,3,2742,0,3,2,0,2,2,2,2,1,0,0,0,0,0,0,0,1,0,1,0,0,0,0,0,0,0,3396928,140.3009763484798,3847
1040,40,218,1,55,2,3,2,13757,0,3,16,5,9,8,4,8,0,1,0,0,0,0,1,0,0,0,0,0,0,0,1,0,0,0,17042864,178.28902807862832,24527
1041,28,866,3,84,3,2,1,8463,0,3,6,4,5,4,1,3,0,0,1,0,0,0,1,0,0,0,0,0,0,0,0,0,1,0,10484390,176.46234676737555,14934
1042,44,981,3,90,2,1,3,3162,0,3,7,5,5,2,0,3,0,1,0,0,1,0,0,0,0,0,0,1,0,0,0,0,0,0,3917245,138.076529438246,4365
1043,53,447,3,39,4,4,2,16598,0,3,35,2,9,8,8,8,0,1,0,0,0,0,1,0,0,0,0,0,0,0,1,0,0,0,20562438,218.46906835872105,36261
1044,49,1495,4,96,3,2,3,6651,0,3,20,0,3,2,1,2,0,1,0,0,0,0,0,0,1,1,0,0,0,0,0,0,0,0,8239594,164.3470942021546,10930
1045,40,896,3,68,3,1,3,2345,0,3,8,3,3,1,1,2,0,1,0,0,0,0,1,0,0,0,0,0,0,0,0,1,0,0,2905104,150.1105420146851,3520
1046,44,1467,3,49,3,1,2,3420,0,3,6,3,5,2,1,3,0,1,0,0,1,0,0,0,0,0,0,0,0,0,0,1,0,0,4236868,151.07374305519394,5166
1047,33,430,3,54,3,2,1,4373,0,3,5,2,4,3,0,3,0,0,1,0,0,0,1,0,0,0,0,0,0,0,0,0,1,0,5417493,158.8766884968377,6947
1048,34,1326,3,81,1,2,1,4759,0,3,15,2,13,9,3,12,0,0,1,0,0,0,0,1,0,0,0,0,0,0,0,0,1,0,5895689,170.28441356297444,8103
1049,30,1358,1,96,3,2,3,5301,0,3,4,2,2,1,2,2,0,0,1,0,1,0,0,0,0,0,0,0,0,0,0,0,1,0,6567146,157.232495951292,8334
1050,42,748,2,74,3,1,4,3673,0,3,12,3,12,9,5,8,0,1,0,0,0,0,1,0,0,0,0,1,0,0,0,0,0,0,4550297,172.70149136778844,6343
1051,44,383,5,79,3,2,3,4768,0,3,11,4,1,0,0,0,0,0,1,0,0,1,0,0,0,0,0,0,0,0,0,0,1,0,5906838,163.10534429863594,7776
1052,30,990,3,64,3,1,3,1274,0,3,1,2,1,0,0,0,0,1,0,0,0,0,0,0,1,0,0,0,0,0,0,1,0,0,1578295,134.6477391572602,1715
1053,57,405,2,93,4,2,3,4900,0,4,13,2,12,9,2,8,0,1,0,0,1,0,0,0,0,0,0,0,0,0,0,1,0,0,6070367,208.00120328858117,10192
1054,49,1490,4,35,3,3,2,10466,0,3,29,3,8,7,0,7,0,1,0,0,1,0,0,0,0,1,0,0,0,0,0,0,0,0,12965808,183.7266871982867,19228
1055,34,829,3,71,3,4,1,17007,0,3,16,3,14,8,6,9,0,1,0,0,0,0,1,0,0,0,0,0,0,0,1,0,0,0,21069128,213.92127810586888,36381
1056,28,1496,3,92,3,1,3,2909,0,3,5,3,3,2,1,2,0,0,1,0,0,0,0,0,1,0,0,0,0,0,0,0,0,1,3603816,142.3387252666094,4140
1057,29,115,3,51,3,2,2,5765,0,3,7,4,5,3,0,0,0,0,1,0,0,0,0,0,1,0,0,0,0,0,0,0,1,0,7141972,155.52696689963145,8966
1058,34,790,4,40,2,2,2,4599,1,4,16,2,15,9,10,10,0,0,1,0,0,0,1,0,0,0,0,0,0,0,0,0,1,0,5697473,206.77319067987244,9509
1059,35,660,1,76,3,1,3,2404,0,3,1,3,1,0,0,0,0,0,1,0,1,0,0,0,0,0,0,0,0,0,0,0,0,1,2978196,138.16823877753356,3321
1060,24,381,3,89,3,1,1,3172,1,3,4,2,0,0,0,0,0,1,0,0,0,0,1,0,0,0,0,1,0,0,0,0,0,0,3929633,140.3263163930129,4451
1061,24,830,2,78,3,1,2,2033,0,3,1,2,1,0,0,0,0,0,1,0,1,0,0,0,0,0,0,0,0,0,0,0,0,1,2518583,133.28882224326128,2709
1062,44,1193,1,86,3,3,3,10209,1,3,16,2,2,2,2,2,0,1,0,0,0,0,1,0,0,0,0,0,0,1,0,0,0,0,12647423,177.00938475541233,18070
1063,29,1246,3,77,2,2,3,8620,0,3,10,3,10,7,0,4,0,0,1,0,1,0,0,0,0,0,0,0,0,0,0,0,1,0,10678890,159.7821963757011,13773
1064,30,330,3,46,3,1,3,2064,0,4,6,3,5,3,1,3,1,0,0,0,1,0,0,0,0,0,1,0,0,0,0,0,0,0,2556987,152.59747315577653,3149
1065,55,1229,4,30,3,2,3,4035,1,3,4,2,3,2,1,2,0,1,0,0,1,0,0,0,0,1,0,0,0,0,0,0,0,0,4998761,166.4402148316432,6715
1066,33,1099,4,82,2,1,2,3838,0,3,8,5,5,4,0,2,0,1,0,0,0,0,1,0,0,0,0,1,0,0,0,0,0,0,4754708,151.09663983190498,5799
1067,47,571,3,78,3,2,3,4591,1,3,11,4,5,4,1,2,0,0,1,0,0,0,1,0,0,0,0,0,0,0,0,0,1,0,5687562,170.4396617868242,7824
1068,28,289,2,38,2,1,1,2561,0,3,8,2,0,0,0,0,0,1,0,0,0,0,1,0,0,0,0,1,0,0,0,0,0,0,3172696,126.55312163277952,3241
1069,28,1423,3,72,2,1,3,1563,0,3,1,2,1,0,0,0,0,1,0,0,1,0,0,0,0,0,0,0,0,0,0,1,0,0,1936323,133.84363240618563,2091
1070,28,467,3,55,3,2,1,4898,0,3,5,5,4,2,1,3,0,0,1,0,1,0,0,0,0,0,0,0,0,0,0,0,1,0,6067889,165.5941303088868,8110
1071,49,271,2,43,2,2,1,4789,0,4,10,3,3,2,1,2,0,1,0,0,0,0,1,0,0,0,0,1,0,0,0,0,0,0,5932854,164.23451298013896,7865
1072,29,410,1,97,3,1,2,3180,0,3,4,3,3,2,0,2,0,1,0,0,1,0,0,0,0,0,0,1,0,0,0,0,0,0,3939544,135.95229744260166,4323
1073,28,1083,1,96,1,2,2,6549,0,3,8,2,8,6,1,7,0,1,0,0,1,0,0,0,0,0,0,0,0,1,0,0,0,0,8113231,164.09670497552003,10746
1074,33,516,5,69,3,2,3,6388,1,3,14,6,0,0,0,0,0,1,0,0,1,0,0,0,0,1,0,0,0,0,0,0,0,0,7913776,170.30096437120332,10878
1075,32,495,3,64,3,3,4,11244,0,4,10,5,5,2,0,0,0,1,0,0,0,0,1,0,0,0,0,0,1,0,0,0,0,0,13929633,211.51964013853163,23783
1076,54,1050,4,87,3,4,4,16032,0,4,26,2,14,9,1,12,0,1,0,0,0,0,1,0,0,0,0,0,1,0,0,0,0,0,19861249,243.9862223442986,39115
1077,29,224,4,100,2,1,1,2362,0,3,11,2,9,7,0,7,0,1,0,0,0,0,0,0,1,0,0,0,0,0,0,1,0,0,2926165,152.86158092802248,3610
1078,44,136,3,32,3,4,1,16328,0,3,24,1,20,6,14,17,0,1,0,0,1,0,0,0,0,0,0,0,0,0,1,0,0,0,20227948,235.57801744479121,38465
1079,39,1089,3,32,3,3,2,8376,0,3,9,3,2,0,2,2,0,1,0,0,1,0,0,0,0,0,0,0,0,1,0,0,0,0,10376611,175.80744628198244,14725
1080,46,228,3,51,3,4,2,16606,0,3,23,2,13,12,5,1,0,0,1,0,1,0,0,0,0,0,0,0,1,0,0,0,0,0,20572349,224.12531741899207,37218
1081,35,1029,3,91,2,3,2,8606,0,3,11,3,11,8,3,3,0,1,0,0,1,0,0,0,0,1,0,0,0,0,0,0,0,0,10661546,197.49147405447422,16996
1082,23,507,1,97,3,2,3,2272,0,3,5,2,4,3,1,2,0,1,0,0,1,0,0,0,0,0,0,1,0,0,0,0,0,0,2814668,155.88731608025307,3541
1083,40,676,4,86,3,1,1,2018,0,3,15,3,5,4,1,0,0,1,0,0,1,0,0,0,0,0,0,1,0,0,0,0,0,0,2500000,154.85629539140794,3125
1084,34,971,3,64,2,3,3,7083,1,3,10,3,10,9,8,6,0,0,1,0,0,0,0,0,1,0,0,0,0,0,0,0,1,0,8774777,186.08457916378694,13180
1085,31,561,3,33,3,1,3,4084,0,3,7,2,7,2,7,7,0,1,0,0,1,0,0,0,0,0,0,0,0,0,0,1,0,0,5059465,157.04447792858744,6413
1086,50,333,5,88,1,4,4,14411,1,3,32,2,32,6,13,9,0,1,0,0,0,0,1,0,0,0,0,0,0,0,1,0,0,0,17853072,258.06505234811823,37189
1087,34,1440,2,55,3,1,3,2308,1,4,12,4,11,10,5,7,0,0,1,0,0,0,0,0,1,0,0,0,0,0,0,0,0,1,2859267,194.10590483715202,4479
1088,42,1210,3,68,2,1,2,4841,0,3,4,3,1,0,0,0,0,1,0,0,0,0,1,0,0,0,0,1,0,0,0,0,0,0,5997275,132.49713987655812,6414
1089,37,674,3,47,3,2,4,4285,0,3,10,2,10,8,3,7,0,1,0,0,0,0,1,0,0,0,0,0,0,0,0,1,0,0,5308474,183.50884990257114,7863
1090,29,441,1,39,1,2,1,9715,0,3,9,3,7,7,0,7,0,1,0,0,0,0,0,1,0,1,0,0,0,0,0,0,0,0,12035431,157.49137379174388,15300
1091,33,575,3,44,2,2,2,4320,0,3,5,2,5,3,0,2,0,1,0,0,1,0,0,0,0,0,0,0,0,1,0,0,0,0,5351833,149.82000342473404,6472
1092,45,950,3,97,3,1,4,2132,0,4,8,3,5,4,0,3,0,1,0,0,0,0,0,0,1,0,0,0,0,0,0,1,0,0,2641229,170.9491306842131,3644
1093,42,288,3,40,3,3,4,10124,1,3,24,3,20,8,13,9,0,1,0,0,1,0,0,0,0,1,0,0,0,0,0,0,0,0,12542121,223.14959686259286,22591
1094,40,1342,2,47,3,2,1,5473,0,3,9,5,8,4,7,1,0,0,1,0,0,0,1,0,0,0,0,0,0,0,0,0,1,0,6780228,159.83365821279705,8747
1095,33,589,4,79,3,2,3,5207,1,3,15,3,15,14,5,7,0,1,0,0,1,0,0,0,0,0,0,1,0,0,0,0,0,0,6450694,178.8035712136866,9310
1096,40,898,2,38,3,4,4,16437,1,4,21,2,21,7,7,7,1,0,0,0,0,0,1,0,0,0,0,0,1,0,0,0,0,0,20362983,264.823907915844,43529
1097,24,350,2,57,2,1,1,2296,0,3,2,3,1,1,0,0,0,1,0,0,0,0,0,0,1,0,0,1,0,0,0,0,0,0,2844400,132.3966545597693,3039
1098,40,1142,2,72,3,2,4,4069,1,3,8,2,2,2,2,2,0,1,0,0,1,0,0,0,0,1,0,0,0,0,0,0,0,0,5040882,165.8388959186256,6747
1099,45,538,4,66,3,3,2,7441,0,3,10,4,10,8,7,7,0,1,0,0,0,0,0,0,1,1,0,0,0,0,0,0,0,0,9218285,183.29405072947822,13638
1100,35,1402,4,98,2,1,3,2430,0,4,6,5,5,3,4,2,0,0,1,0,1,0,0,0,0,0,0,0,0,0,0,0,0,1,3010406,166.46207497775288,4045
1101,32,824,2,67,2,2,2,5878,0,3,12,2,7,1,2,5,0,1,0,0,1,0,0,0,0,0,0,0,0,0,0,1,0,0,7281962,167.63269365491573,9853
1102,36,1157,4,70,3,1,4,2644,1,4,7,3,3,2,1,2,0,0,1,0,1,0,0,0,0,0,0,0,0,0,0,0,0,1,3275520,160.90817081623442,4254
1103,48,492,4,96,3,2,3,6439,0,3,18,2,8,7,7,7,0,0,1,0,1,0,0,0,0,0,0,0,0,0,0,0,1,0,7976957,171.1612452688496,11021
1104,29,598,3,91,4,1,3,2451,0,3,5,2,1,0,0,0,0,1,0,0,1,0,0,0,0,0,0,0,0,0,0,1,0,0,3036422,137.2521404400513,3364
1105,33,1242,4,46,3,2,1,6392,0,3,8,6,2,2,2,2,0,0,1,0,1,0,0,0,0,0,0,0,0,0,0,0,1,0,7918731,162.23579979919916,10370
1106,30,740,3,64,2,2,1,9714,0,3,10,4,10,8,6,7,0,0,1,0,1,0,0,0,0,0,0,0,0,0,0,0,1,0,12034192,168.50706995417812,16368
1107,38,888,4,71,3,2,3,6077,0,3,10,2,6,3,1,2,1,0,0,1,0,0,0,0,0,0,1,0,0,0,0,0,0,0,7528494,166.12495934879578,10095
1108,35,992,3,68,2,1,1,2450,0,3,3,3,3,0,1,2,0,1,0,0,0,0,1,0,0,0,0,1,0,0,0,0,0,0,3035183,136.71880528244654,3349
1109,30,1288,4,33,3,3,2,9250,0,3,9,3,4,2,1,3,0,0,1,0,0,0,0,0,1,0,0,0,0,0,0,0,1,0,11459366,164.75890234643333,15240
1110,35,104,3,69,3,1,1,2074,1,3,1,2,1,0,0,0,0,1,0,0,1,0,0,0,0,0,0,1,0,0,0,0,0,0,2569376,155.86109814314815,3232
1111,53,607,5,78,2,3,4,10169,0,3,34,4,33,7,1,9,0,1,0,0,0,0,0,0,1,0,0,0,0,1,0,0,0,0,12597869,248.7612589438179,25296
1112,38,903,3,81,3,2,2,4855,0,3,7,2,5,2,1,4,0,1,0,0,0,0,1,0,0,0,0,0,0,1,0,0,0,0,6014618,173.9602885179699,8445
1113,32,1200,4,62,3,2,1,4087,0,3,9,3,6,5,1,2,0,1,0,0,0,0,0,0,1,0,0,0,0,0,0,1,0,0,5063181,168.15860916193898,6872
1114,48,1108,4,65,3,1,1,2367,0,3,10,3,8,2,7,6,0,1,0,0,0,0,0,1,0,0,0,0,0,0,0,1,0,0,2932359,159.67053103022076,3779
1115,34,479,4,35,3,1,4,2972,0,3,1,4,1,0,0,0,0,1,0,0,0,0,1,0,0,0,0,0,0,0,0,1,0,0,3681863,124.41430007906858,3697
1116,55,685,5,60,2,5,4,19586,0,4,36,3,36,6,2,13,0,0,1,0,0,1,0,0,0,0,0,0,1,0,0,0,0,0,24264123,295.23141805919386,57824
1117,34,1351,4,45,3,2,4,5484,0,3,9,3,2,2,2,1,0,1,0,0,1,0,0,0,0,0,0,0,0,0,0,1,0,0,6793855,156.12104195292704,8561
1118,26,474,3,89,3,1,4,2061,0,4,1,5,1,0,0,0,0,1,0,0,1,0,0,0,0,0,0,0,0,0,0,1,0,0,2553271,147.5800521424059,3041
1119,38,1245,3,80,3,2,2,9924,0,3,10,3,9,8,7,7,0,0,1,0,1,0,0,0,0,0,0,0,0,0,0,0,1,0,12294351,166.68069034244604,16541
1120,38,437,3,90,3,2,2,4198,0,3,8,5,3,2,1,2,0,0,1,0,1,0,0,0,0,0,0,0,0,0,0,0,1,0,5200694,154.266814467777,6476
1121,36,884,4,73,3,2,3,6815,0,3,15,5,1,0,0,0,0,0,1,0,1,0,0,0,0,0,0,0,0,0,0,0,1,0,8442765,153.2756675397906,10445
1122,29,1370,1,87,3,1,1,4723,1,3,10,3,10,9,1,5,0,1,0,0,0,0,1,0,0,0,0,1,0,0,0,0,0,0,5851090,170.53355131991594,8054
1123,35,670,4,51,3,2,3,6142,1,3,10,4,5,2,0,4,0,1,0,0,0,0,1,0,0,1,0,0,0,0,0,0,0,0,7609019,168.576277534445,10353
1124,39,1462,3,38,4,3,3,8237,0,3,11,3,7,6,7,6,0,0,1,0,0,0,1,0,0,0,0,0,0,0,0,0,1,0,10204410,191.5891895314549,15781
1125,29,995,1,87,3,2,4,8853,0,3,6,0,6,4,1,3,0,1,0,0,1,0,0,0,0,1,0,0,0,0,0,0,0,0,10967542,150.00717112635022,13280
1126,50,264,3,59,3,5,3,19331,1,3,27,2,1,0,0,0,0,0,1,0,0,1,0,0,0,0,0,0,1,0,0,0,0,0,23948216,223.90837857734445,43283
1127,23,977,3,45,4,1,3,2073,0,3,4,2,2,2,2,2,0,1,0,0,0,0,0,0,1,0,0,0,0,0,0,1,0,0,2568137,143.5857634819911,2976
1128,36,1302,4,80,4,2,1,5562,1,3,9,3,3,2,0,2,0,1,0,0,1,0,0,0,0,0,0,1,0,0,0,0,0,0,6890486,185.65557409589522,10326
1129,42,1059,2,93,2,5,4,19613,0,4,24,2,1,0,0,1,0,1,0,0,0,0,0,1,0,0,0,0,1,0,0,0,0,0,24297572,222.96156553621293,43729
1130,35,750,3,46,4,2,3,3407,0,3,10,3,10,9,6,8,0,1,0,0,1,0,0,0,0,0,0,1,0,0,0,0,0,0,4220763,177.80037627358843,6057
1131,34,653,4,92,2,2,3,5063,0,3,8,3,8,2,7,7,0,1,0,0,0,0,0,0,1,1,0,0,0,0,0,0,0,0,6272299,157.0842022781721,7953
1132,40,118,2,84,3,2,1,4639,0,3,5,2,5,4,1,2,0,0,1,0,1,0,0,0,0,0,0,0,0,0,0,0,1,0,5747027,172.27745124387576,7991
1133,43,990,3,87,4,1,2,4876,0,3,8,0,6,4,0,2,0,1,0,0,0,0,0,0,1,0,0,1,0,0,0,0,0,0,6040634,157.72357385699414,7690
1134,35,1349,2,63,2,1,4,2690,0,3,1,5,1,0,0,1,0,1,0,0,1,0,0,0,0,0,0,1,0,0,0,0,0,0,3332507,137.5349595643555,3699
1135,46,563,4,56,4,4,1,17567,0,3,27,5,26,0,0,12,0,0,1,0,1,0,0,0,0,0,0,0,1,0,0,0,0,0,21762884,263.08152563571184,46215
1136,28,329,3,51,3,1,2,2408,1,3,1,3,1,1,0,0,0,1,0,0,0,0,1,0,0,0,0,1,0,0,0,0,0,0,2983152,155.370660193066,3741
1137,22,457,2,85,2,1,3,2814,1,3,4,2,4,2,1,3,0,1,0,0,0,0,0,1,0,0,0,0,0,0,0,1,0,0,3486125,154.3737690216733,4344
1138,50,1234,5,41,3,4,3,11245,1,3,32,3,30,8,12,13,0,1,0,0,0,0,1,0,0,1,0,0,0,0,0,0,0,0,13930872,262.3906785736906,29505
1139,32,634,4,35,4,1,4,3312,0,3,6,3,3,2,0,2,0,1,0,0,0,0,0,1,0,0,0,0,0,0,0,1,0,0,4103072,146.2757981316798,4844
1140,44,1313,3,31,3,5,4,19049,1,3,23,4,22,7,1,10,0,1,0,0,0,0,1,0,0,0,0,0,0,0,1,0,0,0,23598860,268.3788816600605,51123
1141,30,241,3,48,2,1,2,2141,0,3,6,3,6,4,1,1,0,1,0,0,0,0,1,0,0,0,0,0,0,0,0,1,0,0,2652379,140.4909395101804,3007
1142,45,1015,5,50,1,2,1,5769,1,3,10,3,10,7,1,4,0,1,0,0,0,0,1,0,0,0,0,1,0,0,0,0,0,0,7146928,168.58559252286793,9725
1143,45,336,3,52,2,2,1,4385,0,3,10,2,10,7,4,5,0,0,1,0,0,1,0,0,0,0,0,0,0,0,0,0,1,0,5432359,155.07618432643795,6800
1144,31,715,4,54,3,2,1,5332,0,3,10,3,5,2,0,3,0,0,1,0,0,0,0,1,0,0,0,0,0,0,0,0,1,0,6605550,158.36557290574808,8444
1145,36,559,4,76,3,2,3,4663,1,3,7,2,3,2,1,1,0,1,0,0,1,0,0,0,0,0,0,0,0,1,0,0,0,0,5776759,167.37593968114734,7804
1146,34,426,4,42,4,2,4,4724,0,3,9,3,9,7,7,2,0,1,0,0,1,0,0,0,0,0,0,0,0,1,0,0,0,0,5852329,179.42202676692935,8475
1147,49,722,4,84,3,1,1,3211,0,3,10,3,9,6,1,4,0,1,0,0,1,0,0,0,0,0,0,1,0,0,0,0,0,0,3977948,159.65537129799196,5126
1148,39,1387,5,76,3,2,1,5377,0,3,10,3,7,7,7,7,0,1,0,0,0,0,1,0,0,0,0,0,0,1,0,0,0,0,6661298,166.77811689469357,8967
1149,27,1302,3,67,2,1,1,4066,0,3,7,3,7,7,0,7,0,1,0,0,0,0,0,1,0,0,0,1,0,0,0,0,0,0,5037166,149.39947418943655,6074
1150,35,819,5,48,4,2,1,5208,0,3,16,2,16,15,1,10,0,1,0,0,1,0,0,0,0,0,0,0,0,0,0,1,0,0,6451933,202.54918578566725,10548
1151,28,580,3,39,1,2,1,4877,0,4,6,5,5,3,0,0,0,1,0,0,0,0,1,0,0,0,0,0,0,1,0,0,0,0,6041873,177.1186354785605,8638
1152,21,546,1,97,3,1,4,3117,0,3,3,2,2,2,2,2,0,1,0,0,0,0,1,0,0,0,0,0,0,0,0,1,0,0,3861497,141.6108133660754,4414
1153,18,544,2,70,3,1,4,1569,1,3,0,2,0,0,0,0,0,0,1,0,0,0,1,0,0,0,0,0,0,0,0,0,0,1,1943756,166.88721120244549,2618
1154,47,1176,4,98,3,5,3,19658,0,3,27,2,5,2,1,0,1,0,0,0,1,0,0,0,0,0,0,0,1,0,0,0,0,0,24353320,213.98725425853894,42065
1155,39,170,2,76,2,2,3,3069,0,3,11,3,10,8,0,7,0,1,0,0,0,0,1,0,0,0,0,1,0,0,0,0,0,0,3802032,170.20483083293655,5223
1156,40,884,3,80,2,3,3,10435,0,3,18,2,18,15,14,12,0,1,0,0,1,0,0,0,0,0,0,0,0,1,0,0,0,0,12927403,204.07008328976545,21294
1157,35,208,4,52,3,2,3,4148,0,3,15,5,14,11,2,9,0,1,0,0,1,0,0,0,0,1,0,0,0,0,0,0,0,0,5138751,190.8505856600307,7916
1158,37,671,3,85,3,2,3,5768,0,3,9,2,4,3,0,2,0,1,0,0,1,0,0,0,0,0,0,0,0,1,0,0,0,0,7145689,154.37314864948686,8904
1159,39,711,3,81,3,2,3,5042,0,3,10,2,9,2,3,8,0,1,0,0,0,0,1,0,0,0,0,0,0,1,0,0,0,0,6246283,176.16270472315148,8882
1160,45,1329,2,59,2,2,4,5770,0,3,10,3,10,7,3,9,0,1,0,0,0,0,0,1,0,0,0,0,0,1,0,0,0,0,7148167,172.98245256564624,9981
1161,38,397,2,54,2,3,3,7756,1,3,10,6,5,4,0,2,0,1,0,0,0,0,1,0,0,0,0,0,0,1,0,0,0,0,9608523,179.06454847603447,13888
1162,35,737,3,55,2,3,1,10306,0,3,15,3,13,12,6,0,0,0,1,0,0,0,1,0,0,0,0,0,0,0,0,0,1,0,12767592,199.4630459295751,20556
1163,37,1470,3,71,3,1,2,3936,0,3,8,2,8,4,7,7,0,1,0,0,0,0,1,0,0,0,0,0,0,0,0,1,0,0,4876115,152.04105918359645,5984
1164,40,448,3,84,3,3,4,7945,1,3,18,2,4,2,3,3,0,1,0,0,1,0,0,0,0,0,0,0,0,1,0,0,0,0,9842666,186.95252225523805,14853
1165,44,602,5,37,3,2,4,5743,1,3,14,3,10,7,0,2,1,0,0,1,0,0,0,0,0,0,1,0,0,0,0,0,0,0,7114718,195.49126147065837,11227
1166,48,365,5,89,2,4,4,15202,0,4,23,3,2,2,2,2,0,1,0,0,0,0,1,0,0,0,0,0,1,0,0,0,0,0,18833003,198.05203723361132,30107
1167,35,763,2,59,1,2,4,5440,1,3,7,2,2,2,2,2,0,0,1,0,0,0,1,0,0,0,0,0,0,0,0,0,1,0,6739346,146.16235495151895,7951
1168,24,567,1,32,3,1,4,3760,1,3,6,2,6,3,1,3,0,1,0,0,0,0,0,0,1,0,0,0,0,0,0,1,0,0,4658077,153.98426003521865,5789
1169,27,486,3,86,4,1,3,3517,0,3,5,0,3,2,0,2,0,1,0,0,0,0,1,0,0,0,0,0,0,0,0,1,0,0,4357037,153.9574197870478,5414
1170,27,591,3,87,3,1,4,2580,0,3,6,0,4,2,1,2,0,1,0,0,0,0,1,0,0,0,0,0,0,0,0,1,0,0,3196234,140.68329388202423,3629
1171,40,1329,3,73,3,1,1,2166,1,3,10,3,4,2,0,3,0,1,0,0,1,0,0,0,0,0,0,1,0,0,0,0,0,0,2683350,166.2970973108118,3601
1172,29,469,3,42,2,2,3,5869,0,3,8,2,5,2,1,4,0,0,1,0,0,0,1,0,0,0,0,0,0,0,0,0,1,0,7270813,140.08000576593537,8221
1173,36,711,4,42,3,3,1,8008,0,3,9,6,3,2,0,2,0,1,0,0,1,0,0,0,0,1,0,0,0,0,0,0,0,0,9920714,177.9464085992652,14249
1174,25,772,1,77,4,2,3,5206,0,3,7,6,7,7,0,7,0,1,0,0,1,0,0,0,0,0,0,0,0,1,0,0,0,0,6449455,179.74740738597842,9357
1175,39,492,3,66,3,2,2,5295,0,4,7,3,5,4,1,0,0,1,0,0,0,0,1,0,0,0,0,0,0,1,0,0,0,0,6559713,188.0517903177258,9957
1176,49,301,4,72,3,4,2,16413,0,3,27,2,4,2,1,2,0,1,0,0,0,0,0,1,0,0,0,0,0,0,1,0,0,0,20333251,191.21113985833875,31383
1177,50,813,5,50,2,3,1,13269,0,3,19,3,14,11,1,11,0,1,0,0,1,0,0,0,0,0,0,0,0,0,1,0,0,0,16438305,184.12005140988185,24430
1178,20,1141,3,31,3,1,3,2783,0,3,2,3,2,2,2,2,0,0,1,0,0,0,1,0,0,0,0,0,0,0,0,0,0,1,3447721,134.75255280271776,3750
1179,34,1130,3,66,3,2,2,5433,0,3,11,2,11,8,7,9,0,1,0,0,1,0,0,0,0,0,0,0,0,0,0,1,0,0,6730674,174.70641071058483,9491
1180,36,311,3,77,3,1,2,2013,0,3,15,4,4,3,1,3,0,1,0,0,1,0,0,0,0,0,0,1,0,0,0,0,0,0,2493806,136.76618666837754,2753
1181,49,465,1,41,2,4,3,13966,1,3,30,3,15,11,2,12,0,1,0,0,1,0,0,0,0,1,0,0,0,0,0,0,0,0,17301784,221.22683956780014,30896
1182,36,894,4,33,2,2,3,4374,0,3,4,6,3,2,1,2,0,1,0,0,0,0,1,0,0,0,0,0,0,1,0,0,0,0,5418731,142.03910497145694,6212
1183,36,1040,2,79,4,2,1,6842,0,4,13,3,5,4,0,4,0,1,0,0,1,0,0,0,0,1,0,0,0,0,0,0,0,0,8476214,192.9023223036017,13198
1184,54,584,5,91,3,4,3,17426,0,4,36,6,10,8,4,7,0,1,0,0,0,0,1,0,0,0,0,0,1,0,0,0,0,0,21588206,239.65029344913802,41761
1185,43,1291,2,65,2,4,3,17603,0,4,14,3,14,10,6,11,0,1,0,0,1,0,0,0,0,0,0,0,0,0,1,0,0,0,21807483,237.79023775296363,41858
1186,35,880,4,36,3,2,4,4581,1,4,13,2,11,9,6,7,0,0,1,0,0,0,0,1,0,0,0,0,0,0,0,0,1,0,5675173,212.2459587683491,9722
1187,38,1189,3,90,3,2,4,4735,0,3,19,4,13,11,2,9,0,1,0,0,1,0,0,0,0,0,0,0,0,0,0,1,0,0,5865956,176.46552406985657,8355
1188,29,991,3,43,2,2,2,4187,1,3,10,3,10,0,0,9,0,0,1,0,0,0,1,0,0,0,0,0,0,0,0,0,1,0,5187066,178.27196697797268,7464
1189,33,392,4,93,3,2,4,5505,0,3,6,5,6,2,0,4,0,0,1,0,0,0,1,0,0,0,0,0,0,0,0,0,1,0,6819871,169.8651489192822,9351
1190,32,977,3,45,3,2,2,5470,0,3,10,4,9,5,1,6,0,1,0,0,0,0,1,0,0,0,0,0,0,0,0,1,0,0,6776511,168.04351583598404,9191
1191,31,1112,4,67,3,2,4,5476,0,3,10,2,10,0,0,2,0,0,1,0,1,0,0,0,0,0,0,0,0,0,0,0,1,0,6783944,187.0497933581179,10242
1192,49,464,3,74,3,1,1,2587,1,3,17,2,2,2,2,2,0,1,0,0,0,0,1,0,0,0,0,1,0,0,0,0,0,0,3204906,155.00655605795842,4010
1193,38,148,3,42,2,1,2,2440,0,4,4,3,4,3,3,3,0,1,0,0,0,0,1,0,0,0,0,1,0,0,0,0,0,0,3022795,150.9439359974382,3683
1194,47,1225,4,47,4,4,2,15972,0,3,29,2,3,2,1,2,0,0,1,0,1,0,0,0,0,0,0,0,1,0,0,0,0,0,19786918,200.96818562550501,32098
1195,49,809,3,36,3,4,3,15379,0,3,23,2,8,7,0,0,0,1,0,0,1,0,0,0,0,0,0,0,1,0,0,0,0,0,19052279,198.51923584448346,30530
1196,41,1206,2,80,3,3,3,7082,1,3,21,2,2,0,0,2,0,0,1,0,1,0,0,0,0,0,0,0,0,0,0,0,1,0,8773538,185.74423397038473,13154
1197,20,727,1,54,3,1,1,2728,0,3,2,3,2,2,0,2,0,0,1,0,1,0,0,0,0,0,0,0,0,0,0,0,0,1,3379584,136.29262426868516,3718
1198,33,530,3,36,3,2,4,5368,1,4,7,2,6,5,1,2,0,0,1,0,1,0,0,0,0,0,0,0,0,0,0,0,1,0,6650149,198.3362445023298,10646
1199,36,1351,4,80,3,2,3,5347,0,3,10,2,3,2,0,2,0,1,0,0,1,0,0,0,0,1,0,0,0,0,0,0,0,0,6624133,172.4728821606278,9222
1200,44,528,3,44,3,1,4,3195,1,3,8,2,2,2,2,2,1,0,0,0,1,0,0,0,0,0,1,0,0,0,0,0,0,0,3958127,152.33733954617028,4867
1201,23,1320,1,93,2,1,3,3989,1,3,5,2,5,4,1,2,0,1,0,0,0,0,1,0,0,0,0,1,0,0,0,0,0,0,4941774,143.97608114032536,5743
1202,38,1495,2,87,3,1,3,3306,0,3,7,5,0,0,0,0,0,1,0,0,0,0,1,0,0,0,0,1,0,0,0,0,0,0,4095639,149.48893211416058,4942
1203,53,1395,4,48,4,3,4,7005,0,3,11,2,4,3,1,2,0,1,0,0,0,0,1,0,0,1,0,0,0,0,0,0,0,0,8678147,193.48849857741178,13553
1204,48,708,2,95,3,1,3,2655,1,3,19,3,9,7,7,7,0,0,1,0,0,0,1,0,0,0,0,0,0,0,0,0,0,1,3289148,157.13529743394238,4171
1205,32,1259,4,95,3,1,2,1393,0,3,1,2,1,0,0,0,0,1,0,0,1,0,0,0,0,0,0,1,0,0,0,0,0,0,1725719,134.5353471656637,1874
1206,26,786,3,76,3,1,4,2570,0,4,7,5,7,7,5,7,0,1,0,0,0,0,1,0,0,0,0,1,0,0,0,0,0,0,3183845,174.75237460440846,4491
1207,55,1441,3,94,2,1,2,3537,0,3,8,1,4,2,1,2,0,1,0,0,0,0,0,0,1,0,0,0,0,0,0,1,0,0,4381814,121.93629324143318,4312
1208,34,1157,2,57,2,2,4,3986,0,3,15,3,15,10,4,13,0,1,0,0,0,0,1,0,0,0,0,1,0,0,0,0,0,0,4938057,187.13119709811028,7459
1209,60,370,4,92,1,3,4,10883,0,4,19,2,1,0,0,0,0,1,0,0,0,0,1,0,0,1,0,0,0,0,0,0,0,0,13482408,176.40121183315534,19197
1210,33,267,3,79,4,1,2,2028,0,3,14,6,14,11,2,13,0,1,0,0,0,0,1,0,0,0,0,1,0,0,0,0,0,0,2512389,174.69263596419066,3542
1211,37,1278,4,31,1,2,4,9525,0,3,6,2,6,3,1,3,0,0,1,0,0,0,1,0,0,0,0,0,0,0,0,0,1,0,11800050,145.30004366799943,13839
1212,34,678,3,35,2,1,4,2929,0,3,10,3,10,9,8,7,0,1,0,0,1,0,0,0,0,0,0,0,0,0,0,1,0,0,3628593,150.25044235457636,4400
1213,23,427,3,99,3,1,4,2275,1,4,3,2,3,2,0,2,0,0,1,0,1,0,0,0,0,0,0,0,0,0,0,0,0,1,2818385,163.58820648698153,3721
1214,44,921,3,96,4,3,4,7879,1,3,9,2,8,7,6,7,0,1,0,0,1,0,0,0,0,1,0,0,0,0,0,0,0,0,9760902,202.28845050729248,15938
1215,35,146,4,79,2,1,4,4930,1,3,6,2,5,4,1,4,0,1,0,0,0,0,1,0,0,0,0,0,0,0,0,1,0,0,6107532,152.28043477950987,7507
1216,43,1179,3,73,3,2,4,7847,1,3,10,3,10,9,8,8,0,0,1,0,0,0,1,0,0,0,0,0,0,0,0,0,1,0,9721259,198.3938224012523,15567
1217,24,581,3,62,4,1,3,4401,0,3,5,1,5,3,0,4,0,1,0,0,0,0,1,0,0,0,0,0,0,0,0,1,0,0,5452180,141.90272048312124,6245
1218,41,918,3,35,3,3,3,9241,0,3,10,3,10,8,8,7,0,0,1,0,0,1,0,0,0,0,0,0,0,0,0,0,1,0,11448216,193.83858714438196,17912
1219,29,1082,4,43,3,1,3,2974,0,3,9,2,5,3,1,2,0,1,0,0,0,0,1,0,0,0,0,1,0,0,0,0,0,0,3684341,155.12311112543566,4613
1220,36,530,4,51,3,2,4,4502,0,3,17,2,13,7,6,7,0,0,1,0,1,0,0,0,0,0,0,0,0,0,0,0,0,1,5577304,187.13126840897417,8424
1221,45,1238,1,74,2,3,3,10748,0,4,25,3,23,15,14,4,0,1,0,0,1,0,0,0,0,1,0,0,0,0,0,0,0,0,13315164,250.2400841852922,26895
1222,24,240,1,58,1,1,3,1555,0,3,1,2,1,0,0,0,1,0,0,1,0,0,0,0,0,0,1,0,0,0,0,0,0,0,1926412,121.83599363057539,1894
1223,47,1093,3,82,1,4,3,12936,0,3,25,3,23,5,14,10,0,0,1,0,1,0,0,0,0,0,0,0,0,0,0,0,1,0,16025768,221.95847361909628,28712
1224,26,390,4,62,1,1,3,2305,0,3,3,3,3,2,0,2,0,1,0,0,0,0,1,0,0,0,0,1,0,0,0,0,0,0,2855550,125.56421843448685,2894
1225,45,1005,2,48,2,4,2,16704,0,3,21,2,21,6,8,6,0,1,0,0,0,0,0,0,1,0,0,0,0,0,1,0,0,0,20693756,234.80366217595338,39221
1226,32,585,3,56,3,1,3,3433,0,3,10,3,5,2,1,3,0,1,0,0,1,0,0,0,0,0,0,0,0,0,0,1,0,0,4252973,147.71529432313915,5071
1227,31,741,4,69,3,1,3,3477,0,3,6,2,5,2,0,3,0,1,0,0,1,0,0,0,0,0,0,1,0,0,0,0,0,0,4307483,153.17859117119704,5326
1228,41,552,3,60,1,2,2,6430,0,3,10,4,3,2,1,2,1,0,0,1,0,0,0,0,0,0,1,0,0,0,0,0,0,0,7965808,143.88766137392062,9251
1229,40,369,2,92,3,2,1,6516,1,3,18,3,1,0,0,0,0,1,0,0,1,0,0,0,0,0,0,0,0,1,0,0,0,0,8072349,170.62163013724773,11117
1230,24,506,1,91,3,1,1,3907,0,3,6,2,6,2,1,2,0,1,0,0,0,0,1,0,0,0,0,1,0,0,0,0,0,0,4840188,149.6100108739481,5845
1231,46,717,4,34,3,2,2,5562,0,3,19,3,10,7,0,9,0,1,0,0,1,0,0,0,0,1,0,0,0,0,0,0,0,0,6890486,174.9479864783813,9730
1232,35,1370,4,49,3,2,3,6883,0,3,17,3,7,7,0,7,0,1,0,0,1,0,0,0,0,0,0,0,0,1,0,0,0,0,8527007,169.48505831349908,11665
1233,30,793,1,33,3,1,4,2862,0,3,10,2,10,0,0,8,0,1,0,0,1,0,0,0,0,0,0,0,0,0,0,1,0,0,3545590,173.5901342860188,4968
1234,47,543,4,87,3,2,2,4978,0,3,4,3,1,0,0,0,0,0,1,0,0,1,0,0,0,0,0,0,0,0,0,0,1,0,6166997,163.76299515278635,8152
1235,46,1277,3,74,3,3,4,10368,1,3,13,5,10,6,0,3,0,0,1,0,1,0,0,0,0,0,0,0,0,0,0,0,1,0,12844400,204.80264943426135,21233
1236,36,1456,5,96,2,2,1,6134,1,3,16,3,2,2,2,2,0,0,1,0,0,1,0,0,0,0,0,0,0,0,0,0,1,0,7599108,161.40577643126844,9900
1237,32,964,2,34,1,2,2,6735,0,3,10,2,0,0,0,0,0,0,1,0,1,0,0,0,0,0,0,0,0,0,0,0,1,0,8343657,135.47302031043665,9124
1238,23,160,1,51,3,1,2,3295,0,3,3,3,3,2,1,2,0,1,0,0,0,0,1,0,0,0,0,1,0,0,0,0,0,0,4082012,141.48462622669615,4661
1239,31,163,1,30,3,2,4,5238,0,4,9,3,5,4,1,4,0,1,0,0,0,0,0,0,1,0,0,0,0,1,0,0,0,0,6489098,186.50108585093344,9768
1240,39,792,3,77,3,2,4,6472,1,3,9,2,9,8,5,8,0,1,0,0,1,0,0,0,0,0,0,1,0,0,0,0,0,0,8017839,184.19586686409917,11921
1241,32,371,3,80,1,3,3,9610,0,3,10,2,4,3,0,2,0,0,1,0,1,0,0,0,0,0,0,0,0,0,0,0,1,0,11905352,157.78903443384894,15163
1242,40,611,4,88,3,5,2,19833,0,3,21,3,21,8,12,8,0,0,1,0,0,0,1,0,0,0,0,0,1,0,0,0,0,0,24570119,266.831499602326,52920
1243,45,176,3,56,1,3,3,9756,0,4,9,2,5,0,0,3,1,0,0,0,1,0,0,0,0,0,1,0,0,0,0,0,0,0,12086224,179.16322065243645,17479
1244,30,1312,4,78,2,1,1,4968,0,3,10,2,9,7,0,7,0,1,0,0,0,0,0,0,1,0,0,0,0,0,0,1,0,0,6154609,137.56064665937632,6834
1245,24,897,3,59,3,1,4,2145,0,3,3,2,2,2,2,1,1,0,0,0,0,0,1,0,0,0,1,0,0,0,0,0,0,0,2657334,144.01630423741125,3089
1246,30,600,3,66,2,1,4,2180,0,3,6,0,4,2,1,2,1,0,0,1,0,0,0,0,0,0,1,0,0,0,0,0,0,0,2700694,138.27899282241847,3014
1247,31,1003,3,51,3,2,3,8346,0,3,6,3,5,2,0,2,0,0,1,0,0,0,0,0,1,0,0,0,0,0,0,0,1,0,10339445,162.71371624463336,13580
1248,27,1054,3,67,3,1,4,3445,0,3,6,5,6,2,1,4,0,1,0,0,0,0,1,0,0,0,0,0,0,0,0,1,0,0,4267839,157.34291285219845,5420
1249,29,428,3,52,1,1,2,2760,0,3,2,3,2,2,2,2,0,0,1,0,0,1,0,0,0,0,0,0,0,0,0,0,0,1,3419227,120.69114784313268,3331
1250,29,461,3,70,4,2,3,6294,1,3,10,5,3,2,0,2,0,1,0,0,1,0,0,0,0,1,0,0,0,0,0,0,0,0,7797324,190.93778352782726,12017
1251,30,979,2,94,2,3,1,7140,0,3,12,2,7,7,1,7,0,0,1,0,0,1,0,0,0,0,0,0,0,0,0,0,1,0,8845391,184.8461550609541,13198
1252,34,181,4,97,4,1,4,2932,1,3,6,3,5,0,1,2,0,1,0,0,0,0,1,0,0,0,0,0,0,0,0,1,0,0,3632309,154.56007054388866,4531
1253,33,1283,3,62,3,2,2,5147,0,3,13,2,11,7,1,7,0,0,1,0,0,1,0,0,0,0,0,0,0,0,0,0,1,0,6376363,179.32290907840954,9229
1254,49,1313,4,80,3,2,4,4507,0,3,8,1,5,1,0,4,0,0,1,0,0,1,0,0,0,0,0,0,0,0,0,0,1,0,5583499,162.8346908176737,7338
1255,33,211,3,74,3,3,1,8564,1,4,11,2,0,0,0,0,0,0,1,0,1,0,0,0,0,0,0,0,0,0,0,0,1,0,10609514,182.8569773524586,15659
1256,38,594,2,75,2,1,2,2468,0,3,9,4,6,1,0,5,0,1,0,0,0,0,1,0,0,0,0,1,0,0,0,0,0,0,3057483,143.44642057623386,3540
1257,31,1079,4,70,3,3,3,8161,0,3,10,2,1,0,0,0,0,0,1,0,0,1,0,0,0,0,0,0,0,0,0,0,1,0,10110258,167.02407898543422,13630
1258,29,590,3,91,2,1,1,2109,0,3,1,2,1,0,0,0,0,1,0,0,0,0,0,0,1,0,0,0,0,0,0,1,0,0,2612735,136.25883391501353,2873
1259,30,305,3,58,4,2,3,5294,0,3,10,3,7,0,1,7,0,1,0,0,1,0,0,0,0,1,0,0,0,0,0,0,0,0,6558474,193.28001222342883,10232
1260,32,953,4,65,3,1,2,2718,0,3,12,3,7,7,0,7,0,1,0,0,0,0,0,0,1,0,0,0,0,0,0,1,0,0,3367195,144.5697537798893,3929
1261,38,833,3,60,1,2,4,5811,1,3,15,2,1,0,1,0,0,1,0,0,0,0,1,0,0,1,0,0,0,0,0,0,0,0,7198959,147.74607622588877,8585
1262,43,807,3,38,2,1,3,2437,1,3,6,4,1,0,0,0,0,1,0,0,0,0,0,0,1,0,0,0,0,0,0,1,0,0,3019078,131.56390927466842,3206
1263,42,855,3,57,3,1,2,2766,0,4,7,6,5,3,0,4,0,1,0,0,0,0,1,0,0,0,0,1,0,0,0,0,0,0,3426660,155.08233246461748,4289
1264,55,478,3,60,2,5,1,19038,0,3,34,2,1,0,0,0,0,1,0,0,0,0,1,0,0,0,0,0,0,0,1,0,0,0,23585233,193.64818254434374,36866
1265,33,775,3,90,3,2,2,3055,0,3,11,2,9,8,1,7,0,1,0,0,0,0,0,0,1,0,0,0,0,0,0,1,0,0,3784688,181.83391808213176,5555
1266,41,548,4,94,3,1,1,2289,0,4,5,2,5,3,0,4,0,1,0,0,1,0,0,0,0,0,0,1,0,0,0,0,0,0,2835728,181.71225924112554,4159
1267,34,1375,3,87,3,2,3,4001,1,3,15,3,15,14,0,7,0,0,1,0,1,0,0,0,0,0,0,0,0,0,0,0,1,0,4956640,194.38642165083596,7777
1268,53,661,4,60,2,4,3,12965,1,4,27,2,3,2,0,2,0,1,0,0,0,0,1,0,0,0,0,0,0,1,0,0,0,0,16061695,216.0735774036177,28013
1269,43,244,3,97,3,1,4,3539,0,3,10,5,9,7,1,8,1,0,0,0,1,0,0,0,0,0,1,0,0,0,0,0,0,0,4384291,153.4034071620137,5428
1270,34,511,2,32,1,2,4,6029,0,3,6,3,2,2,2,2,0,0,1,0,1,0,0,0,0,0,0,0,0,0,0,0,1,0,7469029,142.5707929734194,8595
1271,21,337,1,31,3,1,2,2679,0,3,1,3,1,0,1,0,0,0,1,0,0,1,0,0,0,0,0,0,0,0,0,0,0,1,3318880,142.12061501062956,3807
1272,38,1153,2,40,2,1,3,3702,0,3,5,3,5,4,0,4,0,1,0,0,0,0,0,1,0,0,0,1,0,0,0,0,0,0,4586224,134.3113759636131,4972
1273,22,1294,1,79,3,1,1,2398,1,3,1,6,1,0,0,0,0,1,0,0,0,0,1,0,0,0,0,1,0,0,0,0,0,0,2970763,138.06889006540973,3310
1274,31,196,4,91,2,2,4,5468,0,3,13,3,12,7,5,7,0,0,1,0,0,1,0,0,0,0,0,0,0,0,0,0,1,0,6774034,164.67130775146677,9004
1275,51,942,3,53,3,3,3,13116,0,3,15,2,2,2,2,2,0,1,0,0,0,0,0,0,1,0,0,0,1,0,0,0,0,0,16248761,173.2137002546564,22718
1276,37,589,2,46,2,2,2,4189,0,3,5,2,5,2,0,3,0,0,1,0,0,1,0,0,0,0,0,0,0,0,0,0,1,0,5189544,151.55352936055232,6348
1277,46,734,4,46,3,5,4,19328,1,3,24,3,2,1,2,2,0,1,0,0,0,0,1,0,0,0,0,0,0,0,1,0,0,0,23944500,217.45540230159543,42029
1278,36,1383,3,90,3,3,1,8321,1,3,15,1,12,8,5,7,0,1,0,0,1,0,0,0,0,1,0,0,0,0,0,0,0,0,10308474,201.01568235469708,16726
1279,44,429,2,99,3,1,2,2342,1,3,6,2,5,3,2,3,0,1,0,0,0,0,1,0,0,0,0,0,0,0,0,1,0,0,2901388,183.60854587411112,4300
1280,37,1239,2,89,3,2,2,4071,0,3,19,4,10,0,4,7,1,0,0,0,0,0,0,1,0,0,1,0,0,0,0,0,0,0,5043360,177.53068336649451,7227
1281,35,303,3,84,3,2,4,5813,1,3,10,2,10,7,7,7,0,0,1,0,1,0,0,0,0,0,0,0,0,0,0,0,1,0,7201437,194.95520411745858,11332
1282,33,867,4,90,4,1,1,3143,0,3,14,1,10,8,7,6,0,1,0,0,1,0,0,0,0,0,0,0,0,0,0,1,0,0,3893707,168.25765914973894,5288
1283,28,1181,3,82,3,1,4,2044,0,3,5,6,5,3,0,3,0,1,0,0,1,0,0,0,0,0,0,0,0,0,0,1,0,0,2532210,139.90427785314213,2859
1284,39,1253,1,65,3,3,3,13464,0,4,9,3,4,3,2,2,0,1,0,0,0,0,1,0,0,0,0,0,0,0,1,0,0,0,16679881,192.23688280071534,25882
1285,46,849,2,98,2,2,2,7991,0,3,6,3,2,2,2,2,0,0,1,0,1,0,0,0,0,0,0,0,0,0,0,0,1,0,9899653,164.63483023608887,13155
1286,40,616,2,99,3,1,1,3377,0,3,7,5,4,3,0,2,0,1,0,0,1,0,0,0,0,0,0,1,0,0,0,0,0,0,4183598,137.79627075943156,4653
1287,42,1128,3,95,4,2,1,5538,0,3,10,2,0,0,0,0,0,1,0,0,0,0,1,0,0,1,0,0,0,0,0,0,0,0,6860753,162.0886515002984,8976
1288,35,1180,2,90,3,2,4,5762,0,3,15,6,7,7,1,7,0,1,0,0,0,0,1,0,0,0,0,0,0,1,0,0,0,0,7138256,180.85182309352922,10420
1289,38,1336,3,100,3,1,2,2592,0,3,13,3,11,10,3,8,1,0,0,1,0,0,0,0,0,0,1,0,0,0,0,0,0,0,3211100,155.23374432915065,4023
1290,34,234,4,93,3,2,1,5346,0,3,11,3,7,1,0,7,0,1,0,0,1,0,0,0,0,0,0,1,0,0,0,0,0,0,6622894,174.1546373988256,9310
1291,37,370,4,58,3,2,1,4213,0,3,10,4,10,3,0,8,0,1,0,0,0,0,1,0,0,0,0,0,0,1,0,0,0,0,5219277,176.84668720894675,7450
1292,39,766,3,83,3,2,4,4127,0,3,7,6,2,1,2,2,0,0,1,0,1,0,0,0,0,0,0,0,0,0,0,0,1,0,5112735,168.23276426495863,6942
1293,43,343,3,52,3,1,3,2438,0,3,7,2,3,2,1,2,0,1,0,0,1,0,0,0,0,0,0,0,0,0,0,1,0,0,3020317,144.72025099465873,3528
1294,41,447,3,85,4,2,2,6870,0,3,11,3,3,2,1,2,0,1,0,0,1,0,0,0,0,1,0,0,0,0,0,0,0,0,8510902,163.1126988668798,11205
1295,41,796,1,81,3,3,3,10447,1,3,23,3,22,14,13,5,0,0,1,0,0,1,0,0,0,0,0,0,0,0,0,0,1,0,12942270,241.2543302137151,25203
1296,30,1092,3,64,3,3,3,9667,0,3,9,3,7,7,0,2,0,1,0,0,0,0,1,0,0,0,0,0,0,1,0,0,0,0,11975966,183.43356252777426,17732
1297,26,920,2,69,3,1,2,2148,1,3,6,3,5,1,1,4,1,0,0,0,0,0,1,0,0,0,1,0,0,0,0,0,0,0,2661051,175.87228183980528,3777
1298,46,261,2,66,3,2,2,8926,0,4,13,2,9,7,3,7,0,1,0,0,0,0,1,0,0,1,0,0,0,0,0,0,0,0,11057978,193.29721736129108,17253
1299,40,1194,3,52,3,2,4,6513,0,3,12,3,5,3,0,3,0,1,0,0,1,0,0,0,0,1,0,0,0,0,0,0,0,0,8068632,164.20669389116546,10694
1300,34,810,2,92,4,2,3,6799,0,4,10,5,10,8,4,8,0,0,1,0,0,0,0,0,1,0,0,0,0,0,0,0,1,0,8422944,211.96844114776255,14411
1301,58,350,3,52,3,4,2,16291,0,4,37,0,16,9,14,14,0,0,1,0,0,0,1,0,0,0,0,0,1,0,0,0,0,0,20182111,242.89470630089477,39569
1302,35,185,4,91,1,1,3,2705,0,3,6,2,5,4,0,3,0,1,0,0,0,0,1,0,0,0,0,1,0,0,0,0,0,0,3351090,132.92825460496059,3595
1303,47,1001,3,92,2,3,2,10333,1,3,28,4,22,11,14,10,0,1,0,0,1,0,0,0,0,0,0,0,0,1,0,0,0,0,12801041,219.82234780690328,22714
1304,40,750,3,47,3,2,1,4448,0,3,15,3,7,4,7,7,0,1,0,0,1,0,0,0,0,1,0,0,0,0,0,0,0,0,5510406,169.57529104022683,7542
1305,54,431,4,68,3,2,4,6854,0,3,14,2,7,1,1,7,0,1,0,0,0,0,1,0,0,0,0,0,0,0,0,1,0,0,8491080,172.8004882432015,11843
1306,31,1125,4,68,3,3,1,9637,0,3,9,3,3,2,2,2,0,0,1,0,0,1,0,0,0,0,0,0,0,0,0,0,1,0,11938801,175.83544253960366,16945
1307,28,1217,3,67,3,1,1,3591,0,4,3,3,3,2,1,2,0,1,0,0,0,0,1,0,0,0,0,0,0,0,0,1,0,0,4448712,150.53621083875285,5405
1308,38,723,4,77,1,2,4,5405,1,4,20,4,4,2,0,3,0,0,1,0,0,1,0,0,0,0,0,0,0,0,0,0,0,1,6695986,166.7202299205984,9011
1309,26,572,3,46,3,2,4,4684,0,3,5,4,5,3,1,2,0,0,1,0,0,0,1,0,0,0,0,0,0,0,0,0,1,0,5802775,155.89307816765927,7302
1310,58,1216,4,87,3,4,3,15787,1,3,23,3,2,2,2,2,0,1,0,0,1,0,0,0,0,0,0,0,0,0,1,0,0,0,19557730,203.56508707238984,32136
1311,18,1431,3,33,3,1,3,1514,0,3,0,4,0,0,0,0,0,1,0,0,0,0,1,0,0,0,0,0,0,0,0,1,0,0,1875619,136.04308787363823,2059
1312,31,359,5,89,4,1,1,2956,0,3,2,4,1,0,0,0,1,0,0,1,0,0,0,0,0,0,1,0,0,0,0,0,0,0,3662042,152.39248577735285,4504
1313,29,350,3,56,2,1,1,2335,1,3,4,3,2,2,2,0,1,0,0,1,0,0,0,0,0,0,1,0,0,0,0,0,0,0,2892716,148.28571842988845,3462
1314,45,589,4,67,3,2,3,5154,0,4,10,3,8,7,5,7,0,0,1,0,1,0,0,0,0,0,0,0,0,0,0,0,1,0,6385035,192.1209461496345,9901
1315,36,430,4,73,3,2,2,6962,1,4,15,2,1,0,0,0,0,1,0,0,0,0,0,1,0,0,0,0,0,0,0,1,0,0,8624876,185.34022101570426,12903
1316,43,1422,4,92,3,2,4,5675,0,4,7,5,7,7,7,7,0,0,1,0,1,0,0,0,0,0,0,0,0,0,0,0,1,0,7030476,191.81104773842233,10885
1317,27,1297,2,53,3,1,4,2379,1,3,6,3,5,4,0,2,0,1,0,0,1,0,0,0,0,0,0,1,0,0,0,0,0,0,2947225,141.5668518573263,3367
1318,29,574,1,40,3,1,4,3812,0,3,11,3,11,8,3,10,0,1,0,0,0,0,1,0,0,0,0,1,0,0,0,0,0,0,4722498,167.86179429252996,6398
1319,32,1318,4,79,3,2,4,4648,0,3,4,2,0,0,0,0,0,0,1,0,0,1,0,0,0,0,0,0,0,0,0,0,1,0,5758176,161.2234722341097,7493
1320,42,355,4,38,3,1,3,2936,0,4,10,1,6,3,3,3,0,1,0,0,0,0,0,0,1,0,0,0,0,0,0,1,0,0,3637265,171.79040767881642,5043
1321,47,207,4,64,3,1,3,2105,0,3,7,2,2,2,2,0,0,1,0,0,1,0,0,0,0,0,0,1,0,0,0,0,0,0,2607780,133.37608119922078,2807
1322,46,706,2,82,3,3,4,8578,0,3,12,4,9,8,4,7,0,1,0,0,1,0,0,0,0,0,0,0,0,1,0,0,0,0,10626858,194.845158461411,16713
1323,28,280,2,43,3,1,4,2706,0,3,3,2,3,2,2,2,1,0,0,0,1,0,0,0,0,0,1,0,0,0,0,0,0,0,3352329,134.2264995414523,3632
1324,29,726,1,93,1,2,3,6384,0,3,11,3,7,0,1,6,0,1,0,0,1,0,0,0,0,1,0,0,0,0,0,0,0,0,7908821,153.34085578408266,9789
1325,42,1142,3,81,3,1,3,3968,0,3,8,3,0,0,0,0,0,1,0,0,1,0,0,0,0,0,0,1,0,0,0,0,0,0,4915758,124.40231678587678,4936
1326,32,414,4,82,2,2,2,9907,1,3,7,3,2,2,2,2,0,0,1,0,0,1,0,0,0,0,0,0,0,0,0,0,1,0,12273290,136.8285229524345,13555
1327,46,1319,3,45,4,4,1,13225,0,3,25,5,19,17,2,8,0,0,1,0,0,0,0,0,1,0,0,0,0,0,0,0,1,0,16383796,249.14914814323845,32949
1328,27,728,1,36,2,2,3,3540,0,4,9,5,9,8,5,8,0,0,1,0,0,0,1,0,0,0,0,0,0,0,0,0,0,1,4385530,183.08644256653525,6481
1329,29,352,1,87,2,1,2,2804,0,3,1,3,1,0,0,0,1,0,0,0,0,0,1,0,0,0,1,0,0,0,0,0,0,0,3473736,125.72755346965985,3525
1330,43,823,3,81,2,5,3,19392,0,3,21,2,16,12,6,14,0,1,0,0,0,0,1,0,0,0,0,0,1,0,0,0,0,0,24023786,215.52367230030197,41794
1331,48,1224,3,91,2,5,2,19665,0,3,29,3,22,10,12,9,0,1,0,0,1,0,0,0,0,0,0,0,0,0,1,0,0,0,24361992,249.42136727404036,49048
1332,29,459,2,73,2,1,4,2439,1,4,1,3,1,0,1,0,0,1,0,0,1,0,0,0,0,0,0,0,0,0,0,1,0,0,3021556,154.90756854503212,3778
1333,46,1254,3,64,3,3,2,7314,0,4,14,2,8,7,0,7,0,0,1,0,1,0,0,0,0,0,0,0,0,0,0,0,1,0,9060951,205.20342644559926,15008
1334,27,1131,3,77,2,1,1,4774,0,3,8,2,7,6,7,3,0,1,0,0,1,0,0,0,0,0,0,0,0,0,0,1,0,0,5914272,146.6535810084128,7001
1335,39,835,4,41,3,2,4,3902,0,3,7,2,2,2,2,2,0,1,0,0,0,0,0,1,0,0,0,0,0,0,0,1,0,0,4833994,158.53581686575478,6186
1336,55,836,4,98,2,1,4,2662,0,4,19,2,5,2,0,4,0,1,0,0,0,0,0,0,1,0,0,0,0,0,0,1,0,0,3297820,155.96514879023982,4151
1337,28,1172,3,78,3,1,2,2856,0,3,1,3,1,0,0,0,0,0,1,0,0,0,1,0,0,0,0,0,0,0,0,0,0,1,3538157,124.5227974505242,3556
1338,30,945,3,89,3,1,4,1081,0,3,1,3,1,0,0,0,0,0,1,0,0,0,1,0,0,0,0,0,0,0,0,0,0,1,1339197,141.25484517955076,1526
1339,22,391,1,75,3,1,2,2472,1,4,1,2,1,0,0,0,0,1,0,0,1,0,0,0,0,0,0,0,0,0,0,1,0,0,3062438,178.55989993283475,4414
1340,36,1266,4,63,2,2,3,5673,1,3,10,4,10,9,1,7,0,0,1,0,0,0,0,0,1,0,0,0,0,0,0,0,1,0,7027998,185.00777989913837,10495
1341,31,311,3,89,3,2,3,4197,0,3,10,2,10,8,0,2,0,1,0,0,1,0,0,0,0,0,0,1,0,0,0,0,0,0,5199455,178.1213730935849,7475
1342,34,1480,3,64,3,3,4,9713,1,3,9,3,5,3,1,0,0,0,1,0,1,0,0,0,0,0,0,0,0,0,0,0,1,0,12032953,191.16313166560155,18567
1343,29,592,3,59,3,1,1,2062,0,3,11,2,3,2,1,2,0,1,0,0,1,0,0,0,0,0,0,1,0,0,0,0,0,0,2554509,138.07447065781972,2847
1344,37,783,4,78,3,2,1,4284,1,4,16,2,5,3,0,4,0,1,0,0,0,0,1,0,0,0,0,0,0,0,0,1,0,0,5307235,181.27456419988096,7765
1345,35,219,2,44,2,2,2,4788,1,3,4,2,3,2,0,2,0,1,0,0,0,0,0,1,0,0,0,0,0,1,0,0,0,0,5931615,170.87140706441554,8181
1346,45,556,2,93,2,2,4,5906,0,3,10,2,9,8,3,8,0,1,0,0,1,0,0,0,0,0,0,0,0,1,0,0,0,0,7316650,167.94837684612233,9919
1347,36,1213,1,94,2,2,4,3886,0,4,10,2,10,1,0,8,1,0,0,1,0,0,0,0,0,0,1,0,0,0,0,0,0,0,4814172,194.37542755629406,7553
1348,40,1137,4,98,3,4,1,16823,0,3,22,3,19,7,11,16,0,1,0,0,1,0,0,0,0,0,0,0,1,0,0,0,0,0,20841179,235.54089499898976,39625
1349,26,482,2,90,2,1,3,2933,1,3,1,3,1,0,1,0,0,1,0,0,1,0,0,0,0,0,0,0,0,0,0,1,0,0,3633548,145.87249457074677,4278
1350,27,511,2,89,4,2,3,6500,0,3,9,5,8,7,0,7,0,0,1,0,0,0,1,0,0,0,0,0,0,0,0,0,1,0,8052527,181.0397841267317,11767
1351,48,117,3,58,3,4,4,17174,0,3,24,3,22,17,4,7,0,1,0,0,0,0,1,0,0,0,0,0,1,0,0,0,0,0,21276016,243.08010563534916,41746
1352,44,170,4,78,4,2,1,5033,0,3,10,5,2,0,2,2,0,1,0,0,1,0,0,0,0,1,0,0,0,0,0,0,0,0,6235134,172.14205710699386,8663
1353,34,967,4,85,1,1,1,2307,1,4,5,2,5,2,3,0,0,1,0,0,0,0,0,0,1,0,0,0,0,0,0,1,0,0,2858028,167.46284044631085,3863
1354,56,1162,2,97,3,1,4,2587,0,3,5,3,4,2,1,0,0,1,0,0,1,0,0,0,0,0,0,1,0,0,0,0,0,0,3204906,142.43749291590007,3684
1355,36,335,2,33,2,2,2,5507,0,3,12,1,4,2,1,3,0,0,1,0,0,1,0,0,0,0,0,0,0,0,0,0,1,0,6822349,150.29522816409744,8276
1356,41,337,3,54,3,2,2,4393,0,4,14,3,5,4,1,4,0,0,1,0,0,1,0,0,0,0,0,0,0,0,0,0,1,0,5442270,183.41542542881348,8057
1357,42,1396,3,83,3,3,1,13348,0,3,18,3,13,7,5,7,0,1,0,0,0,0,1,0,0,0,0,0,0,0,1,0,0,0,16536174,196.60420005727994,26242
1358,31,1079,2,86,3,2,4,6583,1,3,8,2,5,2,1,4,0,0,1,0,0,0,1,0,0,0,0,0,0,0,0,0,1,0,8155352,168.3485025041388,11082
1359,34,735,1,75,2,2,4,8103,1,3,9,3,4,2,0,1,0,0,1,0,0,0,1,0,0,0,0,0,0,0,0,0,1,0,10038404,172.49056817467257,13976
1360,31,471,3,62,4,1,3,3978,0,3,4,0,2,2,2,2,0,1,0,0,0,0,1,0,0,0,0,1,0,0,0,0,0,0,4928147,143.88630200880198,5723
1361,26,1096,3,61,4,1,4,2544,0,3,8,3,7,7,7,7,0,1,0,0,0,0,0,1,0,0,0,1,0,0,0,0,0,0,3151635,140.46338370256137,3573
1362,45,1297,4,44,3,2,3,5399,0,3,12,3,4,2,0,3,0,1,0,0,0,0,1,0,0,1,0,0,0,0,0,0,0,0,6688553,168.19219575689914,9080
1363,33,217,4,43,3,2,3,5487,0,3,10,2,10,4,0,9,0,0,1,0,0,1,0,0,0,0,0,0,0,0,0,0,1,0,6797572,173.6434709420029,9527
1364,28,783,2,42,2,2,4,6834,1,3,7,2,7,7,0,7,0,0,1,0,1,0,0,0,0,0,0,0,0,0,0,0,1,0,8466303,184.3415687203008,12597
1365,29,746,3,45,4,1,1,1091,0,3,1,3,1,0,0,0,0,0,1,0,0,0,0,0,1,0,0,0,0,0,0,0,0,1,1351586,145.0266672446219,1582
1366,39,1251,4,32,1,2,3,5736,0,3,10,1,3,2,1,2,0,0,1,0,1,0,0,0,0,0,0,0,0,0,0,0,1,0,7106046,133.6737759314617,7667
1367,27,1354,4,41,3,1,2,2226,0,3,6,3,5,3,1,2,0,1,0,0,0,0,0,0,1,0,0,0,0,0,0,1,0,0,2757681,164.74609843911375,3667
1368,34,735,4,86,2,2,4,5747,1,3,16,3,15,10,6,11,0,1,0,0,0,0,0,1,0,0,0,0,0,0,0,1,0,0,7119673,198.4601219509752,11405
1369,28,1475,2,84,3,2,3,9854,1,3,6,0,2,0,2,2,0,0,1,0,0,1,0,0,0,0,0,0,0,0,0,0,1,0,12207631,162.39116509487414,16002
1370,47,1169,4,64,3,2,2,5467,0,3,16,4,8,7,1,7,0,1,0,0,0,0,0,0,1,0,0,0,0,0,0,1,0,0,6772795,169.1841971708454,9249
1371,56,1443,5,89,2,2,1,5380,0,3,6,3,0,0,0,0,0,0,1,0,0,1,0,0,0,0,0,0,0,0,0,0,1,0,6665015,144.0243543027067,7748
1372,39,867,2,87,3,2,1,5151,0,4,10,3,10,0,7,9,0,1,0,0,0,0,1,0,0,0,0,0,0,1,0,0,0,0,6381318,192.27762597168245,9904
1373,38,1394,3,58,2,2,2,2133,1,3,20,3,20,11,0,7,0,1,0,0,0,0,1,0,0,0,0,0,0,0,0,1,0,0,2642468,221.21745045177138,4718
1374,58,605,3,72,3,4,4,17875,1,3,29,2,1,0,0,0,0,0,1,0,1,0,0,0,0,0,0,0,1,0,0,0,0,0,22144450,200.23216335325662,35791
1375,32,238,2,47,4,1,3,2432,1,3,8,2,4,1,0,3,0,1,0,0,1,0,0,0,0,0,0,0,0,0,0,1,0,0,3012884,146.70006382286758,3567
1376,38,1206,2,71,3,1,4,4771,0,3,10,0,5,2,0,3,0,1,0,0,1,0,0,0,0,0,0,0,0,0,0,1,0,0,5910555,150.16582860857577,7164
1377,49,1064,1,42,3,5,4,19161,0,3,28,3,5,4,4,3,0,1,0,0,1,0,0,0,0,0,0,0,0,0,1,0,0,0,23737611,214.18673821214708,41040
1378,42,419,4,77,3,2,4,5087,1,3,14,4,0,0,0,0,0,0,1,0,0,1,0,0,0,0,0,0,0,0,0,0,1,0,6302032,162.66269651935173,8274
1379,27,1337,3,58,2,1,2,2863,0,3,1,2,1,0,0,0,1,0,0,1,0,0,0,0,0,0,1,0,0,0,0,0,0,0,3546829,130.00187554495798,3721
1380,35,682,4,71,3,2,1,5561,0,3,6,2,5,3,0,4,0,0,1,0,0,0,1,0,0,0,0,0,0,0,0,0,1,0,6889247,173.5101622317769,9648
1381,28,1103,3,49,3,1,3,2144,0,3,5,3,5,3,1,4,0,1,0,0,0,0,1,0,0,0,0,0,0,0,0,1,0,0,2656095,137.1027629860526,2939
1382,31,976,2,48,3,1,1,3065,1,3,4,3,4,2,2,3,0,1,0,0,0,0,1,0,0,0,0,0,0,0,0,1,0,0,3797076,147.26467914161697,4513
1383,36,1351,4,66,4,1,2,2810,0,4,5,3,5,4,0,2,0,1,0,0,1,0,0,0,0,0,0,1,0,0,0,0,0,0,3481169,164.62784999655352,4626
1384,34,937,3,32,3,3,4,9888,0,4,14,3,14,8,2,1,0,0,1,0,0,1,0,0,0,0,0,0,0,0,0,0,1,0,12249752,229.18682015241208,22661
1385,34,1239,4,39,3,3,3,8628,0,3,9,2,8,7,1,1,0,0,1,0,0,0,1,0,0,0,0,0,0,0,0,0,1,0,10688801,184.40045022616442,15910
1386,26,157,3,95,3,1,1,2867,0,3,8,6,7,7,7,6,0,1,0,0,0,0,1,0,0,0,0,1,0,0,0,0,0,0,3551784,148.62439253944078,4261
1387,29,136,3,89,3,2,1,5373,0,3,6,5,5,3,0,2,0,1,0,0,1,0,0,0,0,1,0,0,0,0,0,0,0,0,6656343,161.66019849778633,8686
1388,32,1146,4,34,3,2,4,6667,0,3,9,6,5,1,1,2,0,1,0,0,0,0,1,0,0,1,0,0,0,0,0,0,0,0,8259415,154.33200823395637,10289
1389,31,1125,3,48,1,2,1,5003,0,4,10,6,10,8,8,7,0,1,0,0,1,0,0,0,0,0,0,0,0,0,0,1,0,0,6197968,165.89151733993288,8299
1390,28,1404,3,32,2,1,4,2367,0,3,6,2,4,1,0,3,0,1,0,0,0,0,0,0,1,0,0,1,0,0,0,0,0,0,2932359,141.2183653714734,3342
1391,38,1404,3,59,2,1,1,2858,0,3,20,3,1,0,0,0,0,0,1,0,1,0,0,0,0,0,0,0,0,0,0,0,0,1,3540634,135.58882719645155,3875
1392,35,1224,4,55,3,2,4,5204,1,3,10,2,10,8,0,9,0,0,1,0,1,0,0,0,0,0,0,0,0,0,0,0,1,0,6446977,188.47268322486104,9808
1393,27,954,3,44,3,2,4,4105,0,3,7,5,7,7,0,7,0,0,1,0,0,1,0,0,0,0,0,0,0,0,0,0,1,0,5085481,170.3754328843867,6993
1394,32,1373,4,56,2,2,4,9679,0,4,8,1,1,0,0,0,0,1,0,0,1,0,0,0,0,0,0,0,0,1,0,0,0,0,11990833,175.28112832172678,16965
1395,31,754,4,63,3,2,4,5617,1,3,10,4,10,7,0,8,0,0,1,0,0,1,0,0,0,0,0,0,0,0,0,0,1,0,6958622,185.6197685736675,10426
1396,53,1168,4,66,3,3,1,10448,1,3,15,2,2,2,2,2,0,0,1,0,1,0,0,0,0,0,0,0,0,0,0,0,1,0,12943508,178.76269652807858,18677
1397,54,155,2,67,3,2,3,2897,0,3,9,6,4,3,2,3,0,1,0,0,1,0,0,0,0,0,0,0,0,0,0,1,0,0,3588949,159.25630435143017,4613
1398,33,1303,2,36,3,2,3,5968,0,4,9,2,9,7,2,8,0,1,0,0,1,0,0,0,0,1,0,0,0,0,0,0,0,0,7393459,189.887577073785,11332
1399,43,574,3,30,3,3,3,7510,0,3,10,1,10,9,0,9,0,1,0,0,1,0,0,0,0,1,0,0,0,0,0,0,0,0,9303766,192.62345546262912,14466
1400,38,1444,4,88,3,1,2,2991,1,3,7,2,6,2,1,2,1,0,0,0,0,0,0,1,0,0,1,0,0,0,0,0,0,0,3705401,161.45853473508018,4829
1401,55,189,4,71,4,5,2,19636,1,3,35,0,10,9,1,4,1,0,0,1,0,0,0,0,0,0,0,0,1,0,0,0,0,0,24326065,227.16539160865776,44606
1402,31,1276,1,59,1,1,4,1129,1,3,1,4,1,0,0,0,0,1,0,0,0,0,1,0,0,0,0,1,0,0,0,0,0,0,1398662,135.53786032992795,1530
1403,39,119,4,77,3,4,1,13341,0,3,21,3,20,8,11,10,0,0,1,0,0,1,0,0,0,0,0,0,0,0,0,0,1,0,16527502,246.4017756607101,32872
1404,42,335,2,37,2,2,3,4332,0,3,20,2,20,9,3,7,0,1,0,0,1,0,0,0,0,0,0,0,0,0,0,1,0,0,5366700,197.90302684735315,8573
1405,31,697,3,40,3,3,3,11031,0,4,13,2,11,7,4,8,0,1,0,0,0,0,1,0,0,0,0,0,0,0,1,0,0,0,13665758,220.952805353121,24373
1406,54,157,3,77,3,2,1,4440,1,3,9,3,5,2,1,4,0,1,0,0,0,0,1,0,0,0,0,0,0,1,0,0,0,0,5500496,182.52554176327817,8104
1407,24,771,2,45,2,2,3,4617,0,3,4,2,4,3,1,2,0,1,0,0,1,0,0,0,0,1,0,0,0,0,0,0,0,0,5719772,147.2786974011061,6799
1408,23,571,2,78,3,1,4,2647,0,3,5,6,5,2,1,4,0,1,0,0,0,0,0,1,0,0,0,1,0,0,0,0,0,0,3279237,146.99611379291633,3890
1409,40,692,3,73,3,2,3,6323,0,3,10,2,10,9,9,4,0,1,0,0,0,0,0,0,1,0,0,1,0,0,0,0,0,0,7833251,191.02263345526308,12078
1410,40,444,2,92,3,2,2,5677,0,3,15,4,11,8,5,10,0,0,1,0,0,1,0,0,0,0,0,0,0,0,0,0,1,0,7032953,183.23169461395565,10402
1411,25,309,3,82,3,1,2,2187,0,3,6,3,2,0,1,2,1,0,0,1,0,0,0,0,0,0,1,0,0,0,0,0,0,0,2709366,143.9158823239486,3147
1412,30,911,2,76,3,1,2,3748,0,3,12,6,12,8,1,7,0,1,0,0,0,0,1,0,0,0,0,1,0,0,0,0,0,0,4643211,151.9448907737563,5694
1413,25,977,1,57,3,1,3,3977,1,3,7,2,2,2,0,2,0,1,0,0,0,0,0,1,0,0,0,1,0,0,0,0,0,0,4926908,137.2816314779073,5459
1414,47,1180,3,84,3,3,3,8633,0,4,25,3,17,14,12,11,0,1,0,0,0,0,1,0,0,1,0,0,0,0,0,0,0,0,10694995,222.90474993277422,19243
1415,33,1313,2,59,2,1,3,2008,0,3,1,2,1,1,0,0,0,1,0,0,0,0,1,0,0,0,0,1,0,0,0,0,0,0,2487611,143.9365978959736,2890
1416,38,1321,4,86,3,2,2,4440,0,3,16,3,15,13,5,8,0,0,1,0,1,0,0,0,0,0,0,0,0,0,0,0,1,0,5500496,184.6161264677467,8196
1417,31,1154,2,54,3,1,3,3067,0,3,3,1,2,2,1,2,0,0,1,0,1,0,0,0,0,0,0,0,0,0,0,0,0,1,3799554,135.13933092695564,4144
1418,38,508,4,72,2,2,3,5321,0,3,10,1,8,3,7,7,0,1,0,0,1,0,0,0,0,0,0,0,0,1,0,0,0,0,6591923,160.59375986465488,8545
1419,42,557,4,35,3,2,1,5410,1,3,9,3,4,3,1,2,0,1,0,0,1,0,0,0,0,0,0,0,0,0,0,1,0,0,6702180,168.3569901111574,9108
1420,41,642,3,76,3,1,4,2782,0,4,12,3,5,3,1,0,0,1,0,0,1,0,0,0,0,0,0,0,0,0,0,1,0,0,3446482,169.04955078672012,4702
1421,47,1162,1,98,3,3,2,11957,0,3,14,3,13,8,5,12,0,1,0,0,0,0,1,0,0,0,0,0,0,0,1,0,0,0,14812934,195.73355583985878,23403
1422,35,1490,4,43,3,1,3,2660,1,3,5,3,2,2,2,2,0,1,0,0,0,0,1,0,0,0,0,1,0,0,0,0,0,0,3295342,138.78401620145974,3691
1423,22,581,2,63,3,1,3,3375,0,3,4,2,3,2,1,2,0,1,0,0,1,0,0,0,0,0,0,0,0,0,0,1,0,0,4181120,149.26551672836416,5037
1424,35,1395,4,48,3,2,3,5098,0,3,10,5,10,7,0,8,0,1,0,0,0,0,1,0,0,0,0,0,0,0,0,1,0,0,6315659,184.40672670227246,9401
1425,33,501,2,95,3,2,4,4878,1,3,10,6,9,7,8,1,0,1,0,0,0,0,1,0,0,1,0,0,0,0,0,0,0,0,6043112,180.49096180263393,8804
1426,32,267,4,49,2,1,2,2837,0,3,6,3,6,2,4,1,0,1,0,0,1,0,0,0,0,0,0,1,0,0,0,0,0,0,3514618,133.97121613314494,3800
1427,40,543,4,83,3,1,4,2406,0,3,8,3,1,0,0,0,0,1,0,0,1,0,0,0,0,0,0,1,0,0,0,0,0,0,2980674,130.18867049054467,3132
1428,32,234,4,68,2,1,2,2269,0,3,3,2,2,2,2,2,0,0,1,0,0,0,1,0,0,0,0,0,0,0,0,0,0,1,2810951,125.52648000640261,2848
1429,39,116,1,52,3,2,4,4108,0,3,18,2,7,7,1,7,0,1,0,0,1,0,0,0,0,0,0,0,0,0,0,1,0,0,5089197,165.7303038577243,6808
1430,38,201,3,99,1,3,3,13206,0,3,20,3,18,16,1,11,0,1,0,0,0,0,1,0,0,0,0,0,0,0,1,0,0,0,16360258,195.9777332795471,25880
1431,32,801,4,48,3,3,4,10422,0,3,14,3,14,10,5,7,0,0,1,0,0,1,0,0,0,0,0,0,0,0,0,0,1,0,12911298,194.92378654100793,20314
1432,37,161,3,42,4,3,4,13744,1,4,16,2,16,11,6,8,0,1,0,0,1,0,0,0,0,0,0,0,0,0,1,0,0,0,17026759,249.9067932225233,34347
1433,25,1382,2,85,3,2,3,4907,1,4,6,3,5,3,0,4,0,0,1,0,0,0,0,1,0,0,0,0,0,0,0,0,1,0,6079039,190.00434576511495,9323
1434,52,585,4,40,3,1,4,3482,0,3,16,3,9,8,0,0,0,0,1,0,1,0,0,0,0,0,0,0,0,0,0,0,0,1,4313677,161.31370361710182,5616
1435,44,1037,3,42,3,1,4,2436,1,3,6,2,4,3,1,2,0,1,0,0,0,0,1,0,0,0,0,0,0,0,0,1,0,0,3017839,171.991287857919,4189
1436,21,501,1,58,3,1,1,2380,1,3,2,6,2,2,1,2,0,0,1,0,0,0,1,0,0,0,0,0,0,0,0,0,0,1,2948464,149.55464744474412,3559
1437,39,105,3,87,3,5,4,19431,0,3,21,3,6,0,1,3,0,1,0,0,1,0,0,0,0,0,0,0,1,0,0,0,0,0,24072101,223.56375541149524,43440
1438,23,638,3,33,3,1,1,1790,0,3,1,3,1,0,1,0,0,0,1,0,0,1,0,0,0,0,0,0,0,0,0,0,0,1,2217542,130.43990773468926,2334
1439,36,557,3,94,2,3,4,7644,0,3,10,2,9,7,3,4,0,0,1,0,0,0,1,0,0,0,0,0,0,0,0,0,1,0,9469772,180.8879379835594,13827
1440,36,688,2,97,3,2,2,5131,0,3,18,3,4,2,0,2,0,1,0,0,1,0,0,0,0,0,0,0,0,1,0,0,0,0,6356541,161.07003375859378,8264
1441,56,667,4,57,3,2,3,6306,0,4,13,2,13,12,1,9,0,1,0,0,1,0,0,0,0,1,0,0,0,0,0,0,0,0,7812190,189.16119690688822,11928
1442,29,1092,4,36,3,1,4,4787,1,3,4,3,2,2,2,2,0,1,0,0,0,0,1,0,0,0,0,0,0,0,0,1,0,0,5930377,161.3232051054409,7722
1443,42,300,3,56,3,5,3,18880,0,3,24,2,22,6,4,14,0,1,0,0,1,0,0,0,0,0,0,0,1,0,0,0,0,0,23389495,246.89978984250465,46614
1444,56,310,2,72,3,1,3,2339,0,3,14,4,10,9,9,8,0,1,0,0,0,0,0,0,1,0,0,1,0,0,0,0,0,0,2897671,161.96087380275333,3788
1445,41,582,4,60,2,4,2,13570,0,4,21,3,20,7,0,10,0,1,0,0,1,0,0,0,0,0,0,0,0,1,0,0,0,0,16811199,248.85032777302922,33768
1446,34,704,3,95,2,2,3,6712,0,4,8,2,8,7,1,7,0,0,1,0,0,1,0,0,0,0,0,0,0,0,0,0,1,0,8315164,187.89006141818206,12611
1447,36,301,4,88,1,2,4,5406,0,4,15,4,15,12,11,11,0,0,1,0,0,1,0,0,0,0,0,0,0,0,0,0,1,0,6697225,185.23287590378405,10013
1448,41,930,3,57,2,2,2,8938,0,3,14,5,5,4,0,4,0,0,1,0,1,0,0,0,0,0,0,0,0,0,0,0,1,0,11072844,153.26644462745327,13698
1449,32,529,3,78,3,1,1,2439,0,3,4,4,4,2,1,2,0,1,0,0,0,0,0,0,1,0,0,0,0,0,0,1,0,0,3021556,152.806547613853,3726
1450,35,1146,4,31,3,3,4,8837,1,3,9,2,9,0,1,7,1,0,0,0,1,0,0,0,0,0,1,0,0,0,0,0,0,0,10947721,204.4960151986213,18071
1451,38,345,2,100,3,2,4,5343,0,3,10,1,10,7,1,9,0,0,1,0,1,0,0,0,0,0,0,0,0,0,0,0,1,0,6619177,179.71076462710556,9601
1452,50,878,4,94,3,2,3,6728,0,3,12,3,6,3,0,1,0,0,1,0,1,0,0,0,0,0,0,0,0,0,0,0,1,0,8334985,164.9003773740105,11094
1453,36,1120,4,100,2,2,4,6652,0,3,8,2,6,3,0,0,0,0,1,0,0,1,0,0,0,0,0,0,0,0,0,0,1,0,8240833,147.51887961901855,9812
1454,45,374,3,50,3,2,3,4850,0,3,8,3,5,3,0,1,0,0,1,0,1,0,0,0,0,0,0,0,0,0,0,0,1,0,6008424,178.88174778906327,8675
1455,40,1322,4,52,2,1,3,2809,0,3,8,2,2,2,2,2,0,1,0,0,1,0,0,0,0,0,0,0,0,0,0,1,0,0,3479931,133.3456511321448,3745
1456,35,1199,4,80,3,2,3,5689,1,3,10,2,10,2,0,2,0,1,0,0,1,0,0,0,0,1,0,0,0,0,0,0,0,0,7047820,189.55417058089984,10783
1457,40,1194,4,98,3,1,3,2001,0,3,20,2,5,3,0,2,0,1,0,0,0,0,1,0,0,0,0,0,0,0,0,1,0,0,2478940,146.04852465900098,2922
1458,35,287,4,62,1,1,4,2977,0,3,4,5,4,3,1,1,0,1,0,0,1,0,0,0,0,0,0,0,0,0,0,1,0,0,3688057,131.64544734356284,3919
1459,29,1378,2,46,2,2,2,4025,1,3,10,2,4,3,0,3,0,1,0,0,0,0,0,1,0,0,0,1,0,0,0,0,0,0,4986373,158.97720884346097,6398
1460,29,468,4,73,2,1,1,3785,0,3,5,3,5,4,0,4,0,1,0,0,0,0,1,0,0,0,0,0,0,0,0,1,0,0,4689049,139.37267614688824,5275
1461,50,410,3,39,2,3,1,10854,1,3,20,3,3,2,2,0,0,0,1,0,0,1,0,0,0,0,0,0,0,0,0,0,1,0,13446482,198.3162370305906,21525
1462,39,722,1,60,2,4,4,12031,0,3,21,2,20,9,9,6,0,0,1,0,0,1,0,0,0,0,0,0,0,0,0,0,1,0,14904609,229.47276216643237,27607
1463,31,325,3,74,3,2,1,9936,0,3,10,2,9,4,1,7,0,1,0,0,0,0,1,0,0,0,0,0,0,1,0,0,0,0,12309217,185.2308109677638,18404
1464,26,1167,3,30,2,1,3,2966,0,3,5,2,4,2,0,0,0,0,1,0,0,0,0,1,0,0,0,0,0,0,0,0,0,1,3674430,120.99583322911225,3588
1465,36,884,2,41,4,2,4,2571,0,3,17,3,5,2,0,3,0,1,0,0,0,0,1,0,0,0,0,1,0,0,0,0,0,0,3185084,172.75396118466216,4441
1466,39,613,1,42,2,3,1,9991,0,3,9,5,7,7,1,7,0,1,0,0,0,0,1,0,0,1,0,0,0,0,0,0,0,0,12377354,168.5802982301623,16842
1467,27,155,3,87,4,2,2,6142,1,4,6,0,6,2,0,3,0,1,0,0,1,0,0,0,0,0,0,0,0,1,0,0,0,0,7609019,190.8186960091583,11720
1468,49,1023,3,63,2,2,2,5390,0,3,17,3,9,6,0,8,0,0,1,0,0,0,1,0,0,0,0,0,0,0,0,0,1,0,6677403,162.33770722348592,8750
1469,34,628,3,82,4,2,3,4404,0,3,6,3,4,3,1,2,0,1,0,0,0,0,1,0,0,0,0,1,0,0,0,0,0,0,5455897,171.35497156626232,7546
