Age,DailyRate,Education,HourlyRate,JobInvolvement,JobLevel,JobSatisfaction,MonthlyIncome,OverTime,PerformanceRating,TotalWorkingYears,TrainingTimesLastYear,YearsAtCompany,YearsInCurrentRole,YearsSinceLastPromotion,YearsWithCurrManager,Department_Human Resources,Department_Research & Development,Department_Sales,EducationField_Human Resources,EducationField_Life Sciences,EducationField_Marketing,EducationField_Medical,EducationField_Other,EducationField_Technical Degree,JobRole_Healthcare Representative,JobRole_Human Resources,JobRole_Laboratory Technician,JobRole_Manager,JobRole_Manufacturing Director,JobRole_Research Director,JobRole_Research Scientist,JobRole_Sales Executive,JobRole_Sales Representative,MonthlyRupiah,BonusScore,AnnualBonus
41,1102,2,94,3,2,4,5993,1,3,8,0,6,4,0,5,0,0,1,0,1,0,0,0,0,0,0,0,0,0,0,0,1,0,7424430,0.5926666946626357,6548.351501113176
49,279,1,61,2,2,2,5130,0,4,10,3,10,7,1,7,0,1,0,0,1,0,0,0,0,0,0,0,0,0,0,1,0,0,6355302,0.5665998635264905,5471.657299890896
37,1373,2,92,2,1,3,2090,1,3,7,3,0,0,0,0,0,1,0,0,0,0,0,1,0,0,0,1,0,0,0,0,0,0,2589197,0.3326767622693608,1740.2944331429642
33,1392,4,56,3,1,3,2909,1,3,8,3,8,7,3,0,0,1,0,0,1,0,0,0,0,0,0,0,0,0,0,1,0,0,3603816,0.4383233668011358,2909.0
27,591,1,40,3,1,2,3468,0,3,6,3,2,2,2,2,0,1,0,0,0,0,1,0,0,0,0,1,0,0,0,0,0,0,4296333,0.3394518985145294,3468.0
32,1005,2,79,3,1,4,3068,0,3,8,2,7,7,3,6,0,1,0,0,1,0,0,0,0,0,0,1,0,0,0,0,0,0,3800793,0.4878866288079604,3068.0
59,1324,3,81,4,1,1,2670,1,4,12,3,1,0,0,0,0,1,0,0,0,0,1,0,0,0,0,1,0,0,0,0,0,0,3307730,0.7248742791684876,3270.414325379862
30,1358,1,67,3,1,3,2693,0,4,1,2,1,0,0,0,0,1,0,0,1,0,0,0,0,0,0,1,0,0,0,0,0,0,3336224,0.46864883810187163,2693.0
38,216,3,44,2,3,3,9526,0,4,10,2,9,7,1,8,0,1,0,0,1,0,0,0,0,0,0,0,0,1,0,0,0,0,11801288,0.5733744566986742,14987.96507451157
36,1299,3,94,3,2,3,5237,0,3,17,3,7,7,7,7,0,1,0,0,0,0,1,0,0,1,0,0,0,0,0,0,0,0,6487859,0.49017962606280296,5237.0
35,809,3,84,4,1,2,2426,0,3,6,5,5,4,0,3,0,1,0,0,0,0,1,0,0,0,0,1,0,0,0,0,0,0,3005451,0.4823226549819154,2426.0
29,153,2,49,2,2,3,4193,1,3,10,3,9,5,0,8,0,1,0,0,1,0,0,0,0,0,0,1,0,0,0,0,0,0,5194500,0.4439276387519482,4193.0
31,670,1,31,3,1,3,2911,0,3,5,1,5,2,4,3,0,1,0,0,1,0,0,0,0,0,0,0,0,0,0,1,0,0,3606293,0.3394518985145294,2911.0
34,1346,2,93,3,1,4,2661,0,3,3,2,2,2,1,2,0,1,0,0,0,0,1,0,0,0,0,1,0,0,0,0,0,0,3296581,0.3394518985145294,2661.0
28,103,3,50,2,1,3,2028,1,3,6,4,4,2,0,3,0,1,0,0,1,0,0,0,0,0,0,1,0,0,0,0,0,0,2512389,0.40798952844996017,2028.0
29,1389,4,51,4,3,1,9980,0,3,10,1,10,9,8,8,0,1,0,0,1,0,0,0,0,0,0,0,0,1,0,0,0,0,12363726,0.6517736652681937,16484.701179376574
32,334,2,80,4,1,2,3298,1,3,7,5,6,2,0,5,0,1,0,0,1,0,0,0,0,0,0,0,0,0,0,1,0,0,4085728,0.6208748681117552,3696.6453150325683
22,1123,2,96,4,1,4,2935,1,3,1,2,1,0,0,0,0,1,0,0,0,0,1,0,0,0,0,1,0,0,0,0,0,0,3636026,0.487253267292564,2935.0
53,1219,4,78,2,4,4,15427,0,3,31,3,25,8,3,7,0,0,1,0,1,0,0,0,0,0,0,0,1,0,0,0,0,0,19111744,0.5281213551925378,35361.49221983292
38,371,3,45,3,1,4,3944,1,3,6,3,3,2,1,2,0,1,0,0,1,0,0,0,0,0,0,0,0,0,0,1,0,0,4886026,0.423766113481287,3944.0
24,673,2,96,4,2,3,4011,0,3,5,5,4,2,1,3,0,1,0,0,0,0,0,1,0,0,0,0,0,1,0,0,0,0,4969029,0.5430087154853241,4183.507957811636
36,1218,4,82,2,1,1,3407,0,4,10,4,5,3,0,3,0,0,1,0,1,0,0,0,0,0,0,0,0,0,0,0,0,1,4220763,0.3394518985145294,3407.0
34,419,4,53,3,3,2,11994,0,3,13,4,12,6,2,11,0,1,0,0,1,0,0,0,0,0,0,0,0,0,1,0,0,0,14858771,0.5151205785502524,18172.35621913173
21,391,2,96,3,1,4,1232,0,3,0,6,0,0,0,0,0,1,0,0,1,0,0,0,0,0,0,0,0,0,0,1,0,0,1526264,0.2208433376660076,888.0789920045214
34,699,1,83,3,1,1,2960,0,3,8,2,4,2,1,3,0,1,0,0,0,0,1,0,0,0,0,0,0,0,0,1,0,0,3666997,0.38642825606855946,2960.0
53,1282,3,58,3,5,3,19094,0,3,26,3,14,13,4,8,0,1,0,0,0,0,0,1,0,0,0,0,1,0,0,0,0,0,23654609,0.6656053744819624,63606.13804071719
32,1125,1,72,1,1,1,3919,1,4,10,5,10,2,6,7,0,1,0,0,1,0,0,0,0,0,0,0,0,0,0,1,0,0,4855055,0.3577155363238561,3919.0
42,691,4,48,3,2,2,6825,0,3,10,2,9,7,4,2,0,0,1,0,0,1,0,0,0,0,0,0,0,0,0,0,1,0,8455154,0.46523340188719,6825.0
44,477,4,42,2,3,4,10248,0,3,24,4,22,6,5,17,0,1,0,0,0,0,1,0,0,1,0,0,0,0,0,0,0,0,12695738,0.559385411281147,15980.581694809196
46,705,4,83,3,5,1,18947,0,3,22,2,2,2,2,1,0,0,1,0,0,1,0,0,0,0,0,0,1,0,0,0,0,0,23472498,0.5345026838465216,58148.444701680084
33,924,3,78,3,1,4,2496,0,3,7,3,1,1,0,0,0,1,0,0,0,0,1,0,0,0,0,1,0,0,0,0,0,0,3092170,0.3394518985145294,2496.0
44,1459,4,41,3,2,4,6465,1,3,9,5,4,2,1,3,0,1,0,0,0,0,0,1,0,1,0,0,0,0,0,0,0,0,8009167,0.5675291374051165,6901.575873324078
30,125,2,83,2,1,3,2206,0,3,10,5,10,0,1,8,0,1,0,0,0,0,1,0,0,0,0,1,0,0,0,0,0,0,2732904,0.3394518985145294,2206.0
39,895,3,56,3,2,4,2086,0,3,19,6,1,0,0,0,0,0,1,0,0,0,0,0,1,0,0,0,0,0,0,0,0,1,2584242,0.3784155658052649,2086.0
24,813,3,61,3,1,4,2293,1,3,6,2,2,0,2,0,0,1,0,0,0,0,1,0,0,0,0,0,0,0,0,1,0,0,2840684,0.3516622686269747,2293.0
43,1273,2,72,4,1,3,2645,0,3,6,3,5,3,1,4,0,1,0,0,0,0,1,0,0,0,0,0,0,0,0,1,0,0,3276759,0.48219597074478915,2645.0
50,869,2,86,2,1,3,2683,1,3,3,2,3,2,0,2,0,0,1,0,0,1,0,0,0,0,0,0,0,0,0,0,0,1,3323835,0.3394518985145294,2683.0
35,890,3,97,3,1,4,2014,0,3,2,3,2,2,2,2,0,0,1,0,0,1,0,0,0,0,0,0,0,0,0,0,0,1,2495045,0.3394518985145294,2014.0
36,852,4,82,2,1,1,3419,1,3,6,3,1,1,0,0,0,1,0,0,1,0,0,0,0,0,0,0,0,0,0,1,0,0,4235629,0.3394518985145294,3419.0
33,1141,3,42,4,2,1,5376,0,3,10,3,5,3,1,3,0,0,1,0,1,0,0,0,0,0,0,0,0,0,0,0,1,0,6660059,0.47667970101485657,5376.0
35,464,2,75,3,1,4,1951,0,3,1,3,1,0,0,0,0,1,0,0,0,0,0,1,0,0,0,1,0,0,0,0,0,0,2416997,0.3394518985145294,1951.0
27,1240,4,33,3,1,1,2341,0,3,1,6,1,0,0,0,0,1,0,0,1,0,0,0,0,0,0,1,0,0,0,0,0,0,2900149,0.3394518985145294,2341.0
26,1357,3,48,1,1,3,2293,0,3,1,2,1,0,0,1,0,1,0,0,1,0,0,0,0,0,0,1,0,0,0,0,0,0,2840684,0.3394518985145294,2293.0
27,994,3,37,3,3,3,8726,0,3,9,0,9,8,1,7,0,0,1,0,1,0,0,0,0,0,0,0,0,0,0,0,1,0,10810208,0.5273329174570175,13327.507037729934
30,721,2,58,3,2,4,4011,0,4,12,2,12,8,3,7,0,1,0,0,0,0,1,0,0,0,0,1,0,0,0,0,0,0,4969029,0.7182981230483506,4886.593771546934
41,1360,3,49,3,5,3,19545,0,3,23,0,22,15,15,8,0,1,0,0,0,0,0,0,1,0,0,0,0,0,1,0,0,0,24213330,0.6523829723991498,64591.65039108277
34,1065,4,72,3,2,3,4568,0,4,10,2,9,5,8,7,0,0,1,0,0,1,0,0,0,0,0,0,0,0,0,0,1,0,5659068,0.6238741214667346,5133.856986860044
37,408,2,73,3,1,2,3022,0,4,8,1,1,0,0,0,0,1,0,0,1,0,0,0,0,0,0,0,0,0,0,1,0,0,3743806,0.4412307216992377,3022.0
46,1211,4,98,3,2,4,5772,1,4,14,4,9,6,0,8,0,0,1,0,0,1,0,0,0,0,0,0,0,0,0,0,1,0,7150644,0.6668900030810189,6735.289097783641
35,1229,1,36,4,1,4,2269,0,3,1,2,1,0,0,1,0,1,0,0,1,0,0,0,0,0,0,1,0,0,0,0,0,0,2810951,0.45098394860867996,2269.0
48,626,2,98,2,3,3,5381,1,3,23,2,1,0,0,0,0,1,0,0,1,0,0,0,0,0,0,1,0,0,0,0,0,0,6666254,0.34080079945944175,7214.849101891256
28,1434,4,50,3,1,3,3441,1,3,2,3,2,2,2,2,0,1,0,0,0,0,0,0,1,0,0,1,0,0,0,0,0,0,4262884,0.5385577984198592,3573.677384362735
44,1488,5,75,3,2,1,5454,1,4,9,2,4,3,1,3,0,0,1,0,0,1,0,0,0,0,0,0,0,0,0,0,1,0,6756690,0.7113588038138695,6606.750916000844
35,1097,2,79,2,3,1,9884,1,3,10,3,4,0,2,3,0,1,0,0,0,0,1,0,0,1,0,0,0,0,0,0,0,0,12244797,0.5006129577142807,14832.05847404795
26,1443,3,47,2,2,4,4157,1,3,5,2,2,2,0,0,0,0,1,0,0,1,0,0,0,0,0,0,0,0,0,0,1,0,5149901,0.3887000756976532,4157.0
33,515,2,98,3,3,4,13458,1,3,15,1,15,14,8,12,0,1,0,0,1,0,0,0,0,0,0,0,0,0,1,0,0,0,16672448,0.7894201146312992,24082.015902708026
35,853,5,71,3,3,1,9069,0,4,9,3,9,8,1,8,0,0,1,0,1,0,0,0,0,0,0,0,0,0,0,0,1,0,11235134,0.7699306286318682,16051.500871062413
35,1142,4,30,3,1,1,4014,1,3,4,3,2,2,2,2,0,1,0,0,0,0,1,0,0,0,0,1,0,0,0,0,0,0,4972745,0.37354059160534536,4014.0
31,655,4,48,3,2,4,5915,0,4,10,3,7,7,1,7,0,1,0,0,1,0,0,0,0,0,0,1,0,0,0,0,0,0,7327800,0.5974259414668007,6491.274443776127
37,1115,4,51,2,2,3,5993,0,3,7,2,7,5,0,7,0,1,0,0,1,0,0,0,0,0,0,0,0,1,0,0,0,0,7424430,0.35342247929141135,5993.0
32,427,3,33,3,2,4,6162,1,4,9,3,9,8,7,8,0,1,0,0,0,0,1,0,0,0,0,0,0,1,0,0,0,0,7633796,0.7004095267532237,7396.923503853365
38,653,5,50,3,2,4,2406,0,3,10,2,10,3,9,9,0,1,0,0,1,0,0,0,0,0,0,1,0,0,0,0,0,0,2980674,0.4988103064750272,2406.0
50,989,2,43,2,5,3,18740,1,3,29,2,27,3,13,8,0,1,0,0,0,0,1,0,0,0,0,0,0,0,1,0,0,0,23216056,0.7654821993722812,66170.2728324731
59,1435,3,99,3,3,1,7637,0,3,28,3,21,16,7,9,0,0,1,0,1,0,0,0,0,0,0,0,0,0,0,0,1,0,9461100,0.6828342360660987,12851.805060836798
36,1223,3,59,3,3,3,10096,0,3,17,2,17,14,12,8,0,1,0,0,0,0,0,0,1,1,0,0,0,0,0,0,0,0,12507433,0.5895409441172584,16048.005371807842
55,836,3,33,3,4,3,14756,1,3,21,2,5,0,0,2,0,1,0,0,0,0,1,0,0,0,0,0,1,0,0,0,0,0,18280476,0.5853033693398918,35089.104776969165
36,1195,3,95,2,2,2,6499,0,3,6,3,6,5,0,3,0,1,0,0,1,0,0,0,0,0,0,0,0,1,0,0,0,0,8051288,0.3394518985145294,6499.0
45,1339,3,59,3,3,1,9724,0,3,25,2,1,0,0,0,0,1,0,0,1,0,0,0,0,0,0,0,0,0,0,1,0,0,12046581,0.392651733733973,13542.145458829153
35,664,3,79,3,1,1,2194,0,3,5,2,3,2,1,2,0,1,0,0,0,0,1,0,0,0,0,0,0,0,0,1,0,0,2718038,0.3394518985145294,2194.0
36,318,3,79,2,1,3,3388,1,3,2,0,1,0,0,0,0,1,0,0,0,0,1,0,0,0,0,0,0,0,0,1,0,0,4197225,0.37580700179504367,3388.0
59,1225,1,57,2,2,3,5473,0,3,20,2,4,3,1,3,0,0,1,0,1,0,0,0,0,0,0,0,0,0,0,0,1,0,6780228,0.3394518985145294,5473.0
29,1328,3,76,3,1,2,2703,0,4,6,3,5,4,0,4,0,1,0,0,1,0,0,0,0,0,0,0,0,0,0,1,0,0,3348612,0.44870085182601605,2703.0
31,1082,4,87,3,1,2,2501,0,3,1,4,1,1,1,0,0,1,0,0,0,0,1,0,0,0,0,0,0,0,0,1,0,0,3098365,0.3394518985145294,2501.0
32,548,3,66,3,2,2,6220,0,3,10,3,10,4,0,9,0,1,0,0,1,0,0,0,0,0,0,0,0,0,0,1,0,0,7705649,0.4091830016567092,6220.0
36,132,3,55,4,1,4,3038,0,3,5,3,1,0,0,0,0,1,0,0,1,0,0,0,0,0,0,1,0,0,0,0,0,0,3763627,0.44498087790065033,3038.0
31,746,4,61,3,2,4,4424,0,4,11,2,11,7,1,8,0,1,0,0,1,0,0,0,0,0,0,0,0,1,0,0,0,0,5480674,0.6107165678252203,4913.810096058774
35,776,4,32,2,2,1,4312,0,3,16,2,15,13,2,8,0,0,1,0,0,1,0,0,0,0,0,0,0,0,0,0,1,0,5341923,0.43726815304198596,4312.0
45,193,4,52,3,3,1,13245,1,3,17,3,0,0,0,0,0,1,0,0,0,0,0,1,0,0,0,0,0,0,1,0,0,0,16408573,0.5629772772107543,20701.634036656444
37,397,4,30,3,3,3,13664,0,3,16,3,5,2,0,2,0,1,0,0,0,0,1,0,0,0,0,0,0,0,1,0,0,0,16927651,0.46029880151500424,19953.522823901018
46,945,2,80,3,2,2,5021,1,4,16,2,4,2,0,2,1,0,0,0,0,0,1,0,0,0,1,0,0,0,0,0,0,0,6220268,0.6849545901509678,5949.65699714801
30,852,1,55,2,2,4,5126,1,3,10,1,10,8,3,0,0,1,0,0,1,0,0,0,0,0,0,1,0,0,0,0,0,0,6350347,0.4877133996675548,5126.0
35,1214,3,30,2,1,3,2859,0,3,6,3,6,4,0,4,0,1,0,0,0,0,1,0,0,0,0,0,0,0,0,1,0,0,3541873,0.3394518985145294,2859.0
55,111,2,70,3,3,4,10239,0,3,24,4,1,0,1,0,0,0,1,0,1,0,0,0,0,0,0,0,0,0,0,0,1,0,12684589,0.4587202095677325,14935.836225764013
38,573,3,79,1,2,4,5329,1,3,17,3,13,11,1,9,0,1,0,0,0,0,1,0,0,0,0,0,0,0,0,1,0,0,6601833,0.3789257454380658,5329.0
34,1153,2,94,3,2,2,4325,0,3,5,2,5,2,1,3,0,1,0,0,0,0,1,0,0,0,0,0,0,1,0,0,0,0,5358028,0.3845561654035897,4325.0
56,1400,3,49,1,3,4,7260,0,3,37,3,6,4,0,2,0,1,0,0,1,0,0,0,0,0,0,0,0,1,0,0,0,0,8994054,0.3394518985145294,9724.420783215483
23,541,1,62,3,1,1,2322,0,3,3,3,0,0,0,0,0,0,1,0,0,0,0,0,1,0,0,0,0,0,0,0,0,1,2876611,0.2773779735420576,1805.0716545646578
51,432,4,96,3,1,4,2075,0,4,10,4,4,2,0,3,0,1,0,0,1,0,0,0,0,0,0,1,0,0,0,0,0,0,2570614,0.5101884237197526,2096.1409792184863
30,288,3,99,2,2,4,4152,0,3,11,3,11,10,10,8,0,1,0,0,1,0,0,0,0,1,0,0,0,0,0,0,0,0,5143707,0.34935797527484314,4152.0
46,669,2,64,2,3,4,9619,0,3,9,3,9,8,4,7,0,0,1,0,0,0,1,0,0,0,0,0,0,0,0,0,1,0,11916501,0.350211222190411,12987.681746249564
40,530,4,78,2,4,2,13503,0,4,22,3,22,3,11,11,0,1,0,0,1,0,0,0,0,1,0,0,0,0,0,0,0,0,16728196,0.6634460918510775,33692.26886739765
51,632,4,71,3,2,4,5441,1,4,11,2,10,7,1,0,0,0,1,0,0,1,0,0,0,0,0,0,0,0,0,0,1,0,6740585,0.7289370385717185,6686.64642686872
30,1334,2,63,2,2,2,5209,1,3,11,4,11,8,2,7,0,0,1,0,0,0,1,0,0,0,0,0,0,0,0,0,1,0,6453171,0.3394518985145294,5209.0
46,638,3,40,2,3,1,10673,1,3,21,5,10,9,9,5,0,1,0,0,0,0,1,0,0,1,0,0,0,0,0,0,0,0,13222250,0.4856905985027782,15856.77575782015
32,1093,4,87,3,2,3,5010,0,3,12,0,11,8,5,7,0,0,1,0,0,0,1,0,0,0,0,0,0,0,0,0,1,0,6206640,0.4767054930721858,5010.0
54,1217,4,60,3,3,3,13549,0,3,16,5,4,3,0,3,0,1,0,0,0,0,0,0,1,0,0,0,0,0,1,0,0,0,16785183,0.49978528801573796,20320.590867325234
24,1353,2,33,3,2,3,4999,0,4,4,2,3,2,0,2,0,0,1,0,0,0,0,1,0,0,0,0,0,0,0,0,1,0,6193013,0.59594500279317,5478.629068963057
28,120,3,43,3,2,3,4221,0,3,5,3,5,4,0,4,0,0,1,0,0,0,1,0,0,0,0,0,0,0,0,0,1,0,5229187,0.4315096322097014,4221.0
58,682,4,37,3,4,3,13872,0,3,38,1,37,10,1,8,0,0,1,0,0,0,1,0,0,0,0,0,0,0,0,0,1,0,17185332,0.7165099707713488,35717.139471810224
44,489,3,67,3,2,2,2042,0,3,17,3,3,2,1,2,0,1,0,0,0,0,1,0,0,0,0,1,0,0,0,0,0,0,2529732,0.3415334449958801,2042.0
37,807,4,63,3,1,1,2073,1,4,7,3,3,2,0,2,1,0,0,1,0,0,0,0,0,0,1,0,0,0,0,0,0,0,2568137,0.5353255101616127,2146.2297825650235
32,827,1,71,3,1,1,2956,0,3,1,2,1,0,0,0,0,1,0,0,1,0,0,0,0,0,0,0,0,0,0,1,0,0,3662042,0.3394518985145294,2956.0
20,871,3,66,2,1,4,2926,1,3,1,5,1,0,1,0,0,1,0,0,1,0,0,0,0,0,0,1,0,0,0,0,0,0,3624876,0.3394518985145294,2926.0
34,665,4,41,3,2,3,4809,0,3,16,3,16,13,2,10,0,1,0,0,0,0,0,1,0,0,0,0,0,0,0,1,0,0,5957631,0.6039470410184852,5308.881320257896
37,1040,2,100,2,2,4,5163,0,3,17,2,1,0,0,0,0,1,0,0,1,0,0,0,0,1,0,0,0,0,0,0,0,0,6396184,0.3394518985145294,5163.0
59,1420,4,32,2,5,4,18844,0,4,30,3,3,2,2,2,1,0,0,1,0,0,0,0,0,0,0,0,1,0,0,0,0,0,23344896,0.47538200657140905,55604.19706366326
50,1115,3,73,3,5,2,18172,1,3,28,1,8,3,0,7,0,1,0,0,1,0,0,0,0,0,0,0,0,0,1,0,0,0,22512389,0.7245249864823616,62676.136108714956
25,240,3,46,2,2,3,5744,1,3,6,1,6,4,0,3,0,0,1,0,0,1,0,0,0,0,0,0,0,0,0,0,1,0,7115956,0.3418365580130198,5744.0
25,1280,1,64,2,1,4,2889,0,3,2,2,2,2,2,1,0,1,0,0,0,0,1,0,0,0,0,0,0,0,0,1,0,0,3579039,0.3394518985145294,2889.0
22,534,3,59,3,1,4,2871,0,3,1,5,0,0,0,0,0,1,0,0,0,0,1,0,0,0,0,1,0,0,0,0,0,0,3556739,0.2714391115607241,2214.801689290839
51,1456,4,30,2,3,1,7484,0,4,23,1,13,12,12,8,0,1,0,0,0,0,1,0,0,1,0,0,0,0,0,0,0,0,9271556,0.680766708334316,12578.85804517402
34,658,3,66,1,2,3,6074,1,4,9,3,9,7,0,6,0,1,0,0,1,0,0,0,0,0,0,1,0,0,0,0,0,0,7524777,0.5511628308234536,6384.763034421658
54,142,3,30,4,4,4,17328,1,3,23,3,5,3,4,4,1,0,0,1,0,0,0,0,0,0,0,0,1,0,0,0,0,0,21466799,0.729230125915363,44946.14943279211
24,1127,1,52,3,1,3,2774,0,3,6,2,5,3,1,2,0,1,0,0,1,0,0,0,0,0,0,1,0,0,0,0,0,0,3436571,0.3394518985145294,2774.0
34,1031,4,45,2,2,2,4505,0,3,12,3,1,0,0,0,0,1,0,0,1,0,0,0,0,0,0,0,0,0,0,1,0,0,5581021,0.3394518985145294,4505.0
37,1189,3,87,3,3,4,7428,0,3,12,3,5,3,1,3,0,0,1,0,1,0,0,0,0,0,0,0,0,0,0,0,1,0,9202180,0.4598364737980746,10843.665327372099
34,1354,3,45,2,3,1,11631,0,3,14,6,11,10,5,8,0,1,0,0,0,0,1,0,0,0,0,0,1,0,0,0,0,0,14409068,0.38412735393815334,16098.785253654662
36,1467,2,92,3,3,4,9738,0,3,10,6,9,7,2,8,0,0,1,0,0,0,0,0,1,0,0,0,0,0,0,0,1,0,12063925,0.4907927816948763,14517.340108144705
36,922,2,39,3,1,4,2835,0,4,7,2,1,0,0,0,0,1,0,0,1,0,0,0,0,0,0,1,0,0,0,0,0,0,3512141,0.4910873426717751,2835.0
43,394,2,92,3,4,4,16959,1,3,25,3,25,12,4,12,0,0,1,0,1,0,0,0,0,0,0,0,1,0,0,0,0,0,21009663,0.7983998024264721,45748.59337402581
30,1312,3,96,1,1,3,2613,0,4,10,2,10,7,0,9,0,1,0,0,1,0,0,0,0,0,0,0,0,0,0,1,0,0,3237116,0.3394518985145294,2613.0
33,750,2,95,3,2,2,6146,0,3,8,2,7,7,0,7,0,0,1,0,0,1,0,0,0,0,0,0,0,0,0,0,1,0,7613974,0.3411905864178839,6146.0
56,441,4,72,3,1,2,4963,1,3,7,2,5,4,4,3,0,1,0,0,1,0,0,0,0,0,0,0,0,0,0,1,0,0,6148414,0.4625551121460344,4963.0
51,684,3,51,3,5,3,19537,0,3,23,5,20,18,15,15,0,1,0,0,1,0,0,0,0,0,0,0,0,0,1,0,0,0,24203419,0.7285049533684061,67539.6025479171
31,249,4,76,1,2,3,6172,1,3,12,3,7,7,7,7,0,0,1,0,1,0,0,0,0,0,0,0,0,0,0,0,1,0,7646184,0.3394518985145294,6172.0
26,841,3,46,2,1,2,2368,0,3,5,3,5,4,4,3,0,1,0,0,0,0,0,1,0,0,0,0,0,0,0,1,0,0,2933598,0.3394518985145294,2368.0
58,147,4,94,3,3,4,10312,0,3,40,3,40,10,15,6,0,1,0,0,0,0,1,0,0,1,0,0,0,0,0,0,0,0,12775025,0.6811653806343431,17336.177405101345
19,528,1,50,3,1,3,1675,1,3,0,2,0,0,0,0,0,0,1,0,0,1,0,0,0,0,0,0,0,0,0,0,0,1,2075074,0.3743128719120642,1464.4740604527076
22,594,1,100,3,1,4,2523,0,3,3,2,2,1,2,1,0,1,0,0,0,0,0,0,1,0,0,1,0,0,0,0,0,0,3125619,0.3394518985145294,2523.0
49,470,4,96,3,2,1,6567,0,3,16,2,15,11,5,11,0,1,0,0,0,0,1,0,0,0,0,0,0,1,0,0,0,0,8135530,0.5653039178380698,6995.850828442603
43,957,3,72,4,1,3,4739,0,3,18,2,3,2,1,2,0,1,0,0,0,0,1,0,0,0,0,0,0,0,0,1,0,0,5870912,0.4985922035620499,4739.0
50,809,3,77,3,3,4,9208,0,3,16,3,2,2,2,1,0,0,1,0,0,1,0,0,0,0,0,0,0,0,0,0,1,0,11407334,0.4552675051136337,13400.103187086339
31,542,3,71,1,2,3,4559,1,3,4,2,2,2,2,2,0,0,1,0,1,0,0,0,0,0,0,0,0,0,0,0,1,0,5647919,0.3394518985145294,4559.0
41,802,1,96,3,3,3,8189,1,3,12,2,9,7,0,7,0,0,1,0,1,0,0,0,0,0,0,0,0,0,0,0,1,0,10144945,0.6825472539818233,13778.37946285715
26,1355,1,61,3,1,3,2942,0,4,8,3,8,7,5,7,1,0,0,0,1,0,0,0,0,0,1,0,0,0,0,0,0,0,3644698,0.5719933440023032,3153.8044180547754
36,216,2,84,3,2,2,4941,0,4,7,0,3,2,0,1,0,1,0,0,0,0,1,0,0,0,0,0,0,1,0,0,0,0,6121160,0.48869055001199757,4941.0
51,1150,4,53,1,3,4,10650,0,3,18,2,4,2,0,3,0,1,0,0,1,0,0,0,0,0,0,0,0,1,0,0,0,0,13193756,0.3394518985145294,14265.162719179738
39,1329,4,47,2,2,3,5902,0,3,17,1,15,11,5,9,0,0,1,0,1,0,0,0,0,0,0,0,0,0,0,0,1,0,7311695,0.3771215964702762,5902.0
25,959,3,41,2,2,3,8639,0,3,6,3,2,2,2,2,0,0,1,0,1,0,0,0,0,0,0,0,0,0,0,0,1,0,10702428,0.3394518985145294,8639.0
30,1240,3,48,3,2,4,6347,1,3,12,2,11,9,4,7,1,0,0,1,0,0,0,0,0,0,1,0,0,0,0,0,0,0,7862983,0.630970421757331,7178.269266893779
32,1033,3,41,3,1,1,4200,0,4,10,2,5,4,0,4,0,1,0,0,0,0,1,0,0,0,0,1,0,0,0,0,0,0,5203171,0.5166798712478524,4270.05545924098
45,1316,3,83,3,1,4,3452,0,3,9,2,6,5,0,3,0,1,0,0,0,0,1,0,0,0,0,0,0,0,0,1,0,0,4276511,0.4348912162803531,3452.0
38,364,5,32,3,2,3,4317,1,4,19,2,3,2,2,2,0,1,0,0,0,0,0,0,1,0,0,0,0,0,0,1,0,0,5348117,0.6673700547770239,5039.536526472411
30,438,3,75,3,1,3,2632,0,3,5,4,5,4,0,4,0,1,0,0,1,0,0,0,0,0,0,0,0,0,0,1,0,0,3260654,0.3394518985145294,2632.0
32,689,2,35,1,2,4,4668,0,3,9,2,8,7,0,7,0,0,1,0,0,0,1,0,0,0,0,0,0,0,0,0,1,0,5782953,0.3394518985145294,4668.0
30,201,3,84,3,1,1,3204,0,3,8,3,3,2,2,2,0,1,0,0,0,0,0,0,1,0,0,0,0,0,0,1,0,0,3969277,0.3394518985145294,3204.0
30,1427,1,35,2,1,4,2720,0,3,6,3,5,3,1,2,0,1,0,0,0,0,1,0,0,0,0,1,0,0,0,0,0,0,3369673,0.3394518985145294,2720.0
41,857,3,91,2,4,1,17181,0,3,21,2,7,6,7,7,0,1,0,0,1,0,0,0,0,0,0,0,1,0,0,0,0,0,21284688,0.39122551922965787,35853.96846882713
41,933,4,94,3,1,1,2238,0,4,7,2,5,0,1,4,0,1,0,0,1,0,0,0,0,0,0,1,0,0,0,0,0,0,2772547,0.44133367377904176,2238.0
19,1181,1,79,3,1,2,1483,0,3,1,3,1,0,0,0,0,1,0,0,0,0,1,0,0,0,0,1,0,0,0,0,0,0,1837215,0.3394518985145294,1483.0
40,1395,3,54,3,2,2,5605,0,3,20,2,20,7,2,13,0,1,0,0,0,0,1,0,0,0,0,0,0,0,0,1,0,0,6943756,0.6251412810866189,6306.416880490499
35,662,5,94,3,3,2,7295,0,3,10,3,10,8,0,6,0,0,1,0,0,1,0,0,0,0,0,0,0,0,0,0,1,0,9037413,0.5539642672717452,11336.169329747381
53,1436,2,34,3,2,3,2306,1,4,13,3,7,7,4,5,0,0,1,0,0,1,0,0,0,0,0,0,0,0,0,0,0,1,2856789,0.7428801470427581,2866.0816190806
45,194,3,60,3,2,2,2348,0,3,20,2,17,9,0,15,0,1,0,0,1,0,0,0,0,0,0,1,0,0,0,0,0,0,2908821,0.6184859452526658,2626.204999453259
32,967,3,43,3,3,4,8998,0,3,9,2,9,8,3,7,0,0,1,0,0,1,0,0,0,0,0,0,0,0,0,0,1,0,11147175,0.5162927548628915,13643.602208256298
29,1496,1,41,3,2,3,4319,0,3,10,1,10,7,0,9,0,1,0,0,0,0,0,0,1,0,0,0,0,1,0,0,0,0,5350595,0.515939141294653,4387.841151251607
51,1169,4,34,2,2,3,6132,0,3,10,2,1,0,0,0,0,1,0,0,0,0,1,0,0,0,0,0,0,1,0,0,0,0,7596630,0.3394518985145294,6132.0
58,1145,3,75,2,1,2,3346,1,4,9,3,1,0,0,0,0,1,0,0,0,0,1,0,0,0,0,0,0,0,0,1,0,0,4145193,0.3394518985145294,3346.0
40,630,4,67,2,3,4,10855,0,3,15,2,12,11,2,11,0,0,1,0,0,1,0,0,0,0,0,0,0,0,0,0,1,0,13447721,0.3394518985145294,14539.750358375217
34,303,4,75,3,1,3,2231,0,3,6,3,4,3,1,2,0,0,1,0,0,1,0,0,0,0,0,0,0,0,0,0,0,1,2763875,0.35254934069272414,2231.0
22,1256,1,80,3,1,4,2323,0,4,2,6,2,2,2,2,0,1,0,0,0,0,1,0,0,0,0,0,0,0,0,1,0,0,2877849,0.4183130972896645,2323.0
27,691,3,57,3,1,2,2024,0,3,6,1,2,2,2,2,0,1,0,0,0,0,1,0,0,0,0,0,0,0,0,1,0,0,2507433,0.3394518985145294,2024.0
28,440,3,42,3,1,4,2713,0,3,5,2,5,2,0,2,0,1,0,0,0,0,1,0,0,0,0,0,0,0,0,1,0,0,3361001,0.40716777554953676,2713.0
57,334,2,83,4,3,4,9439,1,3,12,2,5,3,1,4,0,1,0,0,1,0,0,0,0,1,0,0,0,0,0,0,0,0,11693508,0.7877169303390287,16874.26010547009
27,1450,3,79,2,1,3,2566,1,3,1,2,1,1,0,1,0,1,0,0,0,0,1,0,0,0,0,0,0,0,0,1,0,0,3178890,0.3394518985145294,2566.0
50,1452,3,53,3,5,2,19926,0,3,21,5,5,4,4,4,0,1,0,0,1,0,0,0,0,0,0,0,1,0,0,0,0,0,24685332,0.5329802103320159,61092.327342151504
41,465,3,56,3,1,3,2451,0,3,13,2,9,8,1,8,0,1,0,0,1,0,0,0,0,0,0,0,0,0,0,1,0,0,3036422,0.3394518985145294,2451.0
30,1339,3,41,3,3,4,9419,0,3,12,2,10,9,7,4,0,0,1,0,1,0,0,0,0,0,0,0,0,0,0,0,1,0,11668731,0.552053017589503,14618.78737267553
38,702,4,59,2,2,4,8686,0,4,12,2,8,3,0,7,0,0,1,0,1,0,0,0,0,0,0,0,0,0,0,0,1,0,10760654,0.5131493834159621,8800.215544351046
32,120,5,43,3,1,3,3038,0,4,8,2,5,4,1,4,0,1,0,0,1,0,0,0,0,0,0,0,0,0,0,1,0,0,3763627,0.5418051670052614,3165.004097361984
27,1157,3,51,3,1,2,3058,1,3,6,3,5,2,1,1,0,1,0,0,0,0,0,0,1,0,0,0,0,0,0,1,0,0,3788404,0.4687940892984579,3058.0
19,602,1,100,1,1,1,2325,0,4,1,5,0,0,0,0,0,0,1,0,0,0,0,0,1,0,0,0,0,0,0,0,0,1,2880327,0.15448537055604228,1521.6784865427983
36,1480,2,30,3,1,2,2088,0,3,13,3,8,7,7,2,0,1,0,0,0,0,1,0,0,0,0,1,0,0,0,0,0,0,2586720,0.4009391733721881,2088.0
30,111,3,66,3,2,1,3072,0,3,12,4,12,9,6,10,0,1,0,0,0,0,1,0,0,0,0,1,0,0,0,0,0,0,3805748,0.4671471554181079,3072.0
45,1268,2,30,3,2,1,5006,1,3,9,3,5,4,0,3,0,0,1,0,1,0,0,0,0,0,0,0,0,0,0,0,1,0,6201685,0.4971262581026582,5006.0
56,713,3,67,3,1,1,4257,1,3,19,3,2,2,2,2,0,1,0,0,1,0,0,0,0,0,0,0,0,0,0,1,0,0,5273786,0.4527083542054914,4257.0
33,134,3,90,3,1,4,2500,0,3,4,2,3,1,0,2,0,1,0,0,1,0,0,0,0,0,0,0,0,0,0,1,0,0,3097126,0.3394518985145294,2500.0
19,303,3,47,2,1,4,1102,0,4,1,3,1,0,1,0,0,1,0,0,1,0,0,0,0,0,0,1,0,0,0,0,0,0,1365213,0.3394518985145294,1102.0
46,526,2,92,3,3,1,10453,0,4,24,2,24,13,15,7,0,0,1,0,0,1,0,0,0,0,0,0,0,0,0,0,1,0,12949703,0.8213097348685631,19038.15065858109
38,1380,2,75,3,1,4,2288,0,3,2,3,2,2,2,1,0,1,0,0,1,0,0,0,0,0,0,1,0,0,0,0,0,0,2834490,0.3394518985145294,2288.0
31,140,1,95,3,1,4,3929,1,4,7,0,4,2,0,2,0,1,0,0,0,0,1,0,0,0,0,0,0,0,0,1,0,0,4867443,0.6256863171843369,4422.82154021726
34,629,2,95,3,1,2,2311,0,3,9,3,3,2,1,2,0,1,0,0,0,0,1,0,0,0,0,0,0,0,0,1,0,0,2862983,0.3844842193274838,2311.0
41,1356,2,70,3,1,2,3140,1,4,4,5,4,3,0,2,0,0,1,0,0,1,0,0,0,0,0,0,0,0,0,0,0,1,3889990,0.5674218680326492,3351.704665622519
50,328,3,86,2,1,3,3690,0,3,5,2,3,2,0,2,0,1,0,0,0,0,1,0,0,0,0,1,0,0,0,0,0,0,4571358,0.3394518985145294,3690.0
53,1084,2,57,4,2,1,4450,0,3,5,3,4,2,1,3,0,1,0,0,0,0,1,0,0,0,0,0,0,1,0,0,0,0,5512884,0.5219410753807217,4547.637785444212
33,931,3,72,3,1,2,2756,0,3,8,5,8,7,1,6,0,1,0,0,0,0,1,0,0,0,0,0,0,0,0,1,0,0,3414272,0.39903207018126896,2756.0
40,989,1,46,3,5,3,19033,0,3,21,2,20,8,9,9,0,1,0,0,0,0,1,0,0,0,0,0,1,0,0,0,0,0,23579039,0.7695349260312198,67359.11649430441
55,692,4,61,4,5,2,18722,0,3,36,3,24,15,2,15,0,1,0,0,0,0,1,0,0,0,0,0,0,0,1,0,0,0,23193756,0.8622120964322623,69728.66973880962
34,1069,1,45,2,2,3,9547,0,3,10,2,10,9,1,9,0,1,0,0,1,0,0,0,0,0,0,0,0,1,0,0,0,0,11827304,0.3542300322258821,9547.0
51,313,3,98,3,4,2,13734,0,3,21,6,7,7,1,0,0,1,0,0,0,0,1,0,0,1,0,0,0,0,0,0,0,0,17014371,0.5683318278086137,32309.20398468525
52,699,4,65,2,5,3,19999,0,3,34,5,33,18,11,9,0,1,0,0,1,0,0,0,0,0,0,0,1,0,0,0,0,0,24775768,0.6457506663348004,65826.73515205934
27,894,3,99,3,1,2,2279,0,3,7,2,7,7,0,3,0,1,0,0,0,0,1,0,0,0,0,0,0,0,0,1,0,0,2823340,0.3394518985145294,2279.0
35,556,2,50,2,2,3,5916,1,3,8,1,1,0,0,1,0,1,0,0,1,0,0,0,0,0,0,0,0,1,0,0,0,0,7329039,0.3394518985145294,5916.0
43,1344,3,37,4,1,4,2089,0,3,7,3,5,4,2,2,0,1,0,0,0,0,1,0,0,0,0,0,0,0,0,1,0,0,2587958,0.5420078975429811,2176.7544979672875
45,1195,2,65,2,4,4,16792,0,4,22,1,20,8,11,8,0,1,0,0,0,0,1,0,0,0,0,0,1,0,0,0,0,0,20802775,0.7373372272815694,43760.05008076817
37,290,3,65,4,1,1,3564,1,3,8,3,8,7,1,7,0,1,0,0,1,0,0,0,0,0,0,0,0,0,0,1,0,0,4415263,0.6671634453454979,4159.770519211354
35,138,3,37,3,2,2,4425,0,3,10,5,6,2,1,2,0,1,0,0,0,0,1,0,0,0,0,1,0,0,0,0,0,0,5481913,0.4630272990886939,4425.0
42,926,2,36,3,2,3,5265,0,3,11,5,5,3,0,2,0,1,0,0,0,0,1,0,0,0,0,0,0,1,0,0,0,0,6522547,0.4206711707159294,5265.0
38,1261,4,88,3,2,3,6553,0,3,14,3,1,0,0,0,0,1,0,0,1,0,0,0,0,0,0,0,0,1,0,0,0,0,8118186,0.37923592078528345,6553.0
38,1084,3,54,3,2,4,6261,0,3,9,3,7,7,1,7,0,1,0,0,0,0,0,0,1,0,0,0,0,1,0,0,0,0,7756442,0.3756504431129035,6261.0
27,472,1,60,2,2,1,4298,0,3,6,1,2,2,2,0,0,1,0,0,0,0,0,0,1,0,0,0,0,1,0,0,0,0,5324579,0.3394518985145294,4298.0
49,1002,4,92,3,2,4,6804,1,3,7,0,7,7,1,7,0,1,0,0,1,0,0,0,0,0,0,0,0,1,0,0,0,0,8429138,0.5291080796988673,7002.051374271094
34,878,4,43,3,1,3,3815,1,3,5,4,5,3,2,0,0,1,0,0,0,0,1,0,0,0,0,0,0,0,0,1,0,0,4726214,0.4777715200493994,3815.0
40,905,2,99,3,2,4,2741,1,3,15,2,7,2,3,7,0,1,0,0,0,0,1,0,0,0,0,1,0,0,0,0,0,0,3395689,0.63658725484453,3115.3856655288564
38,1180,1,70,3,2,1,6673,1,3,17,2,1,0,0,0,0,1,0,0,0,0,1,0,0,1,0,0,0,0,0,0,0,0,8266848,0.39723442314935276,6673.0
29,121,3,35,3,3,4,7639,0,4,10,3,10,4,1,9,0,0,1,0,0,1,0,0,0,0,0,0,0,0,0,0,1,0,9463578,0.7311589189801332,13224.322982089236
22,1136,3,60,4,1,2,2328,1,3,4,2,4,2,2,2,0,1,0,0,1,0,0,0,0,0,0,0,0,0,0,1,0,0,2884044,0.6093969183473095,2582.6760259125367
36,635,1,73,3,1,4,2153,0,3,8,2,8,1,1,7,0,1,0,0,0,0,1,0,0,0,0,1,0,0,0,0,0,0,2667245,0.3465563226247075,2153.0
40,1151,5,63,2,2,4,4876,0,3,5,5,3,2,0,2,0,1,0,0,1,0,0,0,0,1,0,0,0,0,0,0,0,0,6040634,0.3394518985145294,4876.0
46,644,4,97,3,3,1,9396,0,3,17,3,4,2,0,3,0,1,0,0,0,0,1,0,0,1,0,0,0,0,0,0,0,0,11640238,0.5023896900529834,14116.453527737833
32,1045,4,32,1,3,4,10400,0,3,14,2,14,8,9,8,0,0,1,0,0,0,1,0,0,0,0,0,0,0,0,0,1,0,12884044,0.3394518985145294,13930.299744551106
30,829,1,88,2,3,3,8474,0,4,12,2,11,8,5,8,0,1,0,0,1,0,0,0,0,0,0,0,0,1,0,0,0,0,10498018,0.6021983839300346,13577.029105423111
27,1242,3,90,3,2,3,9981,0,3,7,2,7,7,0,7,0,0,1,0,1,0,0,0,0,0,0,0,0,0,0,0,1,0,12364965,0.39545606522619237,9981.0
51,1469,4,81,2,3,2,12490,0,3,16,5,10,9,4,7,0,1,0,0,1,0,0,0,0,0,0,0,0,0,1,0,0,0,15473241,0.3703241939244222,17115.34918211603
30,1005,3,88,3,1,1,2657,1,3,8,5,5,2,0,4,0,1,0,0,0,0,0,0,1,0,0,0,0,0,0,1,0,0,3291625,0.4651012454460999,2657.0
41,896,3,75,3,3,4,13591,1,3,16,3,1,0,0,0,0,0,1,0,1,0,0,0,0,0,0,0,1,0,0,0,0,0,16837215,0.5393473086519488,20921.269271888636
30,334,4,52,2,2,1,6696,0,3,9,5,6,3,0,1,0,0,1,0,0,1,0,0,0,0,0,0,0,0,0,0,1,0,8295342,0.36165201256369817,6696.0
29,992,3,85,3,1,3,2058,0,3,7,1,6,2,1,5,0,1,0,0,0,0,0,0,1,0,0,0,0,0,0,1,0,0,2549554,0.3394518985145294,2058.0
45,1052,3,57,2,3,4,8865,0,3,23,2,19,7,12,8,0,0,1,0,0,0,1,0,0,0,0,0,0,0,0,0,1,0,10982408,0.5315783063865952,13577.441686117167
54,1147,3,52,3,2,1,5940,0,3,16,4,6,2,0,5,0,0,1,0,0,1,0,0,0,0,0,0,0,0,0,0,1,0,7358771,0.46844897728600643,5940.0
36,1396,2,62,3,2,2,5914,0,3,16,3,13,11,3,7,0,1,0,0,1,0,0,0,0,0,0,1,0,0,0,0,0,0,7326561,0.5116695188228179,5983.0135343181455
33,147,4,47,2,1,2,2622,0,4,7,3,3,2,1,1,0,1,0,0,0,0,1,0,0,0,0,0,0,0,0,1,0,0,3248266,0.3394518985145294,2622.0
37,663,3,47,3,3,4,12185,1,3,10,1,10,8,0,7,0,1,0,0,0,0,0,1,0,0,0,0,0,0,1,0,0,0,15095391,0.6083575409754264,19597.83663678557
38,119,3,76,3,3,3,10609,0,3,17,6,16,10,5,13,0,0,1,0,1,0,0,0,0,0,0,0,0,0,0,0,1,0,13142963,0.5474337798219807,16416.724970131392
31,979,4,90,1,2,3,4345,0,3,6,2,5,4,1,4,0,1,0,0,0,0,1,0,0,0,0,0,0,1,0,0,0,0,5382805,0.3394518985145294,4345.0
59,142,3,70,2,1,4,2177,0,3,7,6,1,0,0,0,0,1,0,0,1,0,0,0,0,0,0,0,0,0,0,1,0,0,2696977,0.3394518985145294,2177.0
37,319,4,41,3,1,4,2793,0,3,13,2,9,8,5,8,0,0,1,0,0,1,0,0,0,0,0,0,0,0,0,0,0,1,3460109,0.3394518985145294,2793.0
29,1413,1,42,3,3,4,7918,0,3,11,5,11,10,4,1,0,0,1,0,0,0,1,0,0,0,0,0,0,0,0,0,1,0,9809217,0.6146242665436169,12784.59494249236
35,944,3,92,3,3,3,8789,0,3,10,3,10,7,0,8,0,0,1,0,0,1,0,0,0,0,0,0,0,0,0,0,1,0,10888256,0.5418555022724346,13551.36800947243
29,896,1,86,2,1,4,2389,1,3,4,3,4,3,0,1,0,1,0,0,0,0,1,0,0,0,0,0,0,0,0,1,0,0,2959613,0.3394518985145294,2389.0
52,1323,3,89,2,1,4,3212,0,3,6,3,2,2,2,2,0,1,0,0,1,0,0,0,0,0,0,1,0,0,0,0,0,0,3979187,0.3394518985145294,3212.0
42,532,2,58,3,5,4,19232,0,3,22,3,22,17,11,15,0,1,0,0,0,0,0,0,1,0,0,0,1,0,0,0,0,0,23825570,0.6884216934838238,64943.45201816179
59,818,2,52,3,1,3,2267,0,3,7,2,2,2,2,2,1,0,0,0,0,0,1,0,0,0,1,0,0,0,0,0,0,0,2808474,0.3394518985145294,2267.0
50,854,4,68,3,5,4,19517,0,3,32,3,7,0,0,6,0,0,1,0,0,0,1,0,0,0,0,0,1,0,0,0,0,0,24178642,0.5330765718545375,59842.11090577001
33,813,3,58,3,1,4,2436,1,3,8,2,5,4,0,4,0,1,0,0,0,0,1,0,0,0,0,1,0,0,0,0,0,0,3017839,0.4813343528894817,2436.0
43,1034,3,80,3,4,4,16064,1,4,22,3,17,13,1,9,0,0,1,0,0,1,0,0,0,0,0,0,1,0,0,0,0,0,19900892,0.8304189618991774,44105.77530592258
33,465,2,39,3,1,1,2707,0,4,13,3,9,7,1,7,0,1,0,0,1,0,0,0,0,0,0,1,0,0,0,0,0,0,3353568,0.5432158175960692,2823.985218232559
52,771,4,79,2,5,3,19068,1,3,33,2,33,7,15,12,0,0,1,0,1,0,0,0,0,0,0,0,1,0,0,0,0,0,23622398,0.7151760563909034,65409.954086523496
32,1401,2,56,3,1,2,3931,0,3,6,5,4,3,1,2,0,0,1,0,1,0,0,0,0,0,0,0,0,0,0,0,0,1,4869921,0.3394518985145294,3931.0
32,515,3,62,2,1,3,3730,1,3,4,2,3,2,1,2,0,1,0,0,1,0,0,0,0,0,0,1,0,0,0,0,0,0,4620912,0.3394518985145294,3730.0
39,1431,4,96,3,1,3,2232,0,3,7,1,3,2,1,2,0,1,0,0,0,0,1,0,0,0,0,1,0,0,0,0,0,0,2765114,0.3394518985145294,2232.0
32,976,4,100,3,2,4,4465,0,3,4,2,3,2,2,2,0,0,1,0,0,1,0,0,0,0,0,0,0,0,0,0,1,0,5531467,0.3394518985145294,4465.0
41,1411,2,36,3,2,1,3072,0,3,17,2,1,0,0,0,0,1,0,0,1,0,0,0,0,0,0,0,0,0,0,1,0,0,3805748,0.4142809829918992,3072.0
40,1300,2,62,3,2,4,3319,0,3,9,3,9,8,4,7,0,1,0,0,0,0,0,0,1,0,0,0,0,0,0,1,0,0,4111744,0.5395904799139527,3450.4008028344088
45,252,3,70,4,5,4,19202,0,3,25,2,24,0,1,7,0,1,0,0,0,0,0,1,0,0,0,0,1,0,0,0,0,0,23788404,0.904016581988151,73121.85281467295
31,1327,4,73,3,3,3,13675,0,3,9,3,2,2,2,2,0,1,0,0,0,0,1,0,0,0,0,0,0,0,1,0,0,0,16941278,0.48976176404144667,20372.492123266784
33,832,4,63,2,1,4,2911,0,3,2,2,2,2,0,2,0,1,0,0,1,0,0,0,0,0,0,0,0,0,0,1,0,0,3606293,0.3394518985145294,2911.0
34,470,4,84,2,2,1,5957,0,3,13,3,11,9,5,9,0,1,0,0,1,0,0,0,0,0,0,0,0,1,0,0,0,0,7379832,0.36489483609449347,5957.0
37,1017,2,83,2,1,1,3920,0,3,17,2,3,1,0,2,0,1,0,0,0,0,1,0,0,0,0,0,0,0,0,1,0,0,4856293,0.3394518985145294,3920.0
45,1199,4,77,4,2,3,6434,0,3,9,1,3,2,0,2,0,1,0,0,1,0,0,0,0,0,0,0,0,1,0,0,0,0,7970763,0.491788260190293,6434.0
37,504,3,61,3,3,3,10048,0,3,17,5,1,0,0,0,0,1,0,0,0,0,1,0,0,0,0,0,0,1,0,0,0,0,12447968,0.3762410064436992,13828.46963274629
39,505,4,64,3,3,3,10938,0,4,20,1,19,6,11,8,0,1,0,0,0,0,0,0,1,1,0,0,0,0,0,0,0,0,13550545,0.789166584132787,19569.904097244424
29,665,3,60,3,1,4,2340,0,3,6,1,6,5,1,5,0,1,0,0,1,0,0,0,0,0,0,0,0,0,0,1,0,0,2898910,0.41872540097323174,2340.0
42,916,2,82,4,2,1,6545,1,3,10,1,3,2,0,2,0,1,0,0,1,0,0,0,0,0,0,0,0,0,0,1,0,0,8108276,0.6603678240233569,7594.607408232871
29,1247,2,45,3,2,4,6931,0,3,10,2,3,2,0,2,0,0,1,0,0,1,0,0,0,0,0,0,0,0,0,0,1,0,8586472,0.38685743551996266,6931.0
25,685,3,62,3,2,3,4898,0,3,5,3,4,2,1,2,0,1,0,0,1,0,0,0,0,0,0,0,0,1,0,0,0,0,6067889,0.3394518985145294,4898.0
42,269,3,56,2,1,1,2593,1,3,10,4,9,6,7,8,0,1,0,0,0,0,1,0,0,0,0,1,0,0,0,0,0,0,3212339,0.3767427785754742,2593.0
40,1416,2,49,3,5,3,19436,0,3,22,5,21,7,3,9,0,1,0,0,0,0,1,0,0,0,0,0,0,0,1,0,0,0,24078295,0.6378994623999029,63668.42790240902
51,833,3,96,3,1,4,2723,0,3,1,0,1,0,0,0,0,1,0,0,1,0,0,0,0,0,0,0,0,0,0,1,0,0,3373389,0.3394518985145294,2723.0
31,307,2,71,2,1,2,3479,0,3,6,2,5,4,1,4,0,1,0,0,0,0,1,0,0,0,0,1,0,0,0,0,0,0,4309960,0.3394518985145294,3479.0
32,1311,3,100,4,1,2,2794,0,4,5,3,5,1,0,3,0,1,0,0,1,0,0,0,0,0,0,1,0,0,0,0,0,0,3461348,0.609066008752826,3098.7304284553957
38,1327,2,39,2,2,4,5249,0,3,13,0,8,7,7,5,0,0,1,0,1,0,0,0,0,0,0,0,0,0,0,0,1,0,6502725,0.3607115030710719,5249.0
32,128,1,84,2,2,1,2176,0,3,9,5,6,2,0,4,0,1,0,0,0,0,0,0,1,0,0,1,0,0,0,0,0,0,2695738,0.3455132069467084,2176.0
46,488,3,75,1,4,2,16872,1,3,28,2,7,7,7,7,0,0,1,0,0,0,0,0,1,0,0,0,1,0,0,0,0,0,20901883,0.3679050355897725,34618.940640705965
28,529,4,79,3,1,3,3485,0,3,5,5,0,0,0,0,0,1,0,0,1,0,0,0,0,0,0,1,0,0,0,0,0,0,4317393,0.22597469990553376,2530.021829170785
29,1210,3,78,2,2,2,6644,0,3,10,2,0,0,0,0,0,0,1,0,0,0,1,0,0,0,0,0,0,0,0,0,1,0,8230922,0.16745712976265914,4434.5851701431075
31,1463,3,64,2,2,4,5582,0,4,10,2,9,0,7,8,0,1,0,0,0,0,1,0,0,1,0,0,0,0,0,0,0,0,6915263,0.5646406335124116,5942.824016266282
25,675,2,85,4,2,1,4000,0,3,6,2,6,3,1,5,0,1,0,0,1,0,0,0,0,1,0,0,0,0,0,0,0,0,4955401,0.5251623628953982,4100.649451581592
45,1385,2,79,3,4,4,13496,1,3,21,2,20,7,4,10,0,1,0,0,0,0,1,0,0,1,0,0,0,0,0,0,0,0,16719524,0.7976186075989723,36390.99109223359
36,1403,3,47,3,1,4,3210,0,3,16,4,15,13,10,11,0,1,0,0,1,0,0,0,0,0,0,1,0,0,0,0,0,0,3976710,0.47686945813395876,3210.0
55,452,3,81,3,5,1,19045,1,3,37,2,36,10,4,13,0,1,0,0,0,0,1,0,0,0,0,0,1,0,0,0,0,0,23593905,0.8392302244243756,70056.27924832447
47,666,4,88,3,3,2,11849,1,3,10,2,10,7,9,9,0,1,0,0,1,0,0,0,0,0,0,0,1,0,0,0,0,0,14679138,0.7165548737599382,20339.458699181505
28,1158,3,94,3,1,4,2070,0,4,5,3,5,2,0,4,0,1,0,0,0,0,1,0,0,0,0,0,0,0,0,1,0,0,2564420,0.43245065002395167,2070.0
37,228,4,98,3,2,4,6502,0,3,7,5,5,4,0,1,0,0,1,0,0,0,1,0,0,0,0,0,0,0,0,0,1,0,8055005,0.3578487880959209,6502.0
21,996,2,100,2,1,3,3230,0,3,3,4,3,2,1,0,0,1,0,0,0,0,1,0,0,0,0,0,0,0,0,1,0,0,4001487,0.3394518985145294,3230.0
37,728,4,80,3,3,4,13603,1,3,15,2,5,2,0,2,0,1,0,0,0,0,1,0,0,0,0,0,0,0,1,0,0,0,16852081,0.4991854799437003,20393.420083674155
35,1315,3,71,4,3,2,11996,0,3,10,6,7,7,6,2,0,1,0,0,1,0,0,0,0,0,0,0,1,0,0,0,0,0,14861249,0.5268471726564746,18316.058683187068
38,322,2,44,4,2,1,5605,1,4,8,3,8,0,7,7,0,0,1,0,0,0,1,0,0,0,0,0,0,0,0,0,1,0,6943756,0.8316974768074691,7464.164357505865
26,1479,3,84,3,2,2,6397,0,4,6,6,6,5,1,4,0,1,0,0,1,0,0,0,0,0,0,0,0,1,0,0,0,0,7924926,0.5536344654941686,6740.099675766197
50,797,1,96,3,5,2,19144,0,3,28,4,10,4,1,6,0,1,0,0,1,0,0,0,0,0,0,0,0,0,1,0,0,0,23716551,0.6263640735413608,62270.22764775162
53,1070,4,45,3,4,3,17584,1,3,21,5,5,3,1,3,0,1,0,0,0,0,1,0,0,0,0,0,0,0,1,0,0,0,21783944,0.7236382962211051,45462.68370112787
42,635,1,99,3,2,3,4907,0,4,20,3,20,16,11,6,0,0,1,0,1,0,0,0,0,0,0,0,0,0,0,0,1,0,6079039,0.7321154681711292,6045.990602315731
29,442,2,44,3,2,4,4554,0,3,10,3,10,7,0,9,0,0,1,0,1,0,0,0,0,0,0,0,0,0,0,0,1,0,5641724,0.44520482535643213,4554.0
55,147,2,37,3,2,4,5415,1,3,12,4,10,7,0,8,0,1,0,0,0,0,0,0,1,0,0,1,0,0,0,0,0,0,6708375,0.5373741557017223,5617.381053124827
26,496,2,60,3,2,1,4741,1,3,5,3,5,3,3,3,0,1,0,0,0,0,1,0,0,1,0,0,0,0,0,0,0,0,5873389,0.5196303170093713,4834.06733294143
37,1372,3,42,3,1,4,2115,0,3,17,3,17,12,5,7,0,1,0,0,1,0,0,0,0,0,0,0,0,0,0,1,0,0,2620168,0.42027501909432674,2115.0
44,920,3,43,3,1,3,3161,1,4,19,0,1,0,0,0,0,1,0,0,1,0,0,0,0,0,0,1,0,0,0,0,0,0,3916006,0.6134770887428181,3519.701077516048
38,688,4,82,3,2,4,5745,0,3,10,2,2,2,1,2,0,1,0,0,1,0,0,0,0,1,0,0,0,0,0,0,0,0,7117195,0.36726209877920146,5745.0
26,1449,4,45,3,1,2,2373,1,3,5,2,3,2,0,2,0,1,0,0,0,0,1,0,0,0,0,1,0,0,0,0,0,0,2939792,0.4510341085031542,2373.0
28,1117,2,66,3,1,4,3310,0,4,5,3,5,3,0,2,0,1,0,0,1,0,0,0,0,0,0,0,0,0,0,1,0,0,4100595,0.48365646568725906,3310.0
49,636,4,35,3,5,1,18665,1,3,22,4,3,2,1,2,0,1,0,0,1,0,0,0,0,0,0,0,0,0,1,0,0,0,23123142,0.6633903942199418,62094.36341623042
36,506,3,30,3,2,2,4485,0,3,10,2,8,0,7,7,0,1,0,0,0,0,0,0,1,0,0,0,0,0,0,1,0,0,5556244,0.489995670854417,4485.0
31,444,3,84,3,1,2,2789,0,3,2,5,2,2,2,2,0,0,1,0,0,1,0,0,0,0,0,0,0,0,0,0,0,1,3455154,0.34947084389582905,2789.0
26,950,4,48,2,2,4,5828,1,3,8,0,8,7,7,4,0,0,1,0,0,1,0,0,0,0,0,0,0,0,0,0,1,0,7220020,0.3563850923317031,5828.0
37,889,3,53,3,1,4,2326,1,3,4,3,4,2,1,2,0,1,0,0,0,0,1,0,0,0,0,0,0,0,0,1,0,0,2881566,0.4091560955614062,2326.0
42,555,3,77,3,4,2,13525,0,3,23,2,20,4,4,8,0,0,1,0,0,1,0,0,0,0,0,0,0,0,0,0,1,0,16755451,0.7419740123092843,35340.29777472461
18,230,3,54,3,1,3,1420,0,3,0,2,0,0,0,0,0,1,0,0,1,0,0,0,0,0,0,1,0,0,0,0,0,0,1759167,0.2881814342689053,1119.2176366618455
35,1232,3,96,3,3,2,8020,0,3,12,3,11,9,6,9,0,0,1,0,0,1,0,0,0,0,0,0,0,0,0,0,1,0,9935580,0.5620929491841874,12527.985452457184
36,566,4,81,4,1,4,3688,0,3,4,2,1,0,0,0,0,1,0,0,1,0,0,0,0,0,0,1,0,0,0,0,0,0,4568880,0.3857521317505508,3688.0
51,1302,3,84,1,2,2,5482,0,3,13,3,4,1,1,2,0,1,0,0,0,0,1,0,0,0,0,0,0,1,0,0,0,0,6791378,0.3394518985145294,5482.0
41,334,4,88,3,4,2,16015,0,3,22,2,22,10,0,4,0,0,1,0,1,0,0,0,0,0,0,0,1,0,0,0,0,0,19840188,0.7302143931449884,41564.07525932549
18,812,3,69,2,1,3,1200,0,3,0,2,0,0,0,0,0,0,1,0,0,0,1,0,0,0,0,0,0,0,0,0,0,1,1486620,0.03849707516927081,646.196490203125
28,1476,2,68,4,2,1,5661,0,3,9,2,8,3,0,7,0,1,0,0,0,0,1,0,0,1,0,0,0,0,0,0,0,0,7013132,0.6542356558582713,6534.128047813673
31,218,3,100,4,2,4,6929,0,3,10,3,8,7,7,7,0,0,1,0,0,0,0,0,1,0,0,0,0,0,0,0,1,0,8583994,0.6445427262418061,7930.5365501294755
39,1132,3,48,4,3,4,9613,0,3,19,5,18,10,3,7,0,1,0,0,0,0,1,0,0,1,0,0,0,0,0,0,0,0,11909068,0.6677488407659541,16032.069606283118
36,1105,4,47,3,2,2,5674,0,3,11,3,9,8,0,8,0,1,0,0,1,0,0,0,0,0,0,1,0,0,0,0,0,0,7029237,0.5018190972703219,5684.321557911806
32,906,3,91,2,2,3,5484,0,3,13,3,13,8,4,8,0,0,1,0,1,0,0,0,0,0,0,0,0,0,0,0,1,0,6793855,0.3394518985145294,5484.0
38,849,2,81,2,3,2,12061,0,3,19,2,10,8,0,1,0,1,0,0,1,0,0,0,0,0,0,0,0,0,1,0,0,0,14941774,0.49510078768763055,18032.41060030051
58,390,4,32,1,2,3,5660,1,3,12,2,5,3,1,2,0,1,0,0,1,0,0,0,0,1,0,0,0,0,0,0,0,0,7011893,0.3394518985145294,5660.0
31,691,4,86,3,1,4,4821,1,3,6,4,5,2,0,3,0,1,0,0,0,0,0,0,1,0,0,0,0,0,0,1,0,0,5972498,0.4691832814291693,4821.0
31,106,3,62,2,2,1,6410,0,3,9,1,2,2,1,0,1,0,0,1,0,0,0,0,0,0,1,0,0,0,0,0,0,0,7941031,0.3394518985145294,6410.0
45,1249,3,97,3,3,1,5210,0,3,24,2,24,9,9,11,0,1,0,0,1,0,0,0,0,0,0,1,0,0,0,0,0,0,6454410,0.6598204325973512,8647.6644538322
31,192,4,32,3,1,4,2695,1,3,3,2,2,2,2,2,0,1,0,0,1,0,0,0,0,0,0,0,0,0,0,1,0,0,3338702,0.4480349078134175,2695.0
33,553,4,74,3,3,2,11878,0,3,12,2,10,6,8,8,0,1,0,0,1,0,0,0,0,0,0,0,1,0,0,0,0,0,14715064,0.5226006034687927,18085.44996800232
39,117,1,99,3,4,1,17068,1,3,21,3,21,9,11,10,0,1,0,0,0,0,1,0,0,0,0,0,1,0,0,0,0,0,21144698,0.7832359258680311,45654.40617407334
43,185,4,33,3,1,4,2455,0,3,9,5,8,7,1,7,0,1,0,0,1,0,0,0,0,0,0,1,0,0,0,0,0,0,3041378,0.42345707682276146,2455.0
49,1091,2,90,2,4,3,13964,1,3,25,2,7,1,0,7,0,1,0,0,0,0,0,0,1,1,0,0,0,0,0,0,0,0,17299306,0.5185099298102491,31806.708989805476
52,723,4,85,2,2,2,4941,0,3,11,3,8,2,7,7,0,1,0,0,0,0,1,0,0,0,0,0,0,0,0,1,0,0,6121160,0.3394518985145294,4941.0
27,1220,3,85,3,1,2,2478,1,3,4,2,4,3,1,2,0,1,0,0,1,0,0,0,0,0,0,0,0,0,0,1,0,0,3069871,0.4560821033376774,2478.0
32,588,2,65,2,2,2,5228,1,3,13,2,13,12,11,9,0,0,1,0,0,0,0,0,1,0,0,0,0,0,0,0,1,0,6476710,0.41683351248116673,5228.0
27,1377,3,74,3,2,3,4478,1,3,5,3,5,4,0,4,0,0,1,0,1,0,0,0,0,0,0,0,0,0,0,0,1,0,5547572,0.527157552894573,4599.611521861899
31,691,3,73,3,2,4,7547,0,3,13,3,7,7,1,7,0,0,1,0,0,1,0,0,0,0,0,0,0,0,0,0,1,0,9349604,0.45569770933893305,7547.0
32,1018,4,74,4,2,4,5055,0,3,10,0,7,7,0,7,0,1,0,0,0,0,1,0,0,0,0,0,0,0,0,1,0,0,6262389,0.6357631209622102,5741.282576463973
28,1157,4,84,1,1,4,3464,1,3,5,4,3,2,2,2,0,1,0,0,0,0,1,0,0,0,0,0,0,0,0,1,0,0,4291378,0.3394518985145294,3464.0
30,1275,2,64,3,2,4,5775,0,3,11,2,10,8,1,9,0,1,0,0,0,0,1,0,0,0,0,0,0,0,0,1,0,0,7154361,0.45643168169600457,5775.0
31,798,2,48,2,3,3,8943,0,4,10,2,10,9,8,9,0,1,0,0,1,0,0,0,0,0,0,0,0,1,0,0,0,0,11079039,0.5243248794226636,13632.03739667688
39,672,2,54,2,5,4,19272,0,3,21,2,21,9,13,3,0,1,0,0,0,0,1,0,0,0,0,0,1,0,0,0,0,0,23875124,0.6465049249199007,63462.88582611266
39,1162,2,41,3,2,3,5238,1,3,12,3,1,0,0,0,0,0,1,0,0,0,1,0,0,0,0,0,0,0,0,0,1,0,6489098,0.4946489327464165,5238.0
33,508,3,46,2,2,4,4682,0,3,9,6,7,7,0,1,0,0,1,0,0,1,0,0,0,0,0,0,0,0,0,0,1,0,5800297,0.3682732167877283,4682.0
47,1482,5,42,3,5,3,18300,0,3,21,2,3,2,1,1,0,1,0,0,1,0,0,0,0,0,0,0,0,0,1,0,0,0,22670961,0.49718383755785034,54796.92845461732
43,559,4,82,2,2,3,5257,0,3,9,3,9,7,0,0,0,1,0,0,1,0,0,0,0,0,0,1,0,0,0,0,0,0,6512636,0.4172185967512281,5257.0
27,210,1,73,3,2,2,6349,1,3,6,0,5,4,1,4,0,0,1,0,0,1,0,0,0,0,0,0,0,0,0,0,1,0,7865461,0.58308342065732,6876.496637753324
54,928,4,31,3,2,3,4869,0,3,20,4,4,3,0,3,0,1,0,0,1,0,0,0,0,0,0,0,0,0,0,1,0,0,6031962,0.4411397866227418,4869.0
43,1001,3,43,3,3,1,9985,0,3,10,1,1,0,0,0,0,1,0,0,1,0,0,0,0,1,0,0,0,0,0,0,0,0,12369921,0.4539276337714616,14517.467423208045
45,549,4,75,3,2,4,3697,0,3,12,3,10,9,9,8,0,1,0,0,0,0,0,1,0,0,0,0,0,0,0,1,0,0,4580030,0.47713360616837974,3697.0
40,1124,2,57,1,2,4,7457,1,4,6,2,4,3,0,2,0,0,1,0,0,0,1,0,0,0,0,0,0,0,0,0,1,0,9238107,0.42540752511409574,7457.0
29,318,4,77,1,1,1,2119,1,3,7,4,7,7,0,7,0,1,0,0,0,0,0,1,0,0,0,1,0,0,0,0,0,0,2625124,0.3394518985145294,2119.0
29,738,5,30,2,1,4,3983,0,3,4,2,3,2,2,2,0,1,0,0,0,0,0,1,0,0,0,1,0,0,0,0,0,0,4934341,0.3394518985145294,3983.0
30,570,3,30,2,2,3,6118,0,3,10,2,10,9,1,2,0,0,1,0,0,1,0,0,0,0,0,0,0,0,0,0,1,0,7579286,0.3394518985145294,6118.0
27,1130,4,56,3,2,2,6214,0,3,8,3,8,7,0,7,0,0,1,0,0,1,0,0,0,0,0,0,0,0,0,0,1,0,7698216,0.4891078820216389,6214.0
37,1192,2,61,3,2,4,6347,0,3,8,2,6,2,0,4,0,1,0,0,0,0,1,0,0,0,0,0,0,1,0,0,0,0,7862983,0.48256120501823996,6347.0
38,343,2,92,2,3,4,11510,1,3,12,3,11,10,2,9,0,1,0,0,1,0,0,0,0,0,0,0,0,0,1,0,0,0,14259167,0.49521912096720655,17209.972082332548
31,1232,4,39,3,3,4,7143,1,3,11,2,11,9,4,10,0,1,0,0,0,0,1,0,0,0,0,0,0,1,0,0,0,0,8849108,0.6392552380613744,11709.200165472399
29,144,1,39,2,2,2,8268,1,3,7,2,7,7,1,7,0,0,1,0,0,1,0,0,0,0,0,0,0,0,0,0,1,0,10242815,0.3521730296438078,8268.0
35,1296,4,62,3,3,2,8095,0,3,17,5,16,6,0,13,0,1,0,0,0,0,0,0,1,0,0,0,0,1,0,0,0,0,10028494,0.6296021362321197,13191.629292799009
23,1309,1,83,3,1,4,2904,0,3,4,2,4,2,0,2,0,1,0,0,1,0,0,0,0,0,0,0,0,0,0,1,0,0,3597621,0.3394518985145294,2904.0
41,483,3,95,2,2,2,6032,1,3,8,3,5,4,1,2,0,1,0,0,0,0,1,0,0,0,0,0,0,1,0,0,0,0,7472745,0.3566952717557309,6032.0
47,1309,1,99,3,2,3,2976,0,3,5,3,0,0,0,0,0,0,1,0,0,0,1,0,0,0,0,0,0,0,0,0,0,1,3686819,0.27975054794015597,2320.537630669904
42,810,5,44,3,4,4,15992,0,3,16,2,1,0,0,0,0,1,0,0,1,0,0,0,0,0,0,0,0,0,1,0,0,0,19811695,0.5309824564314435,36725.207164877465
29,746,3,61,3,2,3,4649,0,3,4,3,4,3,0,2,0,0,1,0,1,0,0,0,0,0,0,0,0,0,0,0,1,0,5759415,0.39791956049623967,4649.0
42,544,1,52,3,1,3,2696,1,3,4,5,3,2,1,0,1,0,0,0,0,0,0,0,1,0,1,0,0,0,0,0,0,0,3339941,0.36919725266338554,2696.0
32,1062,3,75,3,1,2,2370,0,3,8,4,8,0,0,7,0,1,0,0,0,0,1,0,0,0,0,1,0,0,0,0,0,0,2936075,0.3394518985145294,2370.0
48,530,1,91,3,3,3,12504,0,4,15,3,0,0,0,0,0,0,1,0,0,0,1,0,0,0,0,0,1,0,0,0,0,0,15490585,0.5626229064115894,19539.036821770515
37,1319,3,51,4,2,1,5974,1,3,13,2,7,7,6,7,0,1,0,0,0,0,1,0,0,0,0,0,0,0,0,1,0,0,7400892,0.7023862925353058,7183.055711605918
30,641,2,85,3,2,3,4736,1,3,4,2,2,2,2,2,0,0,1,0,0,0,0,0,1,0,0,0,0,0,0,0,1,0,5867195,0.45402655270505987,4736.0
26,933,3,57,3,2,3,5296,0,3,8,3,8,7,7,7,0,0,1,0,1,0,0,0,0,0,0,0,0,0,0,0,1,0,6560951,0.5099067656463571,5348.466230863107
42,1332,4,98,2,2,4,6781,0,4,14,6,1,0,0,0,0,1,0,0,0,0,0,1,0,1,0,0,0,0,0,0,0,0,8400644,0.3791103000881736,6781.0
21,756,1,99,2,1,2,2174,1,3,3,3,3,2,1,2,0,0,1,0,0,0,0,0,1,0,0,0,0,0,0,0,0,1,2693261,0.3394518985145294,2174.0
36,845,5,45,3,2,4,6653,0,3,7,6,1,0,0,0,0,0,1,0,0,0,1,0,0,0,0,0,0,0,0,0,1,0,8242071,0.3394518985145294,6653.0
36,541,4,48,2,3,4,9699,0,3,16,2,13,9,1,12,0,0,1,0,0,0,1,0,0,0,0,0,0,0,0,0,1,0,12015610,0.4049521349870806,13626.630757239695
57,593,4,88,3,2,3,6755,0,3,15,2,3,2,1,2,0,1,0,0,0,0,1,0,0,1,0,0,0,0,0,0,0,0,8368434,0.3530511674914205,6755.0
40,1171,4,46,4,1,3,2213,1,3,10,3,7,7,1,7,0,1,0,0,1,0,0,0,0,0,0,1,0,0,0,0,0,0,2741576,0.5478389693108269,2318.8676390848595
21,895,2,39,3,1,4,2610,0,4,3,3,3,2,2,2,0,0,1,0,0,0,1,0,0,0,0,0,0,0,0,0,0,1,3233399,0.5270418557245259,2680.5792434410127
33,350,3,34,3,1,3,2851,1,3,1,2,1,0,0,0,0,0,1,0,0,1,0,0,0,0,0,0,0,0,0,0,0,1,3531962,0.42499889294045157,2851.0
37,921,3,98,3,1,1,3452,0,4,17,3,5,4,0,3,0,1,0,0,0,0,1,0,0,0,0,1,0,0,0,0,0,0,4276511,0.4812541176842199,3452.0
46,1144,4,30,3,2,3,5258,0,3,7,2,1,0,0,0,0,1,0,0,0,0,1,0,0,0,0,0,0,1,0,0,0,0,6513875,0.3394518985145294,5258.0
41,143,3,56,3,2,2,9355,0,3,8,5,8,7,7,7,0,0,1,0,0,1,0,0,0,0,0,0,0,0,0,0,1,0,11589445,0.47663347502073294,9355.0
50,1046,3,100,2,3,4,10496,0,3,20,2,4,3,1,3,0,1,0,0,0,0,0,0,1,1,0,0,0,0,0,0,0,0,13002973,0.3394518985145294,14058.8871268085
40,575,2,68,2,2,3,6380,1,3,8,6,6,4,1,0,0,0,1,0,0,1,0,0,0,0,0,0,0,0,0,0,1,0,7903865,0.37885292475766974,6380.0
31,408,4,42,2,1,2,2657,1,3,3,5,2,2,2,2,0,1,0,0,1,0,0,0,0,0,0,0,0,0,0,1,0,0,3291625,0.3394518985145294,2657.0
21,156,3,90,4,1,2,2716,0,3,1,0,1,0,0,0,0,0,1,0,1,0,0,0,0,0,0,0,0,0,0,0,0,1,3364718,0.3842889291333096,2716.0
29,1283,3,54,3,1,4,2201,0,3,6,4,3,2,1,2,0,1,0,0,1,0,0,0,0,0,0,0,0,0,0,1,0,0,2726710,0.3394518985145294,2201.0
35,755,4,97,2,2,2,6540,0,3,10,5,1,1,0,0,0,1,0,0,1,0,0,0,0,1,0,0,0,0,0,0,0,0,8102081,0.3394518985145294,6540.0
27,1469,2,82,3,1,2,3816,0,3,5,2,5,2,0,4,0,1,0,0,0,0,1,0,0,0,0,1,0,0,0,0,0,0,4727453,0.3394518985145294,3816.0
28,304,4,92,3,2,4,5253,0,3,7,1,7,5,0,7,0,0,1,0,1,0,0,0,0,0,0,0,0,0,0,0,1,0,6507681,0.5287841224985564,5404.202995484918
49,1261,3,31,2,3,3,10965,0,4,26,2,5,2,0,0,0,1,0,0,0,0,0,1,0,1,0,0,0,0,0,0,0,0,13583994,0.5081756155643705,16537.145624663324
51,1178,2,87,3,2,4,4936,0,3,18,2,7,7,0,7,0,0,1,0,1,0,0,0,0,0,0,0,0,0,0,0,1,0,6114965,0.4260190819965962,4936.0
36,329,3,96,3,1,3,2543,0,3,6,3,2,2,2,2,0,1,0,0,1,0,0,0,0,0,0,0,0,0,0,1,0,0,3150396,0.3394518985145294,2543.0
34,1362,3,67,4,2,4,5304,1,3,9,3,5,2,0,4,0,0,1,0,0,1,0,0,0,0,0,0,0,0,0,0,1,0,6570862,0.6158980414078524,5918.723211627249
55,1311,3,97,3,4,4,16659,1,3,30,2,5,4,1,2,0,1,0,0,1,0,0,0,0,0,0,0,1,0,0,0,0,0,20638008,0.5810055304919014,39506.956698696886
24,1371,4,77,3,2,3,4260,1,3,5,2,5,2,0,3,0,0,1,0,0,1,0,0,0,0,0,0,0,0,0,0,1,0,5277502,0.4808648530274119,4260.0
30,202,1,72,3,1,2,2476,0,3,1,3,1,0,0,0,0,0,1,0,0,0,0,0,1,0,0,0,0,0,0,0,0,1,3067393,0.3394518985145294,2476.0
26,575,1,73,3,1,1,3102,0,4,7,2,6,4,0,4,0,1,0,0,0,0,0,0,1,0,0,0,0,0,0,1,0,0,3842914,0.5064251324342244,3121.930760810964
22,253,3,43,3,1,2,2244,0,3,2,1,2,1,1,2,0,1,0,0,0,0,1,0,0,0,0,0,0,0,0,1,0,0,2779980,0.4033878743864012,2244.0
36,164,2,61,2,3,3,7596,0,3,10,2,10,9,9,0,0,0,1,0,0,0,1,0,0,0,0,0,0,0,0,0,1,0,9410307,0.45201104782168877,11029.475919253548
30,464,3,40,3,1,4,2285,1,4,3,4,1,0,0,0,0,1,0,0,0,0,0,0,1,0,0,0,0,0,0,1,0,0,2830773,0.5235289657492121,2338.7636867369497
37,1107,3,95,3,1,1,3034,0,3,18,2,18,7,12,17,0,1,0,0,1,0,0,0,0,0,0,1,0,0,0,0,0,0,3758672,0.5293686716810334,3123.104549880255
40,759,2,46,3,2,2,5715,0,3,8,5,5,4,1,3,0,0,1,0,0,1,0,0,0,0,0,0,0,0,0,0,1,0,7080030,0.3761407285717464,5715.0
42,201,4,95,3,1,1,2576,0,3,8,5,5,2,1,2,0,1,0,0,1,0,0,0,0,0,0,1,0,0,0,0,0,0,3191278,0.3394518985145294,2576.0
37,1305,4,49,3,2,2,4197,1,3,18,2,1,0,0,1,0,1,0,0,1,0,0,0,0,0,0,0,0,1,0,0,0,0,5199455,0.4870098471113832,4197.0
43,982,3,59,2,4,2,14336,0,3,25,3,25,10,3,9,0,1,0,0,1,0,0,0,0,0,0,0,0,0,1,0,0,0,17760159,0.6353829951567004,35167.27592784968
40,555,3,78,2,2,3,3448,0,4,20,3,1,0,0,0,0,1,0,0,0,0,1,0,0,0,0,1,0,0,0,0,0,0,4271556,0.3963774523122898,3448.0
54,821,2,86,3,5,1,19406,0,3,24,4,4,2,1,2,0,1,0,0,0,0,1,0,0,0,0,0,0,0,1,0,0,0,24041130,0.5616632279752835,60611.273204176694
34,1381,4,72,3,2,3,6538,0,3,6,3,3,2,1,2,0,0,1,0,0,1,0,0,0,0,0,0,0,0,0,0,1,0,8099604,0.3394518985145294,6538.0
31,480,2,31,3,2,1,4306,0,3,13,5,13,10,3,12,0,1,0,0,0,0,1,0,0,0,0,0,0,1,0,0,0,0,5334490,0.5409333652170519,4482.2590706246265
43,313,3,61,3,1,4,2258,0,4,8,1,3,2,1,2,0,1,0,0,0,0,1,0,0,0,0,1,0,0,0,0,0,0,2797324,0.42843117938640674,2258.0
43,1473,4,74,3,2,3,4522,1,3,8,3,5,2,0,2,0,1,0,0,0,0,0,1,0,1,0,0,0,0,0,0,0,0,5602081,0.4757922235252493,4522.0
25,891,2,99,2,2,4,4487,1,3,5,3,5,4,1,3,0,0,1,0,1,0,0,0,0,0,0,0,0,0,0,0,1,0,5558722,0.35811496742076343,4487.0
37,1063,5,72,3,2,3,4449,1,3,15,2,13,11,10,7,0,1,0,0,0,0,1,0,0,0,0,0,0,0,0,1,0,0,5511645,0.5985740922066799,4887.556136227518
31,329,2,98,2,1,1,2218,0,3,4,3,4,2,3,2,0,1,0,0,1,0,0,0,0,0,0,1,0,0,0,0,0,0,2747770,0.3394518985145294,2218.0
39,1218,1,52,3,5,3,19197,1,3,21,3,21,8,1,6,0,1,0,0,1,0,0,0,0,0,0,0,1,0,0,0,0,0,23782210,0.8821788320063054,72264.37407605008
56,906,3,86,4,4,1,13212,0,3,36,0,7,7,7,7,0,0,1,0,1,0,0,0,0,0,0,0,0,0,0,0,1,0,16367691,0.7059979563664304,33809.467499269915
30,1082,3,83,3,2,3,6577,0,3,6,6,5,4,4,4,0,0,1,0,0,0,0,0,1,0,0,0,0,0,0,0,1,0,8147919,0.374199178232127,6577.0
41,645,3,49,4,3,1,8392,0,3,10,2,10,7,0,7,0,0,1,0,0,1,0,0,0,0,0,0,0,0,0,0,1,0,10396432,0.6816121889058365,14112.089489297781
28,1300,2,79,3,2,1,4558,0,3,10,2,10,0,1,8,0,1,0,0,0,0,1,0,0,0,0,1,0,0,0,0,0,0,5646680,0.4690387093723629,4558.0
25,688,3,91,3,1,1,4031,0,3,6,5,2,2,0,2,0,1,0,0,0,0,1,0,0,0,0,1,0,0,0,0,0,0,4993806,0.3394518985145294,4031.0
52,319,3,39,2,3,3,7969,1,3,28,4,5,4,0,4,0,1,0,0,0,0,1,0,0,0,0,0,0,1,0,0,0,0,9872398,0.4776001625724794,11774.995695540087
45,192,2,69,3,1,4,2654,0,4,8,3,2,2,0,2,0,1,0,0,1,0,0,0,0,0,0,0,0,0,0,1,0,0,3287909,0.344807335153301,2654.0
52,1490,2,30,3,4,4,16555,0,3,31,2,5,2,1,4,0,1,0,0,1,0,0,0,0,0,0,0,1,0,0,0,0,0,20509167,0.46713327328057486,36432.58700873988
42,532,2,92,3,2,3,4556,0,3,19,3,5,4,0,2,0,1,0,0,1,0,0,0,0,0,0,0,0,0,0,1,0,0,5644202,0.5005365992553242,4558.444746207258
30,317,3,43,1,2,4,6091,0,4,11,2,5,4,0,2,0,1,0,0,1,0,0,0,0,0,0,0,0,1,0,0,0,0,7545837,0.3394518985145294,6091.0
60,422,3,41,3,5,1,19566,0,3,33,5,29,8,11,10,0,1,0,0,1,0,0,0,0,0,0,0,1,0,0,0,0,0,24239346,0.7786115181855854,69600.62592963832
46,1485,3,87,3,2,3,4810,0,3,19,5,10,7,0,8,0,1,0,0,0,0,1,0,0,0,0,0,0,1,0,0,0,0,5958870,0.5503806490540796,5052.3309219501225
42,1368,4,88,2,2,4,4523,0,3,7,4,6,5,0,4,0,1,0,0,0,0,0,0,1,1,0,0,0,0,0,0,0,0,5603320,0.3394518985145294,4523.0
24,1448,1,62,3,1,2,3202,1,3,6,4,5,3,1,4,0,0,1,0,0,0,0,0,1,0,0,0,0,0,0,0,0,1,3966799,0.4931120867411849,3202.0
34,296,2,33,1,1,3,2351,0,3,3,3,2,2,1,0,0,0,1,0,0,1,0,0,0,0,0,0,0,0,0,0,0,1,2912537,0.3394518985145294,2351.0
38,1490,2,42,3,1,4,1702,1,4,1,3,1,0,0,0,0,1,0,0,1,0,0,0,0,0,0,1,0,0,0,0,0,0,2108523,0.41878647887409837,1702.0
40,1398,4,79,3,5,3,18041,0,3,21,2,20,15,1,12,0,0,1,0,1,0,0,0,0,0,0,0,1,0,0,0,0,0,22350099,0.7604776252759177,63521.55367520566
26,1349,3,90,3,1,4,2886,0,4,3,3,3,2,0,2,0,1,0,0,1,0,0,0,0,0,0,0,0,0,0,1,0,0,3575322,0.42779646427789364,2886.0
30,1400,3,53,3,1,4,2097,0,3,9,3,5,3,1,4,0,1,0,0,1,0,0,0,0,0,0,1,0,0,0,0,0,0,2597869,0.3394518985145294,2097.0
29,986,4,93,2,3,3,11935,0,3,10,2,10,2,0,7,0,1,0,0,0,0,1,0,0,0,0,0,0,0,1,0,0,0,14785679,0.40271553670690996,16741.409930596972
29,408,5,71,2,1,2,2546,0,3,6,2,2,2,1,1,0,1,0,0,0,0,0,0,1,0,0,0,0,0,0,1,0,0,3154113,0.3394518985145294,2546.0
19,489,2,52,2,1,4,2564,0,3,1,3,1,0,0,0,1,0,0,0,0,0,0,0,1,0,1,0,0,0,0,0,0,0,3176412,0.3394518985145294,2564.0
30,1398,4,69,3,3,1,8412,0,3,10,3,9,8,7,8,0,0,1,0,0,0,0,1,0,0,0,0,0,0,0,0,1,0,10421209,0.5134169282607918,12730.863200529779
57,210,3,56,2,4,4,14118,0,3,32,3,1,0,0,0,0,0,1,0,0,1,0,0,0,0,0,0,1,0,0,0,0,0,17490089,0.34057638991800054,28389.386209293498
50,1099,4,88,2,4,3,17046,0,3,28,2,27,10,15,7,0,1,0,0,1,0,0,0,0,0,0,0,1,0,0,0,0,0,21117443,0.6175091966189278,41358.09264834936
30,1116,3,49,3,1,4,2564,0,3,12,2,11,7,6,7,0,1,0,0,0,0,1,0,0,0,0,1,0,0,0,0,0,0,3176412,0.3890840572410512,2564.0
60,1499,3,80,2,3,1,10266,0,3,22,5,18,13,13,11,0,0,1,0,0,1,0,0,0,0,0,0,0,0,0,0,1,0,12718038,0.5305634574852526,15712.764454543603
47,983,2,65,3,2,4,5070,0,3,20,2,5,0,0,4,0,1,0,0,0,0,1,0,0,0,0,0,0,1,0,0,0,0,6280971,0.3527238242068803,5070.0
46,1009,3,51,3,4,3,17861,0,3,26,2,3,2,0,1,0,1,0,0,1,0,0,0,0,0,0,0,0,0,1,0,0,0,22127106,0.45852004937837065,39075.93990292061
35,144,3,46,1,1,3,4230,0,3,6,2,5,4,4,3,0,1,0,0,1,0,0,0,0,0,0,1,0,0,0,0,0,0,5240337,0.3394518985145294,4230.0
54,548,4,42,3,2,3,3780,0,3,19,3,1,0,0,0,0,1,0,0,1,0,0,0,0,0,0,1,0,0,0,0,0,0,4682854,0.364303176893076,3780.0
34,1303,4,62,2,1,3,2768,0,3,14,3,7,3,5,7,0,1,0,0,1,0,0,0,0,0,0,0,0,0,0,1,0,0,3429138,0.3394518985145294,2768.0
46,1125,3,94,2,3,4,9071,1,3,15,3,3,2,1,2,0,0,1,0,0,1,0,0,0,0,0,0,0,0,0,0,1,0,11237611,0.37162083258623835,12441.972572389766
31,1274,1,33,3,3,2,10648,0,4,13,6,13,8,0,8,0,1,0,0,1,0,0,0,0,0,0,0,0,1,0,0,0,0,13191278,0.703258176972395,18136.29306840206
33,1277,1,56,3,3,3,13610,1,3,15,2,7,6,7,7,0,1,0,0,0,0,1,0,0,0,0,0,1,0,0,0,0,0,16860753,0.5988030498941578,21759.70950905949
33,587,1,38,1,1,4,3408,0,3,8,2,4,3,1,3,0,1,0,0,0,0,1,0,0,0,0,1,0,0,0,0,0,0,4222002,0.3394518985145294,3408.0
30,413,1,57,3,1,2,2983,0,3,4,3,3,2,1,2,0,0,1,0,0,1,0,0,0,0,0,0,0,0,0,0,0,1,3695491,0.3394518985145294,2983.0
35,1276,3,72,3,3,3,7632,1,3,10,2,8,7,0,0,0,1,0,0,1,0,0,0,0,1,0,0,0,0,0,0,0,0,9454906,0.6471294855823383,12570.892233964407
31,534,3,66,3,3,3,9824,0,3,12,2,1,0,0,0,0,1,0,0,1,0,0,0,0,1,0,0,0,0,0,0,0,0,12170466,0.36313789521901707,13391.466682631624
34,988,3,43,3,3,1,9950,1,3,11,2,3,2,0,2,1,0,0,1,0,0,0,0,0,0,1,0,0,0,0,0,0,0,12326561,0.44981550346152,14425.664259442125
42,1474,2,97,3,1,3,2093,0,3,8,4,2,2,2,0,0,1,0,0,0,0,0,1,0,0,0,1,0,0,0,0,0,0,2592914,0.3394518985145294,2093.0
36,635,4,32,3,3,4,9980,0,3,10,3,10,3,9,7,0,0,1,0,0,0,1,0,0,0,0,0,0,0,0,0,1,0,12363726,0.5198884900506304,15168.48713070529
22,1368,1,99,2,1,3,3894,0,3,4,3,2,2,1,2,0,1,0,0,0,0,0,0,1,0,0,1,0,0,0,0,0,0,4824083,0.3394518985145294,3894.0
48,163,5,37,3,2,4,4051,0,3,14,2,9,7,6,7,0,0,1,0,0,1,0,0,0,0,0,0,0,0,0,0,1,0,5018583,0.3774423552856001,4051.0
55,1117,5,83,3,4,2,16835,0,4,37,2,10,9,7,7,0,0,1,0,1,0,0,0,0,0,0,0,1,0,0,0,0,0,20856046,0.7959333580209346,45351.807123423656
41,267,2,56,3,2,4,6230,0,3,16,3,14,3,1,10,0,0,1,0,1,0,0,0,0,0,0,0,0,0,0,0,1,0,7718038,0.5236187497752186,6377.1448110996125
35,619,3,85,3,2,3,4717,0,3,15,2,11,9,6,9,0,0,1,0,0,1,0,0,0,0,0,0,0,0,0,0,1,0,5843657,0.5008486268092127,4721.0029726590565
40,302,3,75,3,4,3,13237,0,3,22,3,20,6,5,13,0,1,0,0,1,0,0,0,0,0,0,0,0,1,0,0,0,0,16398662,0.7034589072924032,33823.02833374431
39,443,1,48,3,1,3,3755,0,3,8,3,8,3,0,7,0,1,0,0,1,0,0,0,0,0,0,1,0,0,0,0,0,0,4651883,0.4030954072500684,3755.0
31,828,1,77,3,2,4,6582,1,3,10,2,6,5,0,5,0,0,1,0,1,0,0,0,0,0,0,0,0,0,0,0,1,0,8154113,0.5254640475712623,6749.604361114049
42,319,3,56,3,3,1,7406,1,4,10,5,10,9,5,8,0,1,0,0,0,0,1,0,0,0,0,0,0,1,0,0,0,0,9174926,0.8699512568159681,13848.85900797906
45,561,3,61,3,2,2,4805,0,3,9,3,8,7,3,7,0,0,1,0,0,0,0,1,0,0,0,0,0,0,0,0,1,0,5952676,0.4903096302358215,4805.0
26,426,4,58,3,1,3,2741,1,3,8,2,7,7,1,0,1,0,0,0,1,0,0,0,0,0,1,0,0,0,0,0,0,0,3395689,0.4119827352705653,2741.0
29,232,3,34,3,2,4,4262,0,3,8,2,3,2,1,2,0,1,0,0,0,0,0,0,1,0,0,0,0,1,0,0,0,0,5279980,0.4057257927338972,4262.0
33,922,5,95,4,4,3,16184,0,3,10,2,6,1,0,5,0,1,0,0,0,0,1,0,0,0,0,0,0,0,1,0,0,0,20049554,0.6891921601873555,41006.82888070824
31,688,3,44,2,3,4,11557,0,4,10,3,5,4,0,1,0,0,1,0,1,0,0,0,0,0,0,0,1,0,0,0,0,0,14317393,0.519824700979118,17564.61406921567
18,1306,3,69,3,1,2,1878,1,3,0,3,0,0,0,0,0,0,1,0,0,1,0,0,0,0,0,0,0,0,0,0,0,1,2326561,0.3968978833267146,1684.37422488757
40,1094,3,58,1,3,1,10932,0,3,20,2,1,0,0,1,0,0,1,0,0,0,0,1,0,0,0,0,0,0,0,0,1,0,13543112,0.3394518985145294,14642.888154560835
41,509,4,62,2,2,3,6811,1,3,10,3,8,7,0,7,0,1,0,0,0,0,0,1,0,1,0,0,0,0,0,0,0,0,8437810,0.4103176096869965,6811.0
26,775,2,45,3,2,3,4306,0,3,8,5,0,0,0,0,0,0,1,0,0,0,1,0,0,0,0,0,0,0,0,0,1,0,5334490,0.2677137297250479,3305.7753201960563
35,195,3,80,3,2,3,4859,0,3,5,3,5,4,0,3,0,0,1,0,0,0,1,0,0,0,0,0,0,0,0,0,1,0,6019574,0.49182635929610874,4859.0
34,258,4,74,4,2,4,5337,0,3,10,3,10,7,5,7,0,0,1,0,1,0,0,0,0,0,0,0,0,0,0,0,1,0,6611744,0.633936952807521,6051.821517133741
26,471,3,66,1,1,4,2340,1,3,1,3,1,0,0,0,0,1,0,0,0,0,0,0,1,0,0,1,0,0,0,0,0,0,2898910,0.3394518985145294,2340.0
37,799,3,59,3,3,4,7491,0,3,12,3,6,5,1,2,0,1,0,0,0,0,0,0,1,0,0,0,0,1,0,0,0,0,9280228,0.36912915729335216,10256.146517284502
46,1034,1,86,3,3,3,10527,0,3,28,3,2,2,1,2,0,1,0,0,0,0,1,0,0,1,0,0,0,0,0,0,0,0,13041378,0.40265628901598516,14765.762754471278
41,1276,5,91,3,4,1,16595,0,3,22,2,18,16,11,8,0,0,1,0,1,0,0,0,0,0,0,0,1,0,0,0,0,0,20558722,0.6620405674972166,41372.344826424465
37,142,4,69,3,3,2,8834,0,3,9,6,9,5,7,7,0,0,1,0,0,0,1,0,0,0,0,0,0,0,0,0,1,0,10944004,0.468252613491247,12970.543587581677
52,956,2,78,3,2,1,5577,1,3,18,3,10,9,6,9,0,1,0,0,0,0,0,0,1,0,0,0,0,0,0,1,0,0,6909068,0.5785185274641181,6014.897827667386
32,1474,4,60,4,2,3,4707,0,3,6,2,4,2,1,2,0,0,1,0,0,0,0,1,0,0,0,0,0,0,0,0,1,0,5831269,0.5752645899437668,5061.270424865311
24,535,3,38,3,1,4,2400,0,3,3,3,2,2,2,1,0,0,1,0,0,0,1,0,0,0,0,0,0,0,0,0,0,1,2973241,0.3394518985145294,2400.0
38,1495,3,76,3,2,3,9824,0,3,18,4,1,0,0,0,0,1,0,0,0,0,1,0,0,1,0,0,0,0,0,0,0,0,12170466,0.402164888266067,9824.0
37,446,4,65,3,2,2,6447,0,3,8,2,6,5,4,3,0,1,0,0,1,0,0,0,0,0,0,0,0,1,0,0,0,0,7986868,0.457088717711423,6447.0
49,1245,4,58,2,5,3,19502,1,3,31,5,31,9,0,9,0,1,0,0,1,0,0,0,0,0,0,0,0,0,1,0,0,0,24160059,0.7246688017185677,67268.98194223102
24,691,3,89,4,1,4,2725,1,3,6,3,6,5,1,4,0,1,0,0,0,0,1,0,0,0,0,0,0,0,0,1,0,0,3375867,0.62460775282022,3064.5561264350995
26,703,2,66,3,2,2,6272,0,4,6,5,5,3,1,4,0,0,1,0,0,1,0,0,0,0,0,0,0,0,0,0,1,0,7770069,0.5816145717333602,6783.886593911636
24,823,2,94,2,1,2,2127,0,4,1,2,1,0,0,0,0,1,0,0,0,0,0,1,0,0,0,1,0,0,0,0,0,0,2635035,0.3394518985145294,2127.0
50,1246,3,99,3,5,2,18200,0,3,32,2,32,5,10,7,1,0,0,0,0,0,1,0,0,0,0,0,1,0,0,0,0,0,22547076,0.7405508978557497,63356.05268194928
25,622,1,40,3,1,3,2096,0,3,7,1,7,4,0,6,0,0,1,0,0,0,1,0,0,0,0,0,0,0,0,0,0,1,2596630,0.40430753708806333,2096.0
24,1287,3,55,3,1,3,2886,1,3,6,4,6,3,1,2,0,1,0,0,1,0,0,0,0,0,0,1,0,0,0,0,0,0,3575322,0.4605950597248222,2886.0
30,448,4,74,2,1,1,2033,0,3,1,2,1,0,0,0,0,0,1,0,1,0,0,0,0,0,0,0,0,0,0,0,0,1,2518583,0.3394518985145294,2033.0
34,254,2,83,2,1,4,3622,1,3,6,3,6,5,1,3,0,1,0,0,1,0,0,0,0,0,0,0,0,0,0,1,0,0,4487116,0.3394518985145294,3622.0
31,1365,4,46,3,2,1,4233,0,3,9,2,3,1,1,2,0,0,1,0,0,0,1,0,0,0,0,0,0,0,0,0,1,0,5244054,0.3766696165457242,4233.0
35,538,2,54,2,2,4,3681,0,3,9,3,3,2,0,2,0,1,0,0,0,0,0,1,0,0,0,1,0,0,0,0,0,0,4560208,0.3394518985145294,3681.0
31,525,4,66,4,2,4,5460,0,4,13,4,7,7,5,7,0,0,1,0,0,0,1,0,0,0,0,0,0,0,0,0,1,0,6764123,0.685904081438209,6475.03628465262
27,798,4,66,2,1,3,2187,0,3,6,5,5,3,0,3,0,1,0,0,0,0,1,0,0,0,0,0,0,0,0,1,0,0,2709366,0.3394518985145294,2187.0
37,558,3,75,3,2,3,9602,1,3,17,3,3,0,1,0,0,0,1,0,0,1,0,0,0,0,0,0,0,0,0,0,1,0,11895441,0.48908132649564273,9602.0
20,959,3,83,2,1,2,2836,0,3,1,0,1,0,0,0,0,1,0,0,1,0,0,0,0,0,0,0,0,0,0,1,0,0,3513380,0.3394518985145294,2836.0
42,622,4,81,3,2,4,4089,0,3,10,4,10,2,2,2,0,1,0,0,1,0,0,0,0,1,0,0,0,0,0,0,0,0,5065659,0.45782699352306044,4089.0
43,782,4,50,2,4,4,16627,1,3,21,3,1,0,0,0,0,1,0,0,0,0,0,1,0,0,0,0,0,0,1,0,0,0,20598365,0.4692034996385155,36642.66988273439
38,362,1,43,3,1,1,2619,0,3,8,3,0,0,0,0,0,1,0,0,1,0,0,0,0,0,0,0,0,0,0,1,0,0,3244549,0.19104715261262473,1809.8524926924642
43,1001,5,72,3,2,3,5679,1,3,10,3,8,7,4,7,0,1,0,0,0,0,1,0,0,0,0,1,0,0,0,0,0,0,7035431,0.4794011383131501,5679.0
48,1236,4,40,2,4,1,15402,0,3,21,3,3,2,0,2,0,1,0,0,1,0,0,0,0,0,0,0,1,0,0,0,0,0,19080773,0.3720995165855979,31699.615131677067
44,1112,4,50,2,2,3,5985,0,3,10,1,2,2,0,2,1,0,0,0,1,0,0,0,0,0,1,0,0,0,0,0,0,0,7414519,0.3394518985145294,5985.0
34,204,3,31,3,1,3,2579,1,3,8,3,8,2,0,6,0,0,1,0,0,0,0,0,1,0,0,0,0,0,0,0,0,1,3194995,0.48196361150579903,2579.0
27,1420,1,85,3,1,1,3041,0,3,5,3,4,3,0,2,0,0,1,0,0,1,0,0,0,0,0,0,0,0,0,0,0,1,3767344,0.3394518985145294,3041.0
21,1343,1,49,3,1,3,3447,0,3,3,2,3,2,1,2,0,0,1,0,0,0,0,0,1,0,0,0,0,0,0,0,0,1,4270317,0.3394518985145294,3447.0
44,1315,4,35,3,5,4,19513,1,3,26,2,2,2,0,1,0,1,0,0,0,0,0,1,0,0,0,0,1,0,0,0,0,0,24173687,0.5949869740534514,62245.96164940999
22,604,1,69,3,1,3,2773,0,4,3,3,2,2,2,2,0,1,0,0,0,0,1,0,0,0,0,0,0,0,0,1,0,0,3435332,0.43739890950205274,2773.0
33,1216,4,39,3,2,3,7104,0,3,6,3,5,0,1,2,0,0,1,0,0,1,0,0,0,0,0,0,0,0,0,0,1,0,8800793,0.4130876924534954,7104.0
32,646,4,92,3,2,4,6322,1,3,6,2,6,4,0,5,0,1,0,0,1,0,0,0,0,0,0,0,0,0,0,1,0,0,7832012,0.6249837294302151,7112.1471374578205
30,160,3,71,3,1,3,2083,0,4,1,2,1,0,0,0,0,1,0,0,0,0,1,0,0,0,0,0,0,0,0,1,0,0,2580525,0.4062258654133615,2083.0
53,238,1,34,3,2,1,8381,0,4,18,2,14,7,8,10,0,0,1,0,0,0,1,0,0,0,0,0,0,0,0,0,1,0,10382805,0.7074584372676375,10119.709162740071
34,1397,5,42,3,1,4,2691,0,3,10,4,10,9,8,8,0,1,0,0,1,0,0,0,0,0,0,0,0,0,0,1,0,0,3333746,0.47059063366089693,2691.0
45,306,4,100,3,2,1,4286,0,3,5,4,1,1,0,0,0,0,1,0,1,0,0,0,0,0,0,0,0,0,0,0,1,0,5309713,0.41463961921294934,4286.0
26,991,3,71,3,1,4,2659,1,3,3,2,3,2,0,2,0,1,0,0,1,0,0,0,0,0,0,1,0,0,0,0,0,0,3294103,0.3719914280598545,2659.0
37,482,3,36,3,3,3,9434,0,3,10,2,10,7,7,8,0,1,0,0,0,0,0,1,0,0,0,0,0,1,0,0,0,0,11687314,0.5159534218956675,14301.504582163727
29,1176,2,62,3,2,3,5561,0,3,6,5,6,0,1,2,0,0,1,0,0,0,1,0,0,0,0,0,0,0,0,0,1,0,6889247,0.37452958559391014,5561.0
35,1017,4,82,1,2,4,6646,0,3,17,3,17,11,11,8,0,1,0,0,1,0,0,0,0,0,0,0,0,0,0,1,0,0,8233399,0.3394518985145294,6646.0
33,1296,3,30,3,2,4,7725,0,4,15,2,13,11,4,7,0,1,0,0,1,0,0,0,0,1,0,0,0,0,0,0,0,0,9570119,0.7063160837531005,9318.791746992702
54,397,4,88,3,3,2,10725,0,3,16,1,9,7,7,1,1,0,0,0,0,0,1,0,0,0,1,0,0,0,0,0,0,0,13286670,0.429667148173017,15333.180164155607
36,913,2,48,2,2,2,8847,1,3,13,2,3,2,0,2,0,1,0,0,0,0,1,0,0,0,0,0,0,1,0,0,0,0,10960109,0.3394518985145294,8847.0
27,1115,4,54,2,1,4,2045,0,3,5,0,4,2,1,1,0,1,0,0,0,0,1,0,0,0,0,0,0,0,0,1,0,0,2533449,0.3394518985145294,2045.0
20,1362,1,32,3,1,3,1009,1,3,1,5,1,0,1,1,0,1,0,0,0,0,1,0,0,0,0,0,0,0,0,1,0,0,1250000,0.3394518985145294,1009.0
33,1076,3,70,3,1,1,3348,1,3,10,3,10,8,9,7,0,1,0,0,1,0,0,0,0,0,0,0,0,0,0,1,0,0,4147671,0.46509799809796415,3348.0
35,727,3,41,2,1,3,1281,0,3,1,3,1,0,0,0,0,1,0,0,1,0,0,0,0,0,0,1,0,0,0,0,0,0,1586967,0.3394518985145294,1281.0
23,885,3,58,4,1,1,2819,0,3,5,3,3,2,0,2,0,1,0,0,0,0,1,0,0,0,0,0,0,0,0,1,0,0,3492319,0.46039038720913517,2819.0
25,810,3,57,4,2,2,4851,0,4,4,4,3,2,1,2,0,0,1,0,1,0,0,0,0,0,0,0,0,0,0,0,1,0,6009663,0.7200321639314052,5918.376027231247
38,243,4,46,2,2,4,4028,0,4,8,2,7,7,0,5,0,0,1,0,0,1,0,0,0,0,0,0,0,0,0,0,1,0,4990089,0.4615739817603981,4028.0
29,806,4,76,1,1,4,2720,0,3,10,5,10,7,2,8,0,1,0,0,1,0,0,0,0,0,0,0,0,0,0,1,0,0,3369673,0.3394518985145294,2720.0
48,817,1,56,4,2,2,8120,0,3,12,3,2,2,2,2,0,0,1,0,0,1,0,0,0,0,0,0,0,0,0,0,1,0,10059465,0.48086040435229227,8120.0
27,1410,1,71,4,2,4,4647,1,4,6,3,6,5,0,4,0,0,1,0,0,0,1,0,0,0,0,0,0,0,0,0,1,0,5756938,0.8148384431102195,6110.05424513319
37,1225,2,80,4,1,4,4680,0,3,4,2,1,0,0,0,0,1,0,0,1,0,0,0,0,0,0,0,0,0,0,1,0,0,5797820,0.4512866408553067,4680.0
50,1207,1,74,4,1,3,3221,1,3,20,3,20,8,3,8,0,1,0,0,0,0,1,0,0,0,0,1,0,0,0,0,0,0,3990337,0.7616206600623944,4063.6801460609718
34,1442,3,46,2,3,2,8621,0,3,9,3,8,7,7,7,0,1,0,0,0,0,1,0,0,1,0,0,0,0,0,0,0,0,10680129,0.3394518985145294,11547.414817093759
24,693,2,65,3,2,3,4577,0,3,4,3,2,2,2,0,0,0,1,0,1,0,0,0,0,0,0,0,0,0,0,0,1,0,5670218,0.4231294392043241,4577.0
39,408,4,80,2,2,3,4553,0,3,20,4,20,7,11,10,0,1,0,0,0,0,0,0,1,1,0,0,0,0,0,0,0,0,5640486,0.4351622132923556,4553.0
32,929,3,55,3,2,4,5396,0,3,10,2,10,7,0,8,0,0,1,0,0,1,0,0,0,0,0,0,0,0,0,0,1,0,6684836,0.49888453635526775,5396.0
50,562,2,50,3,2,3,6796,1,3,18,4,4,3,1,3,0,0,1,0,0,0,0,0,1,0,0,0,0,0,0,0,1,0,8419227,0.6020858844390203,7489.775670647583
38,827,4,33,4,2,4,7625,0,3,10,4,9,7,1,8,0,1,0,0,1,0,0,0,0,1,0,0,0,0,0,0,0,0,9446234,0.5701458568386834,8159.86215839496
27,608,2,68,3,3,1,7412,0,3,9,3,9,7,0,7,0,1,0,0,1,0,0,0,0,0,0,0,0,1,0,0,0,0,9182359,0.650526915759608,12233.705499610214
32,1018,2,39,3,3,4,11159,0,3,10,6,7,7,7,7,0,1,0,0,1,0,0,0,0,0,0,0,0,0,1,0,0,0,13824331,0.5199804846458269,16961.46222816278
47,703,4,42,3,2,1,4960,0,3,20,2,7,7,1,7,0,0,1,0,0,1,0,0,0,0,0,0,0,0,0,0,1,0,6144698,0.3744988994480186,4960.0
40,580,4,48,2,3,1,10475,1,4,20,2,18,13,1,12,0,0,1,0,1,0,0,0,0,0,0,0,0,0,0,0,1,0,12976957,0.8193712022363709,19057.913343425986
53,970,3,59,4,4,3,14814,0,3,32,3,5,1,1,3,0,1,0,0,1,0,0,0,0,0,0,0,0,0,1,0,0,0,18352329,0.6760249505515598,37242.95042620621
41,427,4,73,2,5,4,19141,0,3,23,2,21,6,12,6,1,0,0,1,0,0,0,0,0,0,0,0,1,0,0,0,0,0,23712834,0.5171649002653513,58080.10671195818
60,1179,4,84,3,2,1,5405,0,3,10,1,2,2,2,2,0,0,1,0,0,1,0,0,0,0,0,0,0,0,0,0,1,0,6695986,0.4044432959435533,5405.0
27,294,2,32,3,3,1,8793,0,4,9,4,9,7,1,7,0,1,0,0,1,0,0,0,0,0,0,0,0,1,0,0,0,0,10893211,0.6982150778001451,14932.405179096677
41,314,3,59,2,5,3,19189,0,3,22,3,22,7,2,10,1,0,0,1,0,0,0,0,0,0,0,0,1,0,0,0,0,0,23772299,0.6208906313580466,62206.54065025911
50,316,4,54,3,1,2,3875,0,3,4,2,2,2,2,2,0,0,1,0,0,1,0,0,0,0,0,0,0,0,0,0,0,1,4800545,0.3394518985145294,3875.0
28,654,2,67,1,1,2,2216,1,3,10,4,7,7,3,7,0,1,0,0,1,0,0,0,0,0,0,0,0,0,0,1,0,0,2745292,0.3394518985145294,2216.0
36,427,3,63,4,3,1,11713,0,3,10,2,8,7,0,5,0,1,0,0,1,0,0,0,0,0,0,0,0,0,1,0,0,0,14510654,0.6480220542665432,19303.28232162402
38,168,3,81,3,3,3,7861,1,3,10,4,1,0,0,0,0,1,0,0,1,0,0,0,0,0,0,0,0,1,0,0,0,0,9738603,0.5425712531252221,12126.152620817373
44,381,3,49,1,1,3,3708,0,3,9,5,5,2,1,4,0,1,0,0,0,0,1,0,0,0,0,1,0,0,0,0,0,0,4593657,0.3394518985145294,3708.0
47,217,3,49,3,4,3,13770,1,3,28,2,22,2,11,13,0,0,1,0,0,0,1,0,0,0,0,0,0,0,0,0,1,0,17058969,0.8956130931481022,39153.88843897405
30,501,5,99,3,2,4,5304,0,4,10,2,8,7,7,7,0,0,1,0,0,1,0,0,0,0,0,0,0,0,0,0,1,0,6570862,0.5560430022944757,5601.252084169899
29,1396,3,99,3,1,3,2642,0,3,1,6,1,0,0,0,0,0,1,0,1,0,0,0,0,0,0,0,0,0,0,0,0,1,3273043,0.3394518985145294,2642.0
42,933,3,57,4,1,3,2759,1,3,7,2,2,2,2,2,0,1,0,0,0,0,1,0,0,0,0,0,0,0,0,1,0,0,3417988,0.541818346707522,2874.376818566053
43,775,3,47,2,2,4,6804,0,3,7,5,2,2,2,2,0,0,1,0,1,0,0,0,0,0,0,0,0,0,0,0,1,0,8429138,0.3394518985145294,6804.0
34,970,2,96,3,2,3,6142,0,3,10,2,5,1,4,3,0,1,0,0,0,0,1,0,0,1,0,0,0,0,0,0,0,0,7609019,0.3701302109200083,6142.0
23,650,1,37,3,1,1,2500,0,3,5,2,4,3,0,2,0,1,0,0,0,0,1,0,0,0,0,1,0,0,0,0,0,0,3097126,0.3650798594409147,2500.0
39,141,3,44,4,2,2,6389,0,3,12,3,8,3,3,6,1,0,0,1,0,0,0,0,0,0,1,0,0,0,0,0,0,0,7915015,0.6100811404199805,7092.308406143256
56,832,3,81,3,4,4,11103,0,3,30,1,10,7,1,1,0,1,0,0,0,0,1,0,0,1,0,0,0,0,0,0,0,0,13754955,0.5642702459248591,26052.138810755565
40,804,1,86,2,1,4,2342,1,4,5,2,4,2,2,3,0,1,0,0,0,0,1,0,0,0,0,0,0,0,0,1,0,0,2901388,0.5216200904935716,2392.634251935945
27,975,3,55,2,2,1,6811,0,3,9,2,7,6,0,7,0,1,0,0,0,0,1,0,0,1,0,0,0,0,0,0,0,0,8437810,0.3394518985145294,6811.0
29,1090,3,83,3,1,2,2297,0,3,2,2,2,2,2,2,0,0,1,0,0,1,0,0,0,0,0,0,0,0,0,0,0,1,2845639,0.37003519189218714,2297.0
53,346,3,86,3,2,4,2450,0,3,19,4,2,2,2,2,0,1,0,0,1,0,0,0,0,0,0,1,0,0,0,0,0,0,3035183,0.4751682910190559,2450.0
35,1225,4,61,3,2,1,5093,0,3,16,2,1,0,0,0,0,1,0,0,1,0,0,0,0,1,0,0,0,0,0,0,0,0,6309465,0.4015921257528864,5093.0
32,430,4,80,3,2,4,5309,0,3,10,2,10,8,4,7,0,1,0,0,1,0,0,0,0,0,0,1,0,0,0,0,0,0,6577056,0.4483888614494306,5309.0
38,268,5,92,3,1,3,3057,1,3,6,0,1,0,0,1,0,1,0,0,0,0,1,0,0,0,0,0,0,0,0,1,0,0,3787166,0.4750325611143227,3057.0
34,167,5,32,3,2,1,5121,0,3,7,3,0,0,0,0,0,1,0,0,1,0,0,0,0,0,0,0,0,1,0,0,0,0,6344153,0.37920050253009874,4502.385773456635
52,621,4,31,2,4,1,16856,0,3,34,3,34,6,1,16,0,0,1,0,0,1,0,0,0,0,0,0,1,0,0,0,0,0,20882061,0.5700159534197912,39696.283366266
33,527,4,63,3,1,4,2686,1,3,10,2,10,9,7,8,0,1,0,0,0,0,0,1,0,0,0,0,0,0,0,1,0,0,3327552,0.46315939764777625,2686.0
25,883,1,32,3,2,4,6180,0,4,6,5,6,5,1,4,0,0,1,0,0,0,1,0,0,0,0,0,0,0,0,0,1,0,7656095,0.5585890442172724,6542.080293262744
45,954,2,46,1,2,3,6632,0,3,9,3,8,7,3,1,0,0,1,0,0,0,0,0,1,0,0,0,0,0,0,0,0,1,8216056,0.3394518985145294,6632.0
23,310,1,79,4,1,3,3505,0,3,2,3,2,2,0,2,0,1,0,0,0,0,1,0,0,0,0,0,0,0,0,1,0,0,4342170,0.4375942519374175,3505.0
47,719,2,77,4,2,3,6397,1,3,8,2,5,4,1,3,0,0,1,0,1,0,0,0,0,0,0,0,0,0,0,0,1,0,7924926,0.6702240984187532,7485.923557584765
34,304,3,60,3,2,4,6274,0,4,6,5,6,5,1,4,0,0,1,0,0,0,0,1,0,0,0,0,0,0,0,0,1,0,7772547,0.53432287176455,6489.341697450785
55,725,3,78,3,5,1,19859,1,3,24,2,5,2,1,4,0,1,0,0,0,0,1,0,0,0,0,0,1,0,0,0,0,0,24602329,0.6147909230477241,64136.265881609506
36,1434,4,76,2,3,1,7587,0,3,10,1,10,7,0,9,0,0,1,0,1,0,0,0,0,0,0,0,0,0,0,0,1,0,9399158,0.37422582565980156,10426.251339280914
52,715,4,41,3,1,4,4258,0,3,5,3,4,3,1,2,0,1,0,0,0,0,1,0,0,0,0,0,0,0,0,1,0,0,5275025,0.35279609091715225,4258.0
26,575,2,71,1,1,4,4364,0,3,5,2,2,2,2,0,0,1,0,0,1,0,0,0,0,0,0,1,0,0,0,0,0,0,5406343,0.3394518985145294,4364.0
29,657,3,66,3,2,3,4335,0,3,11,3,8,7,1,1,0,1,0,0,0,0,1,0,0,1,0,0,0,0,0,0,0,0,5370416,0.4373718829928557,4335.0
26,1146,3,38,2,2,1,5326,0,3,6,2,4,3,1,2,0,0,1,0,0,0,0,0,1,0,0,0,0,0,0,0,1,0,6598117,0.3394518985145294,5326.0
34,182,4,72,4,1,4,3280,0,3,10,2,4,2,1,3,0,1,0,0,1,0,0,0,0,0,0,0,0,0,0,1,0,0,4063429,0.4948950063575568,3280.0
54,376,4,95,3,2,1,5485,1,3,9,4,5,3,1,4,0,1,0,0,0,0,1,0,0,0,0,0,0,1,0,0,0,0,6795094,0.5421200336479902,5716.028384559227
27,829,1,84,3,2,4,4342,0,3,5,3,4,2,1,1,0,0,1,0,0,1,0,0,0,0,0,0,0,0,0,0,1,0,5379088,0.4179507248782103,4342.0
37,571,1,82,3,1,1,2782,1,3,6,3,5,3,4,3,0,1,0,0,1,0,0,0,0,0,0,0,0,0,0,1,0,0,3446482,0.5162562360678448,2827.2248487407437
38,240,4,75,4,2,1,5980,1,3,17,2,15,7,4,12,0,1,0,0,1,0,0,0,0,0,0,0,0,1,0,0,0,0,7408325,0.8784950065852276,8243.40013937966
34,121,4,86,2,1,1,4381,0,3,6,3,6,5,1,3,0,1,0,0,0,0,1,0,0,0,0,0,0,0,0,1,0,0,5427403,0.3394518985145294,4381.0
35,384,4,72,3,1,4,2572,0,3,3,1,3,2,0,2,0,0,1,0,1,0,0,0,0,0,0,0,0,0,0,0,0,1,3186323,0.3394518985145294,2572.0
30,921,3,38,1,1,3,3833,0,4,7,2,2,2,0,2,0,1,0,0,1,0,0,0,0,0,0,1,0,0,0,0,0,0,4748513,0.3394518985145294,3833.0
40,791,2,38,4,2,2,4244,0,4,8,2,8,7,3,7,0,1,0,0,0,0,1,0,0,1,0,0,0,0,0,0,0,0,5257681,0.7093718340498613,5132.574063707611
34,1111,2,93,3,2,1,6500,0,3,6,1,3,2,1,2,0,0,1,0,1,0,0,0,0,0,0,0,0,0,0,0,1,0,8052527,0.402288007744387,6500.0
42,570,3,66,3,5,4,18430,0,3,24,4,24,7,14,9,0,1,0,0,1,0,0,0,0,0,0,0,1,0,0,0,0,0,22832012,0.7538876840539456,64648.300034228436
23,1243,3,63,4,1,1,1601,1,4,1,2,0,0,0,0,0,1,0,0,1,0,0,0,0,0,0,1,0,0,0,0,0,0,1983399,0.5404097573860139,1665.6960215750082
24,1092,3,60,2,1,2,2694,0,3,1,4,1,0,0,0,0,1,0,0,1,0,0,0,0,0,0,1,0,0,0,0,0,0,3337463,0.3394518985145294,2694.0
52,1325,4,82,3,2,3,3149,0,4,9,3,5,2,1,4,0,1,0,0,1,0,0,0,0,0,0,1,0,0,0,0,0,0,3901140,0.520364432172789,3213.1275969121125
50,691,3,64,3,4,3,17639,0,3,30,3,4,3,0,3,0,1,0,0,0,0,1,0,0,0,0,0,0,0,1,0,0,0,21852081,0.5742096782329692,41651.22677152702
29,805,2,36,2,1,1,2319,1,3,1,1,1,0,0,0,0,1,0,0,1,0,0,0,0,0,0,1,0,0,0,0,0,0,2872894,0.3394518985145294,2319.0
33,213,3,49,3,3,3,11691,0,3,14,3,13,9,3,7,0,1,0,0,0,0,1,0,0,0,0,0,0,0,1,0,0,0,14483399,0.608949206589276,18810.225174235224
33,118,3,69,3,2,1,5324,0,3,6,3,3,2,0,2,0,0,1,0,0,1,0,0,0,0,0,0,0,0,0,0,1,0,6595639,0.3434903838848452,5324.0
47,202,2,33,3,4,4,16752,1,3,26,3,26,14,3,0,0,1,0,0,0,0,0,1,0,0,0,0,1,0,0,0,0,0,20753221,0.9124296470002918,48055.53216982333
36,676,3,35,3,2,2,5228,0,3,10,2,9,7,0,5,0,1,0,0,0,0,0,1,0,0,0,0,0,1,0,0,0,0,6476710,0.5216118969135709,5340.986997064149
29,1252,2,81,4,1,3,2700,0,4,10,3,10,7,0,7,0,1,0,0,1,0,0,0,0,0,0,0,0,0,0,1,0,0,3344896,0.6944893909770206,3225.1213556379553
58,286,4,31,3,5,2,19246,1,3,40,2,31,15,13,8,0,1,0,0,1,0,0,0,0,0,0,0,0,0,1,0,0,0,23842914,0.883250791561286,72490.08946877703
35,1258,4,40,4,1,3,2506,0,3,7,0,2,2,2,2,0,1,0,0,1,0,0,0,0,0,0,0,0,0,0,1,0,0,3104559,0.4130249162900027,2506.0
42,932,2,43,2,2,4,6062,1,3,8,4,4,3,0,2,0,1,0,0,1,0,0,0,0,0,0,0,0,1,0,0,0,0,7509911,0.36232138322062346,6062.0
28,890,4,46,3,1,3,4382,0,3,5,3,2,2,2,1,0,1,0,0,0,0,1,0,0,0,0,0,0,0,0,1,0,0,5428642,0.3394518985145294,4382.0
36,1041,3,36,3,1,2,2143,0,3,8,2,5,2,0,4,1,0,0,1,0,0,0,0,0,0,1,0,0,0,0,0,0,0,2654856,0.3538402780000127,2143.0
32,859,3,98,2,2,3,6162,0,3,14,3,14,13,6,8,0,1,0,0,1,0,0,0,0,0,0,0,0,1,0,0,0,0,7633796,0.417569035088558,6162.0
40,720,4,51,2,2,3,5094,0,3,10,6,1,0,0,0,0,1,0,0,0,0,1,0,0,0,0,1,0,0,0,0,0,0,6310704,0.3394518985145294,5094.0
30,946,3,52,2,2,4,6877,1,4,12,4,0,0,0,0,0,1,0,0,0,0,1,0,0,0,0,0,0,1,0,0,0,0,8519574,0.47663409844467053,6716.312695004
45,252,3,95,2,1,3,2274,0,3,1,3,1,0,0,0,0,1,0,0,1,0,0,0,0,0,0,0,0,0,0,1,0,0,2817146,0.3394518985145294,2274.0
42,933,3,98,3,2,2,4434,0,3,10,3,9,8,7,8,0,1,0,0,1,0,0,0,0,0,0,0,0,1,0,0,0,0,5493062,0.5120458111867928,4487.41112680224
38,471,3,45,2,2,1,6288,0,3,13,3,4,3,1,2,0,1,0,0,1,0,0,0,0,1,0,0,0,0,0,0,0,0,7789891,0.3394518985145294,6288.0
34,702,4,100,2,1,4,2553,0,3,6,3,5,2,1,3,0,1,0,0,1,0,0,0,0,0,0,0,0,0,0,1,0,0,3162785,0.3394518985145294,2553.0
49,1184,3,43,3,3,4,7654,0,3,9,3,9,8,7,7,0,0,1,0,0,1,0,0,0,0,0,0,0,0,0,0,1,0,9482161,0.5459825790722238,11832.950660218801
55,436,1,37,3,2,4,5160,0,3,12,3,9,7,7,3,0,0,1,0,0,0,1,0,0,0,0,0,0,0,0,0,1,0,6392468,0.49691261658166486,5160.0
43,589,2,94,3,4,1,17159,0,4,22,3,4,1,1,0,0,1,0,0,1,0,0,0,0,0,0,0,0,0,1,0,0,0,21257433,0.7026546365775569,43823.77636355145
27,269,1,42,2,3,4,12808,1,3,9,3,9,8,0,8,0,1,0,0,0,0,0,0,1,0,0,0,0,0,1,0,0,0,15867195,0.4317305758369161,18337.60521531922
35,950,3,59,3,3,3,10221,0,4,17,3,8,5,1,6,0,1,0,0,0,0,0,1,0,0,0,0,0,1,0,0,0,0,12662289,0.5996609387983566,16350.134455458001
28,760,4,81,3,2,2,4779,1,4,8,2,8,7,7,5,0,0,1,0,0,1,0,0,0,0,0,0,0,0,0,0,1,0,5920466,0.7737537867511487,6087.269346883741
34,829,2,88,3,1,4,3737,0,3,4,1,3,2,0,2,1,0,0,1,0,0,0,0,0,0,1,0,0,0,0,0,0,0,4629584,0.3394518985145294,3737.0
26,887,2,88,2,1,3,2366,1,3,8,2,8,7,1,7,0,1,0,0,0,0,1,0,0,0,0,0,0,0,0,1,0,0,2931120,0.3413014386338983,2366.0
27,443,3,50,3,1,4,1706,0,3,0,6,0,0,0,0,0,1,0,0,0,0,1,0,0,0,0,0,0,0,0,1,0,0,2113479,0.32442966345060487,1406.4770058467318
51,1318,4,66,3,4,3,16307,0,3,29,2,20,6,4,17,0,0,1,0,0,1,0,0,0,0,0,0,1,0,0,0,0,0,20201933,0.6401361628381973,40118.55061110373
44,625,3,50,3,2,2,5933,0,3,10,2,5,2,2,3,0,1,0,0,0,0,1,0,0,1,0,0,0,0,0,0,0,0,7350099,0.5009403618214693,5938.579166686776
25,180,1,65,4,1,1,3424,0,3,6,3,4,3,0,1,0,1,0,0,0,0,1,0,0,0,0,0,0,0,0,1,0,0,4241824,0.5027502125473745,3433.4167277622105
33,586,3,48,4,2,1,4037,0,4,9,5,9,8,0,8,0,0,1,0,0,0,1,0,0,0,0,0,0,0,0,0,1,0,5001239,0.8110649288222379,5292.769117655374
35,1343,1,53,2,1,1,2559,0,3,6,3,6,5,1,1,0,1,0,0,0,0,1,0,0,0,0,0,0,0,0,1,0,0,3170218,0.3394518985145294,2559.0
36,928,2,56,3,2,4,6201,1,3,18,1,18,14,4,11,0,0,1,0,1,0,0,0,0,0,0,0,0,0,0,0,1,0,7682111,0.7877082554142655,7985.078891823861
32,117,4,73,3,2,4,4403,0,3,8,3,5,2,0,3,0,0,1,0,1,0,0,0,0,0,0,0,0,0,0,0,1,0,5454658,0.43861957174475585,4403.0
30,1012,4,75,2,1,4,3761,0,3,10,3,5,4,0,3,0,1,0,0,1,0,0,0,0,0,0,0,0,0,0,1,0,0,4659316,0.3394518985145294,3761.0
53,661,2,78,2,3,4,10934,1,3,35,3,5,2,0,4,0,0,1,0,0,1,0,0,0,0,0,0,0,0,0,0,1,0,13545590,0.38897887619030624,15187.09503226481
45,930,3,74,3,3,1,10761,1,3,18,2,5,4,0,2,0,0,1,0,0,1,0,0,0,0,0,0,0,0,0,0,1,0,13331269,0.5317152607931795,16482.787921395407
32,638,2,91,4,2,3,5175,0,3,9,3,5,3,1,3,0,1,0,0,0,0,1,0,0,0,0,0,0,0,0,1,0,0,6411051,0.5447080656836664,5406.364239912974
52,890,4,81,2,4,4,13826,0,4,31,3,9,8,0,0,0,1,0,0,0,0,1,0,0,0,0,0,0,1,0,0,0,0,17128345,0.5767715921777358,32700.666050174063
37,342,4,66,2,2,3,6334,0,3,9,2,1,0,0,0,0,0,1,0,0,1,0,0,0,0,0,0,0,0,0,0,1,0,7846878,0.3394518985145294,6334.0
28,1169,2,63,2,1,4,4936,0,3,6,6,5,1,0,4,1,0,0,0,0,0,1,0,0,0,1,0,0,0,0,0,0,0,6114965,0.3394518985145294,4936.0
22,1230,2,33,2,2,4,4775,0,4,4,2,2,2,2,2,0,1,0,0,1,0,0,0,0,0,0,0,0,1,0,0,0,0,5915510,0.3552539775289467,4775.0
44,986,4,62,4,1,4,2818,1,4,10,2,3,2,0,2,0,1,0,0,1,0,0,0,0,0,0,1,0,0,0,0,0,0,3491080,0.7952744070419969,3650.083279044348
42,1271,1,35,3,1,4,2515,1,3,8,2,2,1,2,2,0,1,0,0,0,0,1,0,0,0,0,0,0,0,0,1,0,0,3115709,0.4397065148998667,2515.0
36,1278,3,77,2,1,1,2342,0,4,6,3,5,4,0,3,1,0,0,0,1,0,0,0,0,0,1,0,0,0,0,0,0,0,2901388,0.3704816002304626,2342.0
25,141,1,98,3,2,1,4194,1,3,5,3,5,3,0,3,0,0,1,0,0,0,0,1,0,0,0,0,0,0,0,0,1,0,5195738,0.5283162906071882,4312.758522806548
35,607,3,66,2,3,3,10685,1,4,17,2,17,14,5,15,0,1,0,0,1,0,0,0,0,0,0,0,0,1,0,0,0,0,13237116,0.7419954297691939,18613.221167083837
35,130,4,96,3,1,2,2022,1,3,10,3,10,2,7,8,0,1,0,0,1,0,0,0,0,0,0,0,0,0,0,1,0,0,2504955,0.5021440461894565,2026.3352613950813
32,300,3,61,3,1,4,2314,0,3,4,2,3,0,0,2,0,1,0,0,1,0,0,0,0,0,0,1,0,0,0,0,0,0,2866700,0.3394518985145294,2314.0
25,583,1,87,2,2,1,4256,0,3,5,1,5,2,0,3,0,0,1,0,0,1,0,0,0,0,0,0,0,0,0,0,1,0,5272547,0.3394518985145294,4256.0
49,1418,3,36,3,1,1,3580,0,3,7,2,4,2,0,2,0,1,0,0,0,0,0,0,1,0,0,0,0,0,0,1,0,0,4435084,0.3394518985145294,3580.0
24,1269,1,46,2,1,4,3162,0,3,6,2,5,2,3,4,0,1,0,0,1,0,0,0,0,0,0,1,0,0,0,0,0,0,3917245,0.3394518985145294,3162.0
32,379,2,48,3,2,2,6524,0,3,10,3,10,8,5,3,0,0,1,0,1,0,0,0,0,0,0,0,0,0,0,0,1,0,8082260,0.4418331094307276,6524.0
38,395,3,98,2,1,2,2899,0,3,3,3,2,2,1,2,0,0,1,0,0,1,0,0,0,0,0,0,0,0,0,0,0,1,3591427,0.3394518985145294,2899.0
42,1265,3,95,4,2,4,5231,1,3,17,1,5,3,1,3,0,1,0,0,1,0,0,0,0,0,0,1,0,0,0,0,0,0,6480426,0.7448105486235069,6511.603979849564
31,1222,4,48,3,1,4,2356,1,3,8,2,6,4,0,2,0,1,0,0,1,0,0,0,0,0,0,0,0,0,0,1,0,0,2918731,0.4783406372970158,2356.0
29,341,3,48,2,1,3,2800,1,3,5,3,3,2,0,2,0,0,1,0,0,0,1,0,0,0,0,0,0,0,0,0,0,1,3468781,0.34196778045743326,2800.0
53,868,3,73,3,4,4,11836,0,3,28,3,2,0,2,2,0,0,1,0,0,1,0,0,0,0,0,0,0,0,0,0,1,0,14663033,0.49627702862881895,26564.90236627605
35,672,3,78,2,3,2,10903,0,3,16,2,13,10,4,8,0,1,0,0,0,0,0,0,1,0,0,0,0,1,0,0,0,0,13507185,0.4135310201158503,15411.728712323114
37,1231,2,54,3,1,4,2973,0,3,10,3,5,4,0,0,0,0,1,0,0,0,1,0,0,0,0,0,0,0,0,0,0,1,3683102,0.3394518985145294,2973.0
53,102,4,72,3,4,4,14275,0,3,33,0,12,9,3,8,0,1,0,0,1,0,0,0,0,0,0,0,0,0,1,0,0,0,17684589,0.616564031661507,34614.67732795202
43,422,3,33,3,2,4,5562,0,3,12,2,5,2,2,2,0,1,0,0,1,0,0,0,0,1,0,0,0,0,0,0,0,0,6890486,0.43492883719037234,5562.0
47,249,2,35,3,2,4,4537,1,4,8,2,7,6,7,7,0,0,1,0,0,1,0,0,0,0,0,0,0,0,0,0,1,0,5620664,0.7673034697653155,5749.755842325237
37,1252,2,32,3,3,2,7642,1,3,10,2,10,0,0,9,0,0,1,0,0,0,1,0,0,0,0,0,0,0,0,0,1,0,9467294,0.68291549133098,12860.840184751349
50,881,4,98,3,4,1,17924,0,3,31,3,31,6,14,7,0,1,0,0,1,0,0,0,0,0,0,0,1,0,0,0,0,0,22205154,0.732925092717276,46591.42404279669
39,1383,3,42,2,2,4,5204,0,3,13,2,5,4,0,4,1,0,0,0,1,0,0,0,0,0,1,0,0,0,0,0,0,0,6446977,0.3394518985145294,5204.0
33,1075,2,57,3,1,2,2277,1,3,7,4,4,3,0,3,1,0,0,1,0,0,0,0,0,0,1,0,0,0,0,0,0,0,2820862,0.5016251853368315,2280.700547011965
32,374,4,87,3,1,4,2795,1,4,1,2,1,0,0,1,0,1,0,0,1,0,0,0,0,0,0,1,0,0,0,0,0,0,3462587,0.6230236332257885,3138.8510548660793
29,1086,1,62,2,1,4,2532,0,3,8,5,4,3,0,3,0,1,0,0,0,0,1,0,0,0,0,1,0,0,0,0,0,0,3136769,0.3394518985145294,2532.0
44,661,2,61,3,1,1,2559,1,3,8,0,8,7,7,1,0,1,0,0,1,0,0,0,0,0,0,0,0,0,0,1,0,0,3170218,0.4886904090140316,2559.0
28,821,4,98,3,2,4,4908,0,3,4,3,4,2,0,2,0,0,1,0,0,0,1,0,0,0,0,0,0,0,0,0,1,0,6080278,0.4585419298873433,4908.0
58,781,1,57,2,1,4,2380,1,3,3,3,1,0,0,0,0,1,0,0,1,0,0,0,0,0,0,1,0,0,0,0,0,0,2948464,0.3394518985145294,2380.0
43,177,3,55,3,2,2,4765,0,4,4,2,1,0,0,0,0,1,0,0,1,0,0,0,0,0,0,0,0,1,0,0,0,0,5903122,0.593750466934769,5211.7209749441745
20,500,3,49,2,1,3,2044,0,3,2,3,2,2,0,2,0,0,1,0,0,0,1,0,0,0,0,0,0,0,0,0,0,1,2532210,0.3394518985145294,2044.0
21,1427,1,65,3,1,4,2693,0,3,1,3,1,0,0,0,0,1,0,0,0,0,0,1,0,0,0,0,0,0,0,1,0,0,3336224,0.3394518985145294,2693.0
36,1425,1,68,3,2,4,6586,1,3,17,2,16,8,4,11,0,1,0,0,1,0,0,0,0,1,0,0,0,0,0,0,0,0,8159068,0.6464312976026042,7550.396526010751
47,1454,4,65,2,1,4,3294,1,3,3,3,3,2,1,2,0,0,1,0,1,0,0,0,0,0,0,0,0,0,0,0,0,1,4080773,0.3394518985145294,3294.0
22,617,1,34,3,2,3,4171,1,3,4,3,3,2,0,2,0,1,0,0,1,0,0,0,0,0,0,0,0,1,0,0,0,0,5167245,0.5736261801583634,4478.0947974405335
41,1085,4,57,1,1,4,2778,1,3,10,1,7,7,1,0,0,1,0,0,1,0,0,0,0,0,0,1,0,0,0,0,0,0,3441526,0.3394518985145294,2778.0
28,995,3,77,3,1,3,2377,0,3,6,2,2,2,2,2,0,1,0,0,0,0,1,0,0,0,0,0,0,0,0,1,0,0,2944747,0.3685224383198996,2377.0
39,1122,3,70,3,1,1,2404,1,4,8,2,2,2,2,2,0,1,0,0,0,0,1,0,0,0,0,1,0,0,0,0,0,0,2978196,0.5818893166966909,2600.861917338845
27,618,3,76,3,1,3,2318,0,3,1,2,1,1,0,0,0,1,0,0,1,0,0,0,0,0,0,0,0,0,0,1,0,0,2871655,0.3394518985145294,2318.0
34,546,3,83,3,1,2,2008,0,3,1,3,1,0,1,0,0,1,0,0,1,0,0,0,0,0,0,1,0,0,0,0,0,0,2487611,0.3394518985145294,2008.0
42,462,2,68,2,2,3,6244,0,3,10,6,5,4,0,3,0,0,1,0,0,0,1,0,0,0,0,0,0,0,0,0,1,0,7735382,0.3394518985145294,6244.0
33,1198,4,100,2,1,1,2799,1,3,6,1,3,2,0,2,0,1,0,0,0,0,0,1,0,0,0,0,0,0,0,1,0,0,3467542,0.3394518985145294,2799.0
58,1272,3,37,2,3,2,10552,1,3,24,3,6,0,0,4,0,1,0,0,0,0,0,0,1,1,0,0,0,0,0,0,0,0,13072349,0.4697916228650779,15509.241204472304
31,154,4,41,2,1,3,2329,0,3,13,2,7,7,5,2,0,0,1,0,1,0,0,0,0,0,0,0,0,0,0,0,0,1,2885282,0.3394518985145294,2329.0
35,1137,1,51,3,2,4,4014,1,4,10,2,10,6,0,7,0,1,0,0,1,0,0,0,0,1,0,0,0,0,0,0,0,0,4972745,0.7029308081461473,4828.564263898635
49,527,2,51,3,3,2,7403,0,3,29,3,26,9,1,7,0,1,0,0,0,0,0,1,0,0,0,1,0,0,0,0,0,0,9171209,0.6843069706725208,12468.924503888673
48,1469,4,51,3,1,3,2259,0,3,13,2,0,0,0,0,0,1,0,0,0,0,1,0,0,0,0,0,0,0,0,1,0,0,2798563,0.23757176587470652,1666.174619110962
31,1188,2,45,3,2,3,6932,0,3,9,2,9,8,0,0,0,0,1,0,0,1,0,0,0,0,0,0,0,0,0,0,1,0,8587711,0.5548272306387035,7312.062362787494
36,188,4,65,3,1,4,4678,0,3,8,6,6,2,0,1,0,1,0,0,0,0,0,1,0,0,0,0,0,0,0,1,0,0,5795342,0.42593966205014233,4678.0
38,1333,3,80,3,3,1,13582,0,3,15,3,15,12,5,11,0,1,0,0,0,0,0,0,1,0,0,0,0,0,1,0,0,0,16826065,0.5964944109855693,21683.587090006004
32,1184,3,70,2,1,2,2332,0,4,5,3,3,0,0,2,0,1,0,0,1,0,0,0,0,0,0,1,0,0,0,0,0,0,2888999,0.3485349639411921,2332.0
25,867,2,36,2,1,2,2413,1,3,1,2,1,0,0,0,0,0,1,0,0,1,0,0,0,0,0,0,0,0,0,0,0,1,2989346,0.3394518985145294,2413.0
40,658,4,67,2,3,2,9705,0,3,11,2,1,0,0,0,0,0,1,0,0,1,0,0,0,0,0,0,0,0,0,0,1,0,12023043,0.3394518985145294,12999.380675083508
26,1283,3,52,2,2,1,4294,0,3,7,2,7,7,0,7,0,0,1,0,0,0,1,0,0,0,0,0,0,0,0,0,1,0,5319623,0.3691721621780706,4294.0
41,263,3,59,3,1,1,4721,1,3,20,3,18,13,2,17,0,1,0,0,0,0,1,0,0,0,0,1,0,0,0,0,0,0,5848612,0.5896520791479,5144.247465657235
36,938,4,79,3,1,3,2519,0,4,16,6,11,8,3,9,0,1,0,0,0,0,1,0,0,0,0,1,0,0,0,0,0,0,3120664,0.5219922091088128,2574.3983747450998
19,419,3,37,2,1,2,2121,1,3,1,3,1,0,0,0,0,0,1,0,0,0,0,1,0,0,0,0,0,0,0,0,0,1,2627602,0.3394518985145294,2121.0
20,129,3,84,3,1,1,2973,0,3,1,2,1,0,0,0,0,1,0,0,0,0,0,0,1,0,0,1,0,0,0,0,0,0,3683102,0.3394518985145294,2973.0
31,616,3,41,3,2,4,5855,1,3,10,2,9,7,8,5,0,1,0,0,0,0,1,0,0,1,0,0,0,0,0,0,0,0,7253469,0.6092622836831515,6494.730670964851
40,1469,4,35,3,1,2,3617,1,3,3,2,1,1,0,0,0,1,0,0,0,0,1,0,0,0,0,0,0,0,0,1,0,0,4480922,0.3394518985145294,3617.0
32,498,4,93,3,2,1,6725,0,3,8,2,8,7,6,3,0,1,0,0,0,0,1,0,0,0,0,0,0,1,0,0,0,0,8331269,0.3875389564797842,6725.0
36,530,1,51,2,3,4,10325,1,3,16,6,16,7,3,7,0,0,1,0,1,0,0,0,0,0,0,0,0,0,0,0,1,0,12791130,0.5098993003743488,15589.710276365151
33,1069,3,42,2,2,4,6949,0,3,6,3,5,0,1,4,0,1,0,0,1,0,0,0,0,1,0,0,0,0,0,0,0,0,8608771,0.3394518985145294,6949.0
37,625,4,46,2,3,3,10609,0,3,17,2,14,1,11,7,0,0,1,0,1,0,0,0,0,0,0,0,0,0,0,0,1,0,13142963,0.443458486602918,15313.651084370358
45,805,2,57,3,2,2,4447,0,3,9,5,9,7,0,8,0,1,0,0,1,0,0,0,0,0,0,1,0,0,0,0,0,0,5509167,0.421224265873975,4447.0
29,1404,3,84,3,1,4,2157,0,3,3,5,3,1,0,2,0,0,1,0,0,0,0,0,1,0,0,0,0,0,0,0,0,1,2672200,0.3394518985145294,2157.0
35,1219,3,86,3,2,3,4601,0,3,5,3,5,2,1,0,0,0,1,0,0,0,1,0,0,0,0,0,0,0,0,0,1,0,5699950,0.39958552502278855,4601.0
52,1053,2,70,3,4,4,17099,0,3,26,2,9,8,7,8,0,1,0,0,1,0,0,0,0,0,0,0,1,0,0,0,0,0,21183102,0.5008627014611148,38494.8769984254
58,289,3,51,3,1,3,2479,0,4,7,4,1,0,0,0,0,1,0,0,0,0,0,0,1,0,0,0,0,0,0,1,0,0,3071110,0.5310435301564006,2555.956911257717
53,1376,2,45,3,4,3,14852,0,3,22,3,17,13,15,2,0,0,1,0,0,0,1,0,0,0,0,0,1,0,0,0,0,0,18399405,0.6594157097092069,36968.46318090171
30,231,2,62,3,3,3,7264,0,3,10,2,8,4,7,7,0,0,1,0,0,0,0,1,0,0,0,0,0,0,0,0,1,0,8999009,0.4894325396087308,10819.237967717821
38,152,3,85,3,2,4,5666,1,3,6,1,5,3,1,3,0,0,1,0,0,0,0,0,1,0,0,0,0,0,0,0,1,0,7019326,0.5631959521790572,6024.068265046539
35,882,4,92,3,3,4,7823,0,3,12,2,10,9,0,8,0,0,1,0,1,0,0,0,0,0,0,0,0,0,0,0,1,0,9691526,0.5322588414571482,11986.86091671927
39,903,5,41,4,3,3,7880,0,3,9,3,8,7,0,7,0,0,1,0,1,0,0,0,0,0,0,0,0,0,0,0,1,0,9762141,0.6001412091916399,12609.112728430122
40,1479,3,100,4,4,2,13194,1,3,22,2,1,0,0,0,0,0,1,0,1,0,0,0,0,0,0,0,0,0,0,0,1,0,16345391,0.6980126147830096,33605.36765917054
47,1379,4,64,4,2,3,5067,1,3,20,3,19,10,2,7,0,1,0,0,0,0,1,0,0,0,0,0,0,1,0,0,0,0,6277255,0.8177626228009905,6677.103209732619
36,1229,4,84,3,2,4,5079,0,3,12,3,7,7,0,7,0,0,1,0,0,0,0,0,1,0,0,0,0,0,0,0,1,0,6292121,0.38923884527503183,5079.0
31,335,2,46,2,1,1,2321,1,4,4,0,3,2,1,2,0,1,0,0,0,0,1,0,0,0,0,0,0,0,0,1,0,0,2875372,0.389971913268195,2321.0
33,722,3,38,3,4,3,17444,0,3,10,2,10,8,6,0,0,0,1,0,1,0,0,0,0,0,0,0,1,0,0,0,0,0,21610505,0.514943572498774,39640.01351800292
29,906,3,92,2,1,1,2404,1,4,3,5,0,0,0,0,0,1,0,0,1,0,0,0,0,0,0,0,0,0,0,1,0,0,2978196,0.32062782867360584,1972.7893001313485
33,461,1,53,3,1,4,3452,0,3,5,4,3,2,0,2,0,1,0,0,1,0,0,0,0,0,0,0,0,0,0,1,0,0,4276511,0.3394518985145294,3452.0
45,974,4,91,3,1,4,2270,0,3,8,2,5,3,0,2,0,1,0,0,0,0,1,0,0,0,0,1,0,0,0,0,0,0,2812190,0.3394518985145294,2270.0
50,1126,2,66,3,4,4,17399,0,4,32,1,5,4,1,3,0,1,0,0,0,0,1,0,0,0,0,0,0,0,1,0,0,0,21554757,0.7377695570453039,45353.178784546864
33,827,4,84,4,2,2,5488,1,3,6,2,6,5,1,2,0,1,0,0,0,0,0,1,0,1,0,0,0,0,0,0,0,0,6798811,0.6696131418553674,6418.836922502257
41,840,3,64,3,5,3,19419,0,3,21,2,18,16,0,11,0,1,0,0,0,0,1,0,0,0,0,0,0,0,1,0,0,0,24057235,0.6544285779111884,64254.69710891474
27,1134,4,37,3,1,2,2811,0,3,4,2,2,2,2,2,0,1,0,0,0,0,0,0,1,0,0,1,0,0,0,0,0,0,3482408,0.3394518985145294,2811.0
45,248,2,42,3,2,1,3633,1,3,9,2,9,8,0,8,0,1,0,0,1,0,0,0,0,0,0,1,0,0,0,0,0,0,4500743,0.5962955798865269,3982.841841727752
47,955,2,83,3,2,4,4163,1,3,9,0,9,0,0,7,0,0,1,0,1,0,0,0,0,0,0,0,0,0,0,0,1,0,5157334,0.5223558335377765,4256.067335017763
30,138,3,48,3,1,3,2132,1,3,7,2,5,2,0,1,0,1,0,0,1,0,0,0,0,0,0,0,0,0,0,1,0,0,2641229,0.4126723129745755,2132.0
50,939,3,95,3,4,3,13973,1,3,22,2,12,11,1,5,0,1,0,0,1,0,0,0,0,0,0,0,0,1,0,0,0,0,17310456,0.7867596061870797,37449.5879658781
38,1391,1,66,3,1,3,2684,0,3,3,0,2,1,0,2,0,1,0,0,0,0,1,0,0,0,0,0,0,0,0,1,0,0,3325074,0.3394518985145294,2684.0
46,566,2,75,3,3,3,10845,0,3,13,3,8,7,0,7,0,1,0,0,0,0,1,0,0,0,0,0,0,1,0,0,0,0,13435332,0.5188385645459591,16471.804232500926
24,1206,1,41,2,2,3,4377,0,3,5,6,4,2,3,2,0,1,0,0,0,0,1,0,0,0,0,0,0,1,0,0,0,0,5422448,0.3394518985145294,4377.0
35,622,4,39,2,1,2,3743,1,4,5,2,4,2,0,2,0,1,0,0,0,0,0,1,0,0,0,1,0,0,0,0,0,0,4637017,0.4496844141976025,3743.0
31,853,1,96,3,2,1,4148,0,3,4,1,4,3,0,3,0,1,0,0,1,0,0,0,0,0,0,0,0,1,0,0,0,0,5138751,0.4438301816653144,4148.0
18,287,2,73,3,1,4,1051,0,3,0,2,0,0,0,0,0,1,0,0,1,0,0,0,0,0,0,0,0,0,0,1,0,0,1302032,0.22047068505209266,757.2146899897494
54,1441,3,56,3,3,3,10739,0,3,22,2,10,7,0,8,0,1,0,0,0,0,0,0,1,0,0,0,0,1,0,0,0,0,13304014,0.5988965540062189,17170.550093472786
35,583,4,57,3,3,3,10388,1,3,16,3,16,10,10,1,0,1,0,0,0,0,1,0,0,1,0,0,0,0,0,0,0,0,12869177,0.7188582814406422,17855.499827605392
30,153,2,73,4,3,1,11416,1,3,9,4,8,7,1,7,0,1,0,0,1,0,0,0,0,0,0,0,0,0,1,0,0,0,14142716,0.797387432675622,20518.974931424902
20,1097,3,98,2,1,1,2600,1,3,1,2,1,0,0,0,0,1,0,0,0,0,1,0,0,0,0,0,0,0,0,1,0,0,3221011,0.3394518985145294,2600.0
30,109,3,60,3,1,2,2422,0,3,4,3,3,2,1,2,0,1,0,0,0,0,1,0,0,0,0,1,0,0,0,0,0,0,3000496,0.36091240934943414,2422.0
26,1066,2,32,4,2,4,5472,0,3,8,2,8,7,1,3,0,1,0,0,0,0,1,0,0,0,0,0,0,1,0,0,0,0,6778989,0.6308124912230718,6187.8059519726485
22,217,1,94,1,1,1,2451,0,3,4,3,4,3,1,1,0,1,0,0,1,0,0,0,0,0,0,1,0,0,0,0,0,0,3036422,0.3394518985145294,2451.0
48,277,3,97,2,2,3,4240,0,3,19,0,2,2,2,2,0,1,0,0,1,0,0,0,0,1,0,0,0,0,0,0,0,0,5252725,0.3394518985145294,4240.0
48,1355,4,78,2,3,3,10999,0,3,27,3,15,11,4,8,0,1,0,0,1,0,0,0,0,1,0,0,0,0,0,0,0,0,13626115,0.495375833116554,16447.638788448978
41,549,2,42,3,2,3,5003,0,3,8,6,2,2,2,1,0,1,0,0,0,0,1,0,0,0,0,0,0,1,0,0,0,0,6197968,0.3660768200936585,5003.0
39,466,1,65,2,4,4,12742,0,3,21,3,21,6,11,8,0,1,0,0,1,0,0,0,0,0,0,0,0,1,0,0,0,0,15785431,0.5494169876509619,29614.006884972838
27,1055,4,47,3,2,4,4227,0,3,4,2,3,2,2,2,0,1,0,0,1,0,0,0,0,0,0,0,0,1,0,0,0,0,5236620,0.43346291637187184,4227.0
35,802,3,45,3,1,4,3917,0,4,3,4,3,2,1,2,0,1,0,0,0,0,0,1,0,0,0,1,0,0,0,0,0,0,4852577,0.5560313801620035,4136.4749160945685
42,265,2,90,3,5,3,18303,0,3,21,3,1,0,0,0,0,0,1,0,0,1,0,0,0,0,0,0,1,0,0,0,0,0,22674678,0.525944442201198,55858.72225121705
50,804,3,64,3,1,4,2380,0,3,8,5,1,0,0,0,0,1,0,0,1,0,0,0,0,0,0,1,0,0,0,0,0,0,2948464,0.3394518985145294,2380.0
59,715,3,69,2,4,4,13726,1,3,30,4,5,3,4,3,0,1,0,0,1,0,0,0,0,0,0,0,0,1,0,0,0,0,17004460,0.39763880475842617,28775.985351171235
37,1141,2,61,1,2,2,4777,0,3,15,2,1,0,0,0,0,1,0,0,0,0,1,0,0,1,0,0,0,0,0,0,0,0,5917988,0.3394518985145294,4777.0
55,135,4,62,3,2,2,6385,1,3,17,3,8,7,6,7,0,1,0,0,0,0,1,0,0,1,0,0,0,0,0,0,0,0,7910059,0.5522373579998087,6718.535530828779
41,247,1,55,1,5,3,19973,0,4,21,3,21,16,5,10,0,1,0,0,1,0,0,0,0,0,0,0,0,0,1,0,0,0,24743558,0.672232009276242,66798.97984254877
38,1035,4,42,3,2,4,6861,1,3,19,1,1,0,0,0,0,0,1,0,1,0,0,0,0,0,0,0,0,0,0,0,1,0,8499752,0.47565246929088245,6861.0
26,265,2,79,1,2,1,4969,0,3,7,6,2,2,2,2,0,0,1,0,0,0,1,0,0,0,0,0,0,0,0,0,1,0,6155847,0.3394518985145294,4969.0
52,266,1,57,1,5,4,19845,0,3,33,3,32,14,6,9,0,0,1,0,0,1,0,0,0,0,0,0,1,0,0,0,0,0,24584985,0.4507221349291608,57579.16153533839
44,1448,3,53,4,4,4,13320,1,3,23,2,12,11,11,11,0,0,1,0,0,0,1,0,0,0,0,0,0,0,0,0,1,0,16501487,0.9146724478821199,38255.15550868476
50,145,3,95,3,2,3,6347,0,3,19,3,18,7,0,13,0,0,1,0,1,0,0,0,0,0,0,0,0,0,0,0,1,0,7862983,0.5635647703574093,6750.445597458477
36,885,4,43,4,1,1,2743,0,3,18,1,17,13,15,14,0,1,0,0,1,0,0,0,0,0,0,1,0,0,0,0,0,0,3398167,0.5993574509244749,3015.537487885835
39,945,3,82,3,3,1,10880,1,3,21,2,21,6,2,8,0,1,0,0,0,0,1,0,0,0,0,0,0,1,0,0,0,0,13478692,0.8547837510991713,20180.047211958983
33,1038,1,88,2,1,4,2342,0,3,3,2,2,2,2,2,0,0,1,0,1,0,0,0,0,0,0,0,0,0,0,0,0,1,2901388,0.3394518985145294,2342.0
45,1234,2,90,3,4,4,17650,0,3,26,4,9,3,1,1,0,0,1,0,1,0,0,0,0,0,0,0,1,0,0,0,0,0,21865709,0.5921925389150112,42153.29746777492
32,1109,4,69,3,1,3,4025,0,3,10,2,8,7,7,7,0,1,0,0,0,0,1,0,0,0,0,1,0,0,0,0,0,0,4986373,0.4170155481697717,4025.0
34,216,4,75,4,2,4,9725,0,3,16,2,15,1,0,9,0,0,1,0,0,1,0,0,0,0,0,0,0,0,0,0,1,0,12047820,0.6392408828831443,11079.11758603858
59,1089,2,66,3,3,4,11904,1,3,14,1,6,4,0,4,0,0,1,0,0,0,0,0,1,0,0,0,1,0,0,0,0,0,14747275,0.5851101161457567,18869.150822599087
45,788,4,36,3,1,2,2177,0,3,6,3,6,3,0,4,1,0,0,0,0,0,1,0,0,0,1,0,0,0,0,0,0,0,2696977,0.36895074571940645,2177.0
53,124,3,38,2,3,2,7525,0,3,30,2,15,7,6,12,0,0,1,0,0,1,0,0,0,0,0,0,0,0,0,0,1,0,9322349,0.41470795790632564,10645.677383245102
36,660,3,81,3,2,3,4834,0,3,9,3,1,0,0,0,0,1,0,0,0,0,0,1,0,0,0,1,0,0,0,0,0,0,5988603,0.3394518985145294,4834.0
26,342,3,57,3,1,1,2042,1,3,6,2,3,2,1,2,0,1,0,0,1,0,0,0,0,0,0,0,0,0,0,1,0,0,2529732,0.3394518985145294,2042.0
34,1333,4,87,3,1,3,2220,1,3,1,2,1,1,0,0,0,0,1,0,1,0,0,0,0,0,0,0,0,0,0,0,0,1,2750248,0.4454467813941,2220.0
28,1144,1,74,3,1,2,1052,0,4,1,5,1,0,0,0,0,0,1,0,0,0,1,0,0,0,0,0,0,0,0,0,0,1,1303271,0.3856957579761706,1052.0
38,1186,4,44,3,1,3,2821,0,3,8,2,2,2,2,2,0,1,0,0,0,0,0,1,0,0,0,0,0,0,0,1,0,0,3494797,0.3394518985145294,2821.0
50,1464,4,62,3,5,3,19237,1,3,29,2,8,1,7,7,0,1,0,0,0,0,1,0,0,0,0,0,0,0,1,0,0,0,23831764,0.6670868562142916,64139.49970598866
37,124,3,35,3,2,2,4107,0,3,8,3,4,3,0,1,0,1,0,0,0,0,0,1,0,1,0,0,0,0,0,0,0,0,5087958,0.45315141797704006,4107.0
40,300,3,74,3,2,1,8396,0,3,8,3,7,7,7,5,0,0,1,0,0,1,0,0,0,0,0,0,0,0,0,0,1,0,10401388,0.3978103432557555,8396.0
26,921,1,66,2,1,3,2007,0,3,5,5,5,3,1,3,0,1,0,0,0,0,1,0,0,0,0,0,0,0,0,1,0,0,2486373,0.3394518985145294,2007.0
46,430,4,40,3,5,4,19627,0,3,23,0,2,2,2,2,0,1,0,0,0,0,1,0,0,0,0,0,0,0,1,0,0,0,24314916,0.632329288001804,64075.45387122282
54,1082,4,41,2,3,3,10686,0,3,13,4,9,4,7,0,0,0,1,0,1,0,0,0,0,0,0,0,0,0,0,0,1,0,13238355,0.3394518985145294,14313.382987526262
56,1240,3,63,3,1,3,2942,0,3,18,4,5,4,0,3,0,1,0,0,0,0,1,0,0,0,0,0,0,0,0,1,0,0,3644698,0.3394518985145294,2942.0
36,796,5,51,2,3,4,8858,0,3,15,2,14,8,7,8,0,1,0,0,0,0,1,0,0,0,0,0,0,1,0,0,0,0,10973736,0.38317343899412293,12252.150322609941
55,444,1,40,2,4,1,16756,0,3,31,3,9,7,6,2,0,1,0,0,0,0,1,0,0,0,0,0,1,0,0,0,0,0,20758176,0.4330755674371388,36018.92131196505
43,415,3,79,2,3,4,10798,0,3,18,5,1,0,0,0,0,0,1,0,0,0,1,0,0,0,0,0,0,0,0,0,1,0,13377106,0.3394518985145294,14463.401600159888
20,769,3,54,3,1,4,2323,1,3,2,3,2,2,0,2,0,0,1,0,0,1,0,0,0,0,0,0,0,0,0,0,0,1,2877849,0.42578857668373127,2323.0
21,1334,3,36,2,1,1,1416,0,3,1,6,1,0,1,0,0,1,0,0,1,0,0,0,0,0,0,1,0,0,0,0,0,0,1754212,0.3394518985145294,1416.0
46,1003,4,74,2,2,1,4615,1,4,19,2,16,13,1,7,0,1,0,0,1,0,0,0,0,0,0,0,0,0,0,1,0,0,5717294,0.6743856102689557,5419.789591391231
51,1323,4,34,3,1,3,2461,1,3,18,2,10,0,2,7,0,1,0,0,1,0,0,0,0,0,0,0,0,0,0,1,0,0,3048811,0.518056961457789,2505.4381821476186
28,1366,2,72,2,3,1,8722,0,3,10,2,10,7,1,9,0,1,0,0,0,0,0,0,1,1,0,0,0,0,0,0,0,0,10805253,0.3394518985145294,11682.699458843725
26,192,2,59,2,1,1,3955,0,3,6,2,5,3,1,3,0,1,0,0,0,0,1,0,0,0,0,1,0,0,0,0,0,0,4899653,0.3394518985145294,3955.0
30,1176,3,85,3,2,1,9957,0,3,7,1,6,2,0,2,0,1,0,0,0,0,0,1,0,0,0,0,0,1,0,0,0,0,12335233,0.43540302973716116,9957.0
41,509,2,43,4,1,3,3376,0,3,10,3,10,6,0,8,0,1,0,0,0,0,0,0,1,0,0,0,0,0,0,1,0,0,4182359,0.5336760680998943,3489.6904059052436
38,330,1,65,2,3,3,8823,0,3,20,4,19,9,1,9,0,1,0,0,1,0,0,0,0,1,0,0,0,0,0,0,0,0,10930377,0.5120376982982848,13340.708612085768
40,1492,4,61,3,3,4,10322,0,4,14,6,11,10,11,1,0,1,0,0,0,0,0,0,1,1,0,0,0,0,0,0,0,0,12787413,0.6794835317422027,17335.629014643015
27,1277,5,87,1,1,3,4621,0,3,3,4,3,2,1,2,0,1,0,0,1,0,0,0,0,0,0,1,0,0,0,0,0,0,5724727,0.3394518985145294,4621.0
55,1091,1,65,3,3,2,10976,0,3,23,4,3,2,1,2,0,1,0,0,1,0,0,0,0,0,0,0,0,1,0,0,0,0,13597621,0.4146998445202047,15527.745493453765
28,857,3,59,3,2,3,3660,0,3,10,4,8,7,1,7,0,1,0,0,0,0,0,1,0,0,0,0,0,0,0,1,0,0,4534192,0.4232651304821937,3660.0
44,1376,2,91,2,3,1,10482,0,3,24,1,20,6,3,6,1,0,0,0,0,0,1,0,0,0,1,0,0,0,0,0,0,0,12985629,0.4923053323292361,15642.344493475053
33,654,3,34,2,3,4,7119,0,3,9,2,3,2,1,2,0,1,0,0,1,0,0,0,0,1,0,0,0,0,0,0,0,0,8819376,0.3394518985145294,9535.558065524934
35,1204,3,86,3,3,1,9582,1,4,9,2,8,7,4,7,0,0,1,0,0,0,0,0,1,0,0,0,0,0,0,0,1,0,11870664,0.8535332903407752,17760.555988045307
33,827,4,54,2,2,3,4508,0,4,14,4,13,7,3,8,0,1,0,0,0,0,1,0,0,0,0,0,0,0,0,1,0,0,5584737,0.5204530931922956,4600.202544110868
28,895,2,50,3,1,3,2207,0,3,4,5,4,2,2,2,0,1,0,0,1,0,0,0,0,0,0,1,0,0,0,0,0,0,2734143,0.38964649449733024,2207.0
34,618,1,45,3,2,4,7756,0,3,7,1,6,2,0,4,0,1,0,0,1,0,0,0,0,1,0,0,0,0,0,0,0,0,9608523,0.4203163249619042,7756.0
37,309,4,88,2,2,4,6694,1,3,8,5,1,0,0,0,0,0,1,0,1,0,0,0,0,0,0,0,0,0,0,0,1,0,8292864,0.43943729282172994,6694.0
25,1219,1,32,3,1,4,3691,1,3,7,3,7,7,5,6,0,1,0,0,0,0,0,0,1,0,0,1,0,0,0,0,0,0,4572597,0.4931489907343285,3691.0
26,1330,3,37,3,1,3,2377,0,4,1,0,1,1,0,0,0,1,0,0,0,0,1,0,0,0,0,1,0,0,0,0,0,0,2944747,0.40632758454962503,2377.0
33,1017,3,55,2,1,2,2313,1,4,5,0,2,2,2,2,0,1,0,0,0,0,1,0,0,0,0,0,0,0,0,1,0,0,2865461,0.4675246713106239,2313.0
42,469,2,35,3,4,1,17665,0,3,23,3,22,6,13,7,0,1,0,0,0,0,1,0,0,0,0,0,1,0,0,0,0,0,21884291,0.7439898213073658,46211.37029009192
28,1009,3,45,2,1,2,2596,0,3,1,2,1,0,0,0,0,1,0,0,0,0,1,0,0,0,0,1,0,0,0,0,0,0,3216056,0.3394518985145294,2596.0
50,959,4,81,3,2,3,4728,1,3,5,4,0,0,0,0,0,0,1,0,0,0,0,1,0,0,0,0,0,0,0,0,1,0,5857284,0.44762105453251866,4480.352345829749
33,970,3,30,3,2,2,4302,0,3,4,3,3,2,0,2,0,0,1,0,1,0,0,0,0,0,0,0,0,0,0,0,1,0,5329534,0.3773688952233214,4302.0
34,697,4,40,2,1,4,2979,0,3,6,2,0,0,0,0,0,1,0,0,1,0,0,0,0,0,0,0,0,0,0,1,0,0,3690535,0.1582440128426178,1960.9089142581583
48,1262,4,35,4,4,4,16885,0,4,27,3,5,4,2,1,0,1,0,0,0,0,1,0,0,0,0,0,1,0,0,0,0,0,20917988,0.852745001352181,46925.39902174737
45,1050,4,65,2,2,3,5593,0,3,15,2,15,10,4,12,0,0,1,0,1,0,0,0,0,0,0,0,0,0,0,0,1,0,6928890,0.3803017282814123,5593.0
52,994,4,87,3,3,2,10445,0,3,18,4,8,6,4,0,0,1,0,0,1,0,0,0,0,1,0,0,0,0,0,0,0,0,12939792,0.558305490332815,16276.500846526253
38,770,4,73,2,3,3,8740,1,3,9,2,8,7,2,7,0,0,1,0,0,1,0,0,0,0,0,0,0,0,0,0,1,0,10827552,0.44357330696467123,12616.830702871226
29,1107,4,93,3,1,4,2514,0,4,11,1,7,5,1,7,0,1,0,0,1,0,0,0,0,0,0,0,0,0,0,1,0,0,3114470,0.5095329079361308,2537.965730551433
28,950,3,93,3,3,2,7655,0,3,10,3,9,7,1,7,0,1,0,0,0,0,1,0,0,0,0,0,0,1,0,0,0,0,9483399,0.5118777819481988,11573.424420813462
46,406,1,52,3,4,3,17465,0,3,23,3,12,9,4,9,0,0,1,0,0,1,0,0,0,0,0,0,1,0,0,0,0,0,21636521,0.6063880493525714,42083.35092291399
38,130,2,32,3,3,2,7351,0,3,10,2,1,0,0,0,0,0,1,0,0,1,0,0,0,0,0,0,0,0,0,0,1,0,9106789,0.3805446998455738,10148.384088564813
43,1082,3,83,3,3,1,10820,0,3,18,1,8,7,0,1,0,1,0,0,1,0,0,0,0,0,0,0,0,1,0,0,0,0,13404361,0.5061876264277557,16296.950117948316
39,203,3,84,3,4,4,12169,0,3,21,4,18,7,11,5,0,1,0,0,1,0,0,0,0,1,0,0,0,0,0,0,0,0,15075570,0.6134720692606913,29451.512416250025
40,1308,3,44,2,5,3,19626,0,3,21,2,20,7,4,9,0,1,0,0,0,0,1,0,0,0,0,0,0,0,1,0,0,0,24313677,0.6793954395241556,65919.62979220216
21,984,1,70,2,1,2,2070,1,3,2,6,2,2,2,2,0,1,0,0,0,0,0,0,1,0,0,0,0,0,0,1,0,0,2564420,0.3394518985145294,2070.0
39,439,3,70,3,2,2,6782,0,3,9,2,5,4,0,3,0,1,0,0,1,0,0,0,0,0,0,1,0,0,0,0,0,0,8401883,0.37104302000317324,6782.0
36,217,4,78,3,2,4,7779,0,4,18,0,11,9,0,9,0,1,0,0,1,0,0,0,0,0,0,0,0,1,0,0,0,0,9637017,0.6621299158529713,9040.208615420264
31,793,3,67,4,1,4,2791,0,3,3,4,2,2,2,2,0,0,1,0,1,0,0,0,0,0,0,0,0,0,0,0,0,1,3457631,0.342577947188176,2791.0
28,1451,1,67,2,1,2,3201,0,3,6,2,5,3,0,4,0,1,0,0,1,0,0,0,0,0,0,0,0,0,0,1,0,0,3965560,0.3394518985145294,3201.0
35,1182,2,54,3,2,4,4968,0,3,5,3,5,2,0,2,0,0,1,0,0,1,0,0,0,0,0,0,0,0,0,0,1,0,6154609,0.3394518985145294,4968.0
49,174,4,56,2,4,2,13120,0,3,22,3,9,8,2,3,0,0,1,0,0,0,0,0,1,0,0,0,0,0,0,0,1,0,16253717,0.5009990876512497,29539.662044976594
34,1003,2,95,3,2,3,4033,0,3,5,3,3,2,0,2,0,1,0,0,1,0,0,0,0,0,0,0,0,1,0,0,0,0,4996283,0.3894155146070569,4033.0
29,490,3,61,3,1,2,3291,0,3,8,2,7,5,1,1,0,1,0,0,1,0,0,0,0,0,0,0,0,0,0,1,0,0,4077056,0.382241134217178,3291.0
42,188,3,56,1,2,4,4272,0,3,16,3,1,0,0,0,0,1,0,0,0,0,1,0,0,0,0,1,0,0,0,0,0,0,5292369,0.3394518985145294,4272.0
29,718,1,79,2,2,4,5056,1,3,10,2,10,7,1,2,0,1,0,0,0,0,1,0,0,0,0,0,0,1,0,0,0,0,6263627,0.4099315657028165,5056.0
38,433,3,37,4,1,3,2844,0,3,7,2,7,6,5,0,1,0,0,1,0,0,0,0,0,0,1,0,0,0,0,0,0,0,3523290,0.5252941210464305,2915.936480256048
28,773,3,39,2,1,3,2703,1,3,3,2,3,1,0,2,0,1,0,0,1,0,0,0,0,0,0,0,0,0,0,1,0,0,3348612,0.3394518985145294,2703.0
18,247,1,80,3,1,3,1904,0,3,0,0,0,0,0,0,0,1,0,0,0,0,1,0,0,0,0,1,0,0,0,0,0,0,2358771,0.22784716798792082,1385.8210078490013
33,603,4,77,3,2,1,8224,1,3,6,3,5,2,0,3,0,0,1,0,0,1,0,0,0,0,0,0,0,0,0,0,1,0,10188305,0.5766848575731013,8854.656268681185
41,167,4,46,3,1,4,4766,1,3,6,4,1,0,0,0,0,1,0,0,1,0,0,0,0,0,0,1,0,0,0,0,0,0,5904361,0.3394518985145294,4766.0
31,874,3,72,3,1,3,2610,0,3,2,5,2,2,2,2,0,1,0,0,0,0,1,0,0,0,0,1,0,0,0,0,0,0,3233399,0.3394518985145294,2610.0
37,367,2,52,2,2,4,5731,0,3,9,2,6,2,1,3,0,1,0,0,0,0,1,0,0,1,0,0,0,0,0,0,0,0,7099851,0.389633055732061,5731.0
27,199,3,55,2,1,3,2539,0,3,4,0,4,2,2,2,0,1,0,0,1,0,0,0,0,0,0,0,0,0,0,1,0,0,3145441,0.3394518985145294,2539.0
34,1400,1,70,3,2,3,5714,0,4,6,3,6,5,1,3,0,0,1,0,1,0,0,0,0,0,0,0,0,0,0,0,1,0,7078791,0.5020949993768227,5725.970826439165
35,528,4,100,3,1,3,4323,0,3,6,2,5,4,1,4,1,0,0,0,0,0,0,0,1,0,1,0,0,0,0,0,0,0,5355550,0.3394518985145294,4323.0
29,408,1,45,2,3,1,7336,0,3,11,3,11,8,3,10,0,0,1,0,1,0,0,0,0,0,0,0,0,0,0,0,1,0,9088206,0.41679370699700624,10393.598634530037
40,593,4,88,3,3,3,13499,0,3,20,3,18,7,2,13,0,1,0,0,0,0,1,0,0,0,0,0,0,0,1,0,0,0,16723241,0.566304955046217,21143.55058816888
42,481,3,44,3,4,1,13758,1,3,22,2,21,9,13,14,0,0,1,0,1,0,0,0,0,0,0,0,0,0,0,0,1,0,17044103,0.7990005483100903,37125.97431547533
42,647,4,45,3,2,1,5155,0,3,9,3,6,4,1,5,0,0,1,0,0,1,0,0,0,0,0,0,0,0,0,0,1,0,6386274,0.47713238537538516,5155.0
35,982,4,58,2,1,3,2258,0,3,10,2,8,0,1,7,0,1,0,0,0,0,1,0,0,0,0,1,0,0,0,0,0,0,2797324,0.3394518985145294,2258.0
24,477,3,49,3,1,2,3597,0,4,6,2,4,3,1,2,0,1,0,0,0,0,1,0,0,0,0,1,0,0,0,0,0,0,4456145,0.49326331378430244,3597.0
28,1485,1,79,3,1,4,2515,1,3,1,4,1,1,0,0,0,1,0,0,1,0,0,0,0,0,0,1,0,0,0,0,0,0,3115709,0.4162964920349541,2515.0
26,1384,4,82,4,1,4,4420,0,4,8,2,8,7,0,7,0,1,0,0,0,0,1,0,0,0,0,1,0,0,0,0,0,0,5475719,0.7053475935860195,5327.6363636502065
30,852,3,72,2,2,3,6578,0,3,10,3,10,3,1,4,0,0,1,0,0,1,0,0,0,0,0,0,0,0,0,0,1,0,8149158,0.3508457912355947,6578.0
40,902,2,92,2,2,4,4422,1,3,16,3,1,1,0,0,0,1,0,0,0,0,1,0,0,0,0,0,0,0,0,1,0,0,5478196,0.35684452999516914,4422.0
35,819,3,44,2,3,2,10274,0,3,15,2,7,7,6,4,0,1,0,0,1,0,0,0,0,0,0,0,0,1,0,0,0,0,12727948,0.3896638138903984,14277.406023909953
34,669,3,97,2,2,1,5343,0,4,14,3,13,9,4,9,0,1,0,0,0,0,1,0,0,1,0,0,0,0,0,0,0,0,6619177,0.553117378961696,5626.806155792342
35,636,4,47,2,1,4,2376,0,3,2,2,2,2,2,2,0,1,0,0,0,0,0,1,0,0,0,1,0,0,0,0,0,0,2943508,0.3394518985145294,2376.0
43,1372,3,85,1,2,3,5346,0,3,7,2,4,3,1,3,0,0,1,0,0,1,0,0,0,0,0,0,0,0,0,0,1,0,6622894,0.3394518985145294,5346.0
32,862,1,76,3,1,1,2827,0,3,1,3,1,0,0,0,0,0,1,0,1,0,0,0,0,0,0,0,0,0,0,0,0,1,3502230,0.3394518985145294,2827.0
56,718,4,92,3,5,1,19943,0,3,28,2,5,2,4,2,0,1,0,0,0,0,0,0,1,0,0,0,1,0,0,0,0,0,24706392,0.5769398450103232,62897.82265808176
29,1401,1,54,3,1,4,3131,0,3,10,5,10,8,0,8,0,1,0,0,0,0,1,0,0,0,0,1,0,0,0,0,0,0,3878840,0.3426747050041109,3131.0
19,645,2,54,3,1,1,2552,0,4,1,4,1,1,0,0,0,1,0,0,1,0,0,0,0,0,0,0,0,0,0,1,0,0,3161546,0.3722655349641705,2552.0
45,1457,3,83,3,1,3,4477,1,3,7,2,3,2,0,2,0,1,0,0,0,0,1,0,0,0,0,0,0,0,0,1,0,0,5546333,0.4113206134880457,4477.0
37,977,3,56,2,2,4,6474,0,3,14,2,14,8,3,11,0,1,0,0,1,0,0,0,0,0,0,0,0,1,0,0,0,0,8020317,0.3394518985145294,6474.0
20,805,3,87,2,1,3,3033,0,3,2,2,2,2,1,2,0,1,0,0,1,0,0,0,0,0,0,1,0,0,0,0,0,0,3757433,0.3394518985145294,3033.0
44,1097,4,96,3,1,3,2936,1,3,6,4,6,4,0,2,0,1,0,0,1,0,0,0,0,0,0,0,0,0,0,1,0,0,3637265,0.4554074771149147,2936.0
53,1223,2,50,3,5,3,18606,0,3,26,6,7,7,4,7,0,1,0,0,0,0,1,0,0,0,0,0,1,0,0,0,0,0,23050050,0.550326619619606,57690.75416928477
29,942,1,69,1,1,4,2168,1,3,6,2,5,4,1,3,0,1,0,0,1,0,0,0,0,0,0,0,0,0,0,1,0,0,2685828,0.3394518985145294,2168.0
22,1256,4,48,2,1,4,2853,1,3,1,5,0,0,0,0,0,1,0,0,1,0,0,0,0,0,0,0,0,0,0,1,0,0,3534440,0.29270524376336404,2261.5880604568774
46,1402,3,69,3,4,1,17048,0,4,28,2,26,15,15,9,0,0,1,0,0,1,0,0,0,0,0,0,1,0,0,0,0,0,21119921,0.8977341858844127,48528.85860143621
44,111,3,74,1,1,3,2290,0,3,6,3,0,0,0,0,0,1,0,0,1,0,0,0,0,0,0,0,0,0,0,1,0,0,2836967,0.0,1145.0
33,147,3,99,3,1,3,3600,0,3,5,2,5,4,1,4,1,0,0,1,0,0,0,0,0,0,1,0,0,0,0,0,0,0,4459861,0.3394518985145294,3600.0
41,906,2,95,2,1,1,2107,0,3,5,2,1,0,0,0,0,1,0,0,1,0,0,0,0,0,0,0,0,0,0,1,0,0,2610258,0.3394518985145294,2107.0
30,1329,4,61,3,2,1,4115,0,3,8,3,4,3,0,3,0,0,1,0,1,0,0,0,0,0,0,0,0,0,0,0,1,0,5097869,0.4048379273672783,4115.0
40,1184,4,62,3,2,2,4327,0,3,5,2,0,0,0,0,0,0,1,0,0,0,1,0,0,0,0,0,0,0,0,0,1,0,5360505,0.3536661114001618,3693.8132640285003
50,1421,3,30,3,4,1,17856,0,4,32,3,2,2,2,2,0,1,0,0,0,0,1,0,0,0,0,0,1,0,0,0,0,0,22120912,0.5699231072327237,42048.82050412127
28,1179,4,78,2,1,1,3196,0,3,6,2,6,5,3,3,0,1,0,0,0,0,1,0,0,0,0,1,0,0,0,0,0,0,3959366,0.3394518985145294,3196.0
46,1450,2,52,3,5,2,19081,0,3,25,2,4,2,0,3,0,1,0,0,1,0,0,0,0,0,0,0,0,0,1,0,0,0,23638503,0.5689610606016179,59874.691994678935
35,1361,4,94,3,2,1,8966,1,3,15,2,7,7,1,7,0,0,1,0,1,0,0,0,0,0,0,0,0,0,0,0,1,0,11107532,0.5557284217809509,9465.661029688004
24,984,2,97,3,1,2,2210,0,3,1,3,1,0,0,0,0,1,0,0,1,0,0,0,0,0,0,1,0,0,0,0,0,0,2737859,0.3451128301520462,2210.0
33,1146,3,82,3,2,3,4539,0,3,10,3,10,7,0,1,0,0,1,0,0,0,1,0,0,0,0,0,0,0,0,0,1,0,5623142,0.49000441913333703,4539.0
36,917,4,60,1,1,3,2741,0,3,7,4,7,7,1,7,0,1,0,0,1,0,0,0,0,0,0,1,0,0,0,0,0,0,3395689,0.3394518985145294,2741.0
30,853,4,49,3,2,3,3491,0,3,10,4,10,7,8,9,0,1,0,0,1,0,0,0,0,0,0,1,0,0,0,0,0,0,4324827,0.4412364514106266,3491.0
44,200,4,32,3,2,4,4541,0,4,20,3,20,11,13,17,0,1,0,0,0,0,0,1,0,0,0,0,0,0,0,1,0,0,5625619,0.7241725738254047,5558.967657741163
20,654,3,43,4,1,4,2678,0,3,2,2,2,1,2,2,0,0,1,0,0,1,0,0,0,0,0,0,0,0,0,0,0,1,3317641,0.4926373705181569,2678.0
46,150,4,60,3,2,4,7379,0,3,12,3,6,3,1,4,0,1,0,0,0,0,0,0,1,0,0,0,0,1,0,0,0,0,9141477,0.39185586277760676,7379.0
42,179,5,79,4,2,1,6272,0,3,10,3,4,3,0,3,1,0,0,0,0,0,1,0,0,0,1,0,0,0,0,0,0,0,7770069,0.4879698172504183,6272.0
60,696,4,52,4,2,4,5220,1,3,12,3,11,7,1,9,0,0,1,0,0,1,0,0,0,0,0,0,0,0,0,0,1,0,6466799,0.6595056843565826,6052.619672341362
32,116,3,77,2,1,2,2743,0,4,2,2,2,2,2,2,0,1,0,0,0,0,0,1,0,0,0,1,0,0,0,0,0,0,3398167,0.3556443078909889,2743.0
32,1316,2,38,3,2,3,4998,1,3,10,2,8,7,0,7,0,1,0,0,1,0,0,0,0,0,0,0,0,0,0,1,0,0,6191774,0.5809790430833378,5402.733257330523
36,363,3,77,1,3,1,10252,1,4,17,2,7,7,7,7,0,1,0,0,0,0,0,0,1,0,0,0,0,1,0,0,0,0,12700694,0.5596913566463387,15989.955788338264
33,117,3,60,3,1,4,2781,0,3,15,5,14,10,4,10,0,1,0,0,0,0,1,0,0,0,0,0,0,0,0,1,0,0,3445243,0.45726208801358603,2781.0
40,107,3,84,2,2,2,6852,0,3,7,2,5,1,1,3,0,0,1,0,0,0,0,0,1,0,0,0,0,0,0,0,1,0,8488603,0.3394518985145294,6852.0
25,1356,4,57,3,2,4,4950,0,3,5,4,4,3,1,1,0,0,1,0,1,0,0,0,0,0,0,0,0,0,0,0,1,0,6132309,0.49101274291811614,4950.0
30,1465,3,63,3,1,2,3579,1,4,12,2,11,9,5,7,0,1,0,0,0,0,1,0,0,0,0,0,0,0,0,1,0,0,4433845,0.7111752634810086,4334.796267998529
42,458,5,60,3,3,1,13191,1,3,20,6,1,0,0,0,0,1,0,0,0,0,1,0,0,0,0,0,0,0,1,0,0,0,16341675,0.46781214459949283,19361.90999941191
35,1212,2,78,2,3,4,10377,1,3,16,6,13,2,4,12,0,0,1,0,0,1,0,0,0,0,0,0,0,0,0,0,1,0,12855550,0.543893628661661,16020.984184622057
27,1103,3,42,3,1,1,2235,1,3,9,3,9,7,6,8,0,1,0,0,1,0,0,0,0,0,0,0,0,0,0,1,0,0,2768831,0.42878422954638173,2235.0
54,966,4,53,3,3,3,10502,0,3,33,2,5,4,1,4,0,1,0,0,1,0,0,0,0,0,0,0,0,1,0,0,0,0,13010406,0.4989585986600096,15742.06320312742
44,1117,1,72,4,1,4,2011,0,3,10,5,10,5,7,7,0,1,0,0,1,0,0,0,0,0,0,0,0,0,0,1,0,0,2491328,0.4644590959157232,2011.0
19,504,3,96,2,1,2,1859,1,4,1,2,1,1,0,0,0,1,0,0,0,0,1,0,0,0,0,0,0,0,0,1,0,0,2303023,0.41729198946909696,1859.0
29,1010,3,97,3,1,4,3760,0,3,3,5,3,2,1,2,0,1,0,0,1,0,0,0,0,0,0,0,0,0,0,1,0,0,4658077,0.3394518985145294,3760.0
54,685,3,85,3,4,4,17779,0,3,36,2,10,9,0,9,0,1,0,0,1,0,0,0,0,0,0,0,0,0,1,0,0,0,22025520,0.6476903546798464,43941.43022377949
31,1332,2,80,3,2,1,6833,1,3,6,2,6,5,0,1,0,1,0,0,0,0,1,0,0,1,0,0,0,0,0,0,0,0,8465064,0.4784990634166474,6833.0
31,1062,3,96,2,2,1,6812,0,3,10,2,10,9,1,8,0,1,0,0,0,0,1,0,0,1,0,0,0,0,0,0,0,0,8439049,0.3394518985145294,6812.0
59,326,3,48,2,2,4,5171,0,3,13,2,6,1,0,5,0,0,1,0,1,0,0,0,0,0,0,0,0,0,0,0,1,0,6406095,0.3394518985145294,5171.0
43,920,3,96,1,5,4,19740,0,3,25,2,8,7,0,7,0,1,0,0,1,0,0,0,0,0,0,0,0,0,1,0,0,0,24454906,0.3394518985145294,52881.56095335362
49,1098,2,85,2,5,3,18711,0,3,23,2,1,0,0,0,0,1,0,0,0,0,1,0,0,0,0,0,1,0,0,0,0,0,23180129,0.3394518985145294,50124.96894621072
36,469,3,46,3,1,2,3692,0,3,12,2,11,10,0,7,0,1,0,0,0,0,0,0,1,0,0,0,0,0,0,1,0,0,4573835,0.4588234073073377,3692.0
48,969,2,76,4,1,2,2559,0,3,7,4,1,0,0,0,0,1,0,0,0,0,0,0,1,0,0,1,0,0,0,0,0,0,3170218,0.4919265454676941,2559.0
27,1167,2,76,3,1,3,2517,0,3,5,2,5,3,0,3,0,1,0,0,1,0,0,0,0,0,0,0,0,0,0,1,0,0,3118186,0.38459580680067773,2517.0
29,1329,3,82,3,2,4,6623,1,3,6,2,6,0,1,0,0,1,0,0,1,0,0,0,0,1,0,0,0,0,0,0,0,0,8204906,0.5407259641875223,6892.728060813961
48,715,3,76,2,5,4,18265,0,3,25,3,1,0,0,0,0,1,0,0,1,0,0,0,0,0,0,0,0,0,1,0,0,0,22627602,0.441011178605061,52640.138354442875
29,694,3,87,2,4,4,16124,0,3,9,2,7,7,1,7,0,1,0,0,1,0,0,0,0,0,0,0,0,0,1,0,0,0,19975223,0.40231661740460845,33916.42970854786
34,1320,3,89,4,1,3,2585,0,3,2,5,1,0,0,0,0,1,0,0,0,0,0,0,1,0,0,0,0,0,0,1,0,0,3202428,0.39565012658370347,2585.0
44,1099,3,88,3,5,2,18213,0,3,26,5,22,9,3,10,0,0,1,0,0,1,0,0,0,0,0,0,1,0,0,0,0,0,22563181,0.7873100205342262,65104.554807979715
33,536,5,82,4,3,3,8380,1,3,10,3,9,8,0,8,0,0,1,0,0,1,0,0,0,0,0,0,0,0,0,0,1,0,10381566,0.8304528205450922,15339.194636167871
19,265,3,57,4,1,4,2994,1,3,1,2,1,0,0,1,0,1,0,0,1,0,0,0,0,0,0,0,0,0,0,1,0,0,3709118,0.532171390494029,3090.321143139123
23,373,2,47,3,1,3,1223,0,4,1,2,1,0,0,1,0,1,0,0,1,0,0,0,0,0,0,0,0,0,0,1,0,0,1515114,0.5229788864221089,1251.103178094239
25,599,1,73,1,1,4,1118,1,3,1,4,1,0,1,0,0,0,1,0,1,0,0,0,0,0,0,0,0,0,0,0,0,1,1385035,0.3394518985145294,1118.0
26,583,2,53,3,1,4,2875,1,4,8,2,8,5,2,2,0,1,0,0,1,0,0,0,0,0,0,0,0,0,0,1,0,0,3561695,0.6248409555268514,3233.9177471396974
45,1449,3,94,1,5,2,18824,1,3,26,2,24,10,1,11,0,0,1,0,0,1,0,0,0,0,0,0,1,0,0,0,0,0,23320119,0.592931263271509,59970.67619964578
55,177,1,37,2,4,2,13577,1,3,34,3,33,9,15,0,0,1,0,0,0,0,1,0,0,1,0,0,0,0,0,0,0,0,16819871,0.6460096834479075,33521.81020825836
21,251,2,45,2,1,3,2625,0,4,2,2,2,2,2,2,0,1,0,0,1,0,0,0,0,0,0,1,0,0,0,0,0,0,3251982,0.3394518985145294,2625.0
46,168,2,33,2,5,2,18789,0,3,26,2,11,4,0,8,0,0,1,0,0,1,0,0,0,0,0,0,1,0,0,0,0,0,23276759,0.4815576241629089,55673.97240079379
34,131,3,86,3,2,1,4538,1,3,4,3,3,2,0,2,0,0,1,0,0,1,0,0,0,0,0,0,0,0,0,0,1,0,5621903,0.5996240976824955,4990.094155283164
51,237,3,83,3,5,2,19847,1,4,31,5,29,10,11,10,0,0,1,0,1,0,0,0,0,0,0,0,1,0,0,0,0,0,24587463,0.9659346787767532,78035.81113936445
59,1429,4,67,3,3,4,10512,0,3,25,6,9,7,5,4,0,1,0,0,0,0,1,0,0,0,0,0,0,1,0,0,0,0,13022795,0.511363802000836,15887.456286632787
34,135,3,46,3,2,2,4444,0,3,15,2,11,8,5,10,0,1,0,0,0,0,1,0,0,0,0,1,0,0,0,0,0,0,5505451,0.46505070701350615,4444.0
28,791,4,44,3,1,3,2154,1,3,5,2,4,2,0,2,0,1,0,0,0,0,1,0,0,0,0,1,0,0,0,0,0,0,2668484,0.3844675973148921,2154.0
44,1199,2,92,4,5,1,19190,0,3,26,4,25,9,14,13,0,1,0,0,1,0,0,0,0,0,0,0,1,0,0,0,0,0,23773538,0.819560088188766,69834.71618468485
34,648,3,56,2,2,2,4490,0,3,14,5,10,9,1,8,1,0,0,0,1,0,0,0,0,0,1,0,0,0,0,0,0,0,5562438,0.3934120044930549,4490.0
35,735,1,66,3,1,3,3506,1,3,4,3,3,2,2,2,0,1,0,0,1,0,0,0,0,0,0,0,0,0,0,1,0,0,4343409,0.42158277584191983,3506.0
42,603,4,78,4,2,2,2372,1,3,18,2,1,0,0,0,0,1,0,0,0,0,1,0,0,0,0,0,0,0,0,1,0,0,2938553,0.6702972256520005,2775.9450192465447
43,531,4,56,2,3,4,10231,0,3,23,3,21,7,15,17,0,0,1,0,0,1,0,0,0,0,0,0,0,0,0,0,1,0,12674678,0.4706834662996098,15046.562543711307
36,429,4,53,3,2,2,5410,1,3,18,2,16,14,5,12,0,1,0,0,1,0,0,0,0,0,0,0,0,1,0,0,0,0,6702180,0.5872943746501894,5882.262566857526
44,621,3,73,3,3,4,7978,0,3,10,2,10,7,0,5,0,1,0,0,0,0,1,0,0,1,0,0,0,0,0,0,0,0,9883548,0.4937097148964703,11916.81610544404
28,193,3,52,2,1,4,3867,1,3,2,2,2,2,2,2,0,1,0,0,1,0,0,0,0,0,0,1,0,0,0,0,0,0,4790634,0.3394518985145294,3867.0
51,968,2,40,2,1,3,2838,0,3,8,6,7,0,7,7,0,1,0,0,0,0,1,0,0,0,0,1,0,0,0,0,0,0,3515857,0.3394518985145294,2838.0
30,879,2,72,3,2,3,4695,1,3,10,3,8,4,1,7,0,1,0,0,0,0,1,0,0,0,0,0,0,1,0,0,0,0,5816402,0.6355628008107738,5331.467349806583
29,806,3,39,3,1,3,3339,1,3,10,2,7,7,7,7,0,1,0,0,0,0,0,0,1,0,0,1,0,0,0,0,0,0,4136521,0.5077791306980963,3364.9745174009436
28,640,3,84,3,1,1,2080,0,3,5,2,3,2,1,2,0,1,0,0,0,0,0,0,1,0,0,0,0,0,0,1,0,0,2576809,0.3394518985145294,2080.0
25,266,3,40,3,1,2,2096,0,3,2,3,2,2,2,1,0,1,0,0,0,0,1,0,0,0,0,0,0,0,0,1,0,0,2596630,0.3394518985145294,2096.0
32,604,3,56,4,2,4,6209,0,3,10,4,10,7,0,8,0,0,1,0,0,0,1,0,0,0,0,0,0,0,0,0,1,0,7692022,0.6585432161411781,7193.394829020575
45,364,3,83,3,5,2,18061,0,4,22,4,0,0,0,0,0,1,0,0,0,0,1,0,0,0,0,0,1,0,0,0,0,0,22374876,0.5800538444809257,57074.70497033999
39,412,4,94,2,4,2,17123,1,3,21,4,19,9,15,2,0,1,0,0,0,0,1,0,0,0,0,0,1,0,0,0,0,0,21212834,0.6936850489524861,43501.45363982013
58,848,4,88,3,1,3,2372,0,3,2,3,2,2,2,2,0,1,0,0,1,0,0,0,0,0,0,0,0,0,0,1,0,0,2938553,0.3394518985145294,2372.0
32,1089,2,79,3,2,3,4883,0,3,10,3,10,4,1,1,0,1,0,0,1,0,0,0,0,0,0,1,0,0,0,0,0,0,6049306,0.49572639998626067,4883.0
39,360,3,93,3,1,1,3904,0,3,6,2,5,2,0,3,0,1,0,0,0,0,1,0,0,0,0,0,0,0,0,1,0,0,4836472,0.3394518985145294,3904.0
30,1138,3,48,2,2,4,4627,0,3,10,6,9,2,6,7,0,1,0,0,0,0,0,0,1,0,0,1,0,0,0,0,0,0,5732161,0.3963578989865568,4627.0
36,325,4,63,3,3,3,7094,0,3,10,0,7,7,1,7,0,1,0,0,0,0,0,0,1,1,0,0,0,0,0,0,0,0,8788404,0.5566213740356284,11042.67202740875
46,991,2,44,3,1,1,3423,0,3,10,3,7,6,5,7,1,0,0,0,1,0,0,0,0,0,1,0,0,0,0,0,0,0,4240585,0.3635886352554548,3423.0
28,1476,3,55,1,2,4,6674,0,3,10,6,9,8,7,5,0,1,0,0,1,0,0,0,0,0,0,1,0,0,0,0,0,0,8268087,0.3394518985145294,6674.0
50,1322,3,43,3,4,1,16880,1,3,25,2,3,2,1,2,0,1,0,0,1,0,0,0,0,0,0,0,0,0,1,0,0,0,20911794,0.6494905144682316,41765.09982633562
40,299,4,57,2,3,2,9094,1,3,9,2,5,4,1,0,0,0,1,0,0,1,0,0,0,0,0,0,0,0,0,0,1,0,11266105,0.42890664014506663,12994.476985479238
52,1030,3,64,3,3,2,8446,1,3,10,2,8,7,7,7,0,0,1,0,1,0,0,0,0,0,0,0,0,0,0,0,1,0,10463330,0.599561833576639,13509.899246388291
30,634,4,95,3,3,1,11916,1,4,9,2,9,1,0,8,0,1,0,0,0,0,1,0,0,0,0,0,1,0,0,0,0,0,14762141,0.8290789987264019,21795.305348823807
39,524,2,32,3,2,3,4534,0,3,9,6,8,7,1,7,0,1,0,0,1,0,0,0,0,0,0,0,0,1,0,0,0,0,5616947,0.5593139054622255,4802.929247365731
31,587,4,57,3,3,3,9852,1,3,10,5,10,8,9,6,0,0,1,0,1,0,0,0,0,0,0,0,0,0,0,0,1,0,12205154,0.6318626437231613,16077.110765960586
41,256,2,40,1,2,2,6151,0,3,19,4,19,2,11,9,0,0,1,0,0,0,1,0,0,0,0,0,0,0,0,0,1,0,7620168,0.340563897506422,6151.0
31,1060,3,54,3,1,2,2302,1,3,3,2,3,2,2,2,0,0,1,0,1,0,0,0,0,0,0,0,0,0,0,0,0,1,2851833,0.3394518985145294,2302.0
44,935,3,89,3,1,1,2362,0,3,10,4,3,2,1,2,0,1,0,0,1,0,0,0,0,0,0,1,0,0,0,0,0,0,2926165,0.3394518985145294,2362.0
42,495,1,37,3,4,3,17861,1,3,21,3,20,8,2,10,0,1,0,0,1,0,0,0,0,0,0,0,1,0,0,0,0,0,22127106,0.8351336294564472,49165.982633582404
55,282,2,58,1,5,3,19187,0,3,23,5,19,9,9,11,0,1,0,0,0,0,1,0,0,0,0,0,1,0,0,0,0,0,23769822,0.4196456674790462,54477.482843840924
56,206,4,99,3,5,2,19717,0,3,36,4,7,3,7,7,1,0,0,0,1,0,0,0,0,0,0,0,1,0,0,0,0,0,24426412,0.6262497696277524,64129.53341550078
40,458,2,74,3,1,3,3544,0,3,6,0,4,2,0,0,0,1,0,0,1,0,0,0,0,0,0,0,0,0,0,1,0,0,4390486,0.36788788038644715,3544.0
34,943,3,86,3,3,4,8500,0,3,10,0,9,7,1,6,0,1,0,0,1,0,0,0,0,1,0,0,0,0,0,0,0,0,10530228,0.6009244820462248,13607.858097392911
40,523,3,98,3,2,4,4661,0,3,9,4,9,8,8,8,0,1,0,0,1,0,0,0,0,0,0,0,0,0,0,1,0,0,5774281,0.4438900405047015,4661.0
41,1018,3,66,3,2,1,4103,0,3,10,2,9,3,1,7,0,0,1,0,0,1,0,0,0,0,0,0,0,0,0,0,1,0,5083003,0.4639897343202555,4103.0
35,482,4,87,3,2,3,4249,1,3,9,3,9,6,1,1,0,1,0,0,1,0,0,0,0,0,0,0,0,0,0,1,0,0,5263875,0.5410379213165398,4423.370127673978
51,770,3,84,3,4,2,14026,1,3,33,2,33,9,0,10,1,0,0,0,1,0,0,0,0,0,0,0,1,0,0,0,0,0,17376115,0.8499393385608233,38920.87374398116
38,1009,2,31,3,2,1,6893,0,3,11,3,7,7,1,7,0,0,1,0,1,0,0,0,0,0,0,0,0,0,0,0,1,0,8539395,0.42165279372572395,6893.0
34,507,2,66,3,2,1,6125,0,3,10,6,10,8,9,6,0,0,1,0,0,0,1,0,0,0,0,0,0,0,0,0,1,0,7587958,0.421683600897804,6125.0
25,882,1,67,3,1,4,3669,0,3,7,6,3,2,1,2,0,1,0,0,0,0,1,0,0,0,0,1,0,0,0,0,0,0,4545342,0.3394518985145294,3669.0
58,601,4,53,2,3,1,10008,1,3,31,0,10,9,5,9,0,1,0,0,0,0,1,0,0,0,0,0,0,1,0,0,0,0,12398414,0.5486851007708776,15499.240488514944
40,329,4,88,3,1,2,2387,0,4,7,3,4,2,0,3,0,1,0,0,1,0,0,0,0,0,0,1,0,0,0,0,0,0,2957136,0.41938312869651506,2387.0
36,607,3,83,4,2,1,4639,0,3,17,2,15,7,6,13,0,0,1,0,0,1,0,0,0,0,0,0,0,0,0,0,1,0,5747027,0.6110283761938521,5154.06063716328
48,855,3,54,3,3,4,7898,0,3,11,2,10,9,0,8,0,1,0,0,1,0,0,0,0,0,0,0,0,1,0,0,0,0,9784440,0.6114887470997065,12727.538124593482
27,1291,3,98,4,1,4,2534,0,3,5,4,1,0,0,0,0,0,1,0,0,0,1,0,0,0,0,0,0,0,0,0,0,1,3139247,0.44043011177561464,2534.0
51,1405,2,82,2,4,2,13142,0,3,29,1,5,2,0,3,0,1,0,0,0,0,0,0,1,0,0,0,0,1,0,0,0,0,16280971,0.380200758978011,27207.897561733527
18,1124,3,97,3,1,4,1611,0,3,0,5,0,0,0,0,0,1,0,0,1,0,0,0,0,0,0,1,0,0,0,0,0,0,1995788,0.2921749655830971,1276.1938695543695
35,817,3,60,2,2,4,5363,0,3,10,0,9,7,0,0,0,1,0,0,0,0,1,0,0,0,0,1,0,0,0,0,0,0,6643954,0.3394518985145294,5363.0
27,793,1,43,1,2,4,5071,0,4,8,3,6,2,0,0,0,0,1,0,1,0,0,0,0,0,0,0,0,0,0,0,1,0,6282210,0.3394518985145294,5071.0
55,267,4,85,4,4,3,13695,1,3,24,2,19,7,3,8,0,0,1,0,0,1,0,0,0,0,0,0,0,0,0,0,1,0,16966056,0.8001564350696967,36979.71356741925
56,1369,3,68,3,4,2,13402,1,3,33,0,19,16,15,9,0,1,0,0,1,0,0,0,0,0,0,0,0,1,0,0,0,0,16603072,0.7702839593252003,35588.0184343145
34,999,1,92,2,1,3,2029,0,4,5,2,5,4,0,0,0,1,0,0,0,0,0,0,1,0,0,0,0,0,0,1,0,0,2513627,0.36605880244118416,2029.0
40,1202,1,89,4,2,3,6377,0,4,15,0,12,11,11,8,0,1,0,0,0,0,1,0,0,1,0,0,0,0,0,0,0,0,7900149,0.7985964746090076,8281.14971858164
34,285,3,86,3,2,3,5429,0,3,10,1,8,7,7,7,0,1,0,0,0,0,1,0,0,0,0,1,0,0,0,0,0,0,6725719,0.47629847739134756,5429.0
31,703,3,90,2,1,4,2785,0,3,3,3,1,0,0,0,0,0,1,0,1,0,0,0,0,0,0,0,0,0,0,0,0,1,3450198,0.3394518985145294,2785.0
35,662,4,67,3,2,3,4614,1,3,5,0,4,2,3,2,0,0,1,0,0,1,0,0,0,0,0,0,0,0,0,0,1,0,5716056,0.5403885541818646,4800.352788995123
38,693,3,57,4,1,3,2610,0,3,4,2,4,2,0,3,0,1,0,0,1,0,0,0,0,0,0,0,0,0,0,1,0,0,3233399,0.43127735084226493,2610.0
34,404,4,98,3,2,4,6687,0,3,14,2,14,11,4,11,0,1,0,0,0,0,0,0,1,1,0,0,0,0,0,0,0,0,8284192,0.6195322689403907,7486.312282404393
28,736,3,48,2,2,1,4724,0,3,5,0,5,3,0,4,0,0,1,0,1,0,0,0,0,0,0,0,0,0,0,0,1,0,5852329,0.3956777441320183,4724.0
31,330,4,98,3,2,3,6179,1,3,10,3,10,2,6,7,0,1,0,0,0,0,1,0,0,0,0,0,0,1,0,0,0,0,7654856,0.6135972793604166,6880.917589168013
39,1498,4,44,2,2,4,6120,1,3,8,2,5,4,1,4,0,0,1,0,1,0,0,0,0,0,0,0,0,0,0,0,1,0,7581764,0.3394518985145294,6120.0
51,541,3,52,3,3,2,10596,0,3,14,5,4,2,3,2,0,0,1,0,0,1,0,0,0,0,0,0,0,0,0,0,1,0,13126858,0.4713322836741951,15590.23687781177
41,1200,3,75,3,2,4,5467,1,3,12,4,6,2,3,3,0,1,0,0,1,0,0,0,0,0,0,0,0,0,0,1,0,0,6772795,0.44873628790255415,5467.0
37,1439,1,54,3,1,3,2996,1,3,8,2,6,4,1,3,0,1,0,0,1,0,0,0,0,0,0,0,0,0,0,1,0,0,3711596,0.5031403664911122,3005.4085380073725
33,1111,1,61,3,2,4,9998,0,3,8,2,5,4,1,2,0,0,1,0,1,0,0,0,0,0,0,0,0,0,0,0,1,0,12386026,0.3561791434671082,9998.0
32,499,1,36,3,2,2,4078,1,3,4,3,3,2,1,2,0,0,1,0,0,1,0,0,0,0,0,0,0,0,0,0,1,0,5052032,0.5358598254072432,4224.236368010738
39,1485,2,71,3,3,3,10920,0,4,13,2,6,4,0,5,0,1,0,0,1,0,0,0,0,1,0,0,0,0,0,0,0,0,13528246,0.650441709430199,18022.82346697777
25,1372,1,93,4,2,3,6232,0,3,6,3,3,2,1,2,0,0,1,0,1,0,0,0,0,0,0,0,0,0,0,0,1,0,7720515,0.562812924969576,6623.4501484103985
52,322,2,59,4,4,3,13247,1,3,24,3,5,3,0,2,0,1,0,0,0,0,1,0,0,0,0,0,0,1,0,0,0,0,16411051,0.8938023565410803,37630.79972564954
43,930,3,73,2,2,3,4081,1,3,20,3,20,7,1,8,0,1,0,0,0,0,1,0,0,0,0,0,0,0,0,1,0,0,5055748,0.5351534630681948,4224.4612827813025
27,205,3,98,2,2,4,5769,1,3,6,3,6,2,4,4,0,0,1,0,0,1,0,0,0,0,0,0,0,0,0,0,1,0,7146928,0.439458276160278,5769.0
27,135,4,51,3,1,3,2394,1,3,8,2,8,2,7,7,0,1,0,0,1,0,0,0,0,0,0,0,0,0,0,1,0,0,2965808,0.42864384425808855,2394.0
26,683,1,36,2,1,4,3904,0,3,5,2,4,3,1,1,0,1,0,0,0,0,1,0,0,0,0,0,0,0,0,1,0,0,4836472,0.3394518985145294,3904.0
42,1147,3,31,3,4,1,16799,0,3,21,5,20,7,0,9,1,0,0,1,0,0,0,0,0,0,0,0,1,0,0,0,0,0,20811447,0.6825489120284981,42397.70875975011
52,258,4,54,3,1,1,2950,0,3,12,2,5,4,0,4,0,1,0,0,0,0,0,1,0,0,0,1,0,0,0,0,0,0,3654609,0.37873894009854814,2950.0
37,1462,3,94,3,1,3,3629,0,3,8,6,3,2,0,2,0,1,0,0,0,0,1,0,0,0,0,1,0,0,0,0,0,0,4495788,0.3394518985145294,3629.0
35,200,2,60,3,3,4,9362,0,3,10,2,2,2,2,2,0,1,0,0,1,0,0,0,0,0,0,0,0,1,0,0,0,0,11598117,0.4050523994610409,13154.100563754264
25,949,3,81,3,1,4,3229,0,3,7,2,3,2,0,2,0,1,0,0,0,0,0,0,1,0,0,1,0,0,0,0,0,0,4000248,0.3394518985145294,3229.0
26,652,3,100,4,1,1,3578,0,3,8,2,7,7,0,7,0,1,0,0,0,0,0,1,0,0,0,1,0,0,0,0,0,0,4432607,0.5165592865410552,3637.249127243896
29,332,3,51,2,3,1,7988,0,3,10,3,10,9,0,9,1,0,0,0,0,0,0,1,0,0,1,0,0,0,0,0,0,0,9895937,0.3722592285417107,10961.606717591185
49,1475,2,97,2,2,1,4284,0,4,20,2,4,3,1,3,0,1,0,0,1,0,0,0,0,0,0,1,0,0,0,0,0,0,5307235,0.3849986575590112,4284.0
29,337,1,84,3,3,4,7553,1,3,9,1,8,7,7,7,0,1,0,0,0,0,0,1,0,1,0,0,0,0,0,0,0,0,9357037,0.6056335907716649,12127.350511098386
54,971,3,54,3,4,4,17328,0,3,29,3,20,7,12,7,0,1,0,0,0,0,1,0,0,0,0,0,0,0,1,0,0,0,21466799,0.57489528632389,40934.678282130546
58,1055,3,76,3,5,1,19701,1,4,32,3,9,8,1,5,0,1,0,0,0,0,1,0,0,0,0,0,0,0,1,0,0,0,24406591,0.8391305511013102,72465.42197449383
55,1136,4,81,4,4,4,14732,0,3,31,4,7,7,0,0,0,1,0,0,0,0,1,0,0,0,0,0,0,0,1,0,0,0,18250743,0.5612614545954341,34500.7556236499
36,1174,4,99,3,2,2,9278,1,3,15,3,5,4,0,1,0,0,1,0,0,1,0,0,0,0,0,0,0,0,0,0,1,0,11494054,0.5455261448047931,9700.39157149887
31,667,4,50,1,1,3,1359,0,3,1,3,1,0,0,0,0,0,1,0,1,0,0,0,0,0,0,0,0,0,0,0,0,1,1683598,0.3394518985145294,1359.0
30,855,4,73,3,2,1,4779,0,3,8,3,3,2,0,2,0,0,1,0,0,1,0,0,0,0,0,0,0,0,0,0,1,0,5920466,0.45830154953260294,4779.0
31,182,5,93,3,4,2,16422,0,3,9,3,3,2,1,0,0,1,0,0,1,0,0,0,0,0,0,0,0,0,1,0,0,0,20344400,0.4351808341949297,35352.8094887237
34,560,4,91,3,1,1,2996,0,3,10,2,4,3,1,3,0,1,0,0,0,0,0,1,0,0,0,0,0,0,0,1,0,0,3711596,0.34771141390543625,2996.0
31,202,3,34,2,1,2,1261,0,3,1,3,1,0,0,0,0,1,0,0,1,0,0,0,0,0,0,0,0,0,0,1,0,0,1562190,0.3394518985145294,1261.0
27,1377,1,91,3,1,1,2099,0,3,6,3,5,0,1,4,0,1,0,0,1,0,0,0,0,0,0,1,0,0,0,0,0,0,2600347,0.3394518985145294,2099.0
36,172,4,37,2,2,4,5810,0,3,10,2,10,4,1,8,0,1,0,0,1,0,0,0,0,0,0,1,0,0,0,0,0,0,7197721,0.3394518985145294,5810.0
36,329,4,98,2,2,1,5647,0,3,11,3,3,2,0,2,0,0,1,0,0,1,0,0,0,0,0,0,0,0,0,0,1,0,6995788,0.3394518985145294,5647.0
47,465,3,74,3,1,4,3420,0,3,17,2,6,5,1,2,0,1,0,0,0,0,0,0,1,0,0,0,0,0,0,1,0,0,4236868,0.3394518985145294,3420.0
25,383,2,68,2,1,1,4400,0,3,6,2,3,2,2,2,0,0,1,0,1,0,0,0,0,0,0,0,0,0,0,0,0,1,5450942,0.3394518985145294,4400.0
37,1413,2,84,4,1,3,3500,0,3,7,2,6,5,1,3,0,1,0,0,0,0,0,0,1,0,0,1,0,0,0,0,0,0,4335976,0.55962992492802,3708.70473724807
56,1255,2,90,3,1,1,2066,0,4,5,3,3,2,1,0,0,1,0,0,1,0,0,0,0,0,0,0,0,0,0,1,0,0,2559465,0.3964555968646939,2066.0
47,359,4,82,3,4,3,17169,0,3,26,2,20,17,5,6,0,1,0,0,0,0,1,0,0,0,0,0,0,0,1,0,0,0,21269822,0.692999492785953,43600.662437463034
24,1476,1,42,3,2,3,4162,1,3,5,3,5,4,0,3,0,0,1,0,0,0,1,0,0,0,0,0,0,0,0,0,1,0,5156095,0.5637617216812755,4427.376285637469
32,601,5,97,3,2,4,9204,0,3,7,3,4,3,0,3,0,0,1,0,0,1,0,0,0,0,0,0,0,0,0,0,1,0,11402379,0.3922761389446956,9204.0
34,401,3,86,2,1,2,3294,0,3,7,2,5,4,0,2,0,1,0,0,1,0,0,0,0,0,0,1,0,0,0,0,0,0,4080773,0.3394518985145294,3294.0
41,1283,5,90,4,1,3,2127,1,3,7,5,4,2,0,3,0,1,0,0,0,0,1,0,0,0,0,0,0,0,0,1,0,0,2635035,0.6005113985415341,2340.7877446978428
40,663,4,81,3,2,3,3975,0,3,11,2,8,7,0,7,0,1,0,0,0,0,0,1,0,0,0,1,0,0,0,0,0,0,4924430,0.5402628993452058,4135.045024897193
31,326,2,31,3,3,4,10793,0,3,13,5,13,7,9,9,0,0,1,0,1,0,0,0,0,0,0,0,0,0,0,0,1,0,13370912,0.5933576110373645,17197.108695926276
46,377,3,52,3,3,4,10096,0,3,28,1,7,7,4,3,0,0,1,0,0,1,0,0,0,0,0,0,0,0,0,0,1,0,12507433,0.5012691965519591,15156.813808388579
39,592,3,54,2,1,1,3646,1,4,11,2,1,0,0,0,0,1,0,0,1,0,0,0,0,0,0,1,0,0,0,0,0,0,4516848,0.38609184745360403,3646.0
31,1445,5,100,4,3,2,7446,0,3,10,2,10,8,4,7,0,1,0,0,1,0,0,0,0,0,0,0,0,1,0,0,0,0,9224480,0.6675307104420202,12416.43366995128
45,1038,3,95,1,3,1,10851,1,3,24,2,7,7,0,7,0,1,0,0,0,0,1,0,0,1,0,0,0,0,0,0,0,0,13442765,0.3394518985145294,14534.392550781158
31,1398,2,96,4,1,2,2109,0,3,8,3,3,2,0,2,1,0,0,0,0,0,1,0,0,0,1,0,0,0,0,0,0,0,2612735,0.4904603027095429,2109.0
31,523,3,94,3,1,4,3722,1,3,7,2,2,2,2,2,0,1,0,0,1,0,0,0,0,0,0,1,0,0,0,0,0,0,4611001,0.46433054163813026,3722.0
45,1448,3,55,3,3,4,9380,1,3,10,4,3,1,1,2,0,1,0,0,0,0,0,0,1,0,0,0,0,1,0,0,0,0,11620416,0.5556101437924551,14591.623148773228
48,1221,3,96,3,2,1,5486,0,3,15,3,2,2,2,2,0,0,1,0,0,1,0,0,0,0,0,0,0,0,0,0,1,0,6796333,0.38561393912758324,5486.0
34,1107,4,52,3,1,3,2742,0,3,2,0,2,2,2,2,1,0,0,0,0,0,0,0,1,0,1,0,0,0,0,0,0,0,3396928,0.3464244118045733,2742.0
40,218,1,55,2,3,2,13757,0,3,16,5,9,8,4,8,0,1,0,0,0,0,1,0,0,0,0,0,0,0,1,0,0,0,17042864,0.39169203082980875,19145.50726812568
28,866,3,84,3,2,1,8463,0,3,6,4,5,4,1,3,0,0,1,0,0,0,1,0,0,0,0,0,0,0,0,0,1,0,10484390,0.46524187547678775,8463.0
44,981,3,90,2,1,3,3162,0,3,7,5,5,2,0,3,0,1,0,0,1,0,0,0,0,0,0,1,0,0,0,0,0,0,3917245,0.3394518985145294,3162.0
53,447,3,39,4,4,2,16598,0,3,35,2,9,8,8,8,0,1,0,0,0,0,1,0,0,0,0,0,0,0,1,0,0,0,20562438,0.5713618598362921,39122.19622434417
49,1495,4,96,3,2,3,6651,0,3,20,0,3,2,1,2,0,1,0,0,0,0,0,0,1,1,0,0,0,0,0,0,0,0,8239594,0.34264125214758423,6651.0
40,896,3,68,3,1,3,2345,0,3,8,3,3,1,1,2,0,1,0,0,0,0,1,0,0,0,0,0,0,0,0,1,0,0,2905104,0.3394518985145294,2345.0
44,1467,3,49,3,1,2,3420,0,3,6,3,5,2,1,3,0,1,0,0,1,0,0,0,0,0,0,0,0,0,0,1,0,0,4236868,0.3781664240467383,3420.0
33,430,3,54,3,2,1,4373,0,3,5,2,4,3,0,3,0,0,1,0,0,0,1,0,0,0,0,0,0,0,0,0,1,0,5417493,0.4090976837631033,4373.0
34,1326,3,81,1,2,1,4759,0,3,15,2,13,9,3,12,0,0,1,0,0,0,0,1,0,0,0,0,0,0,0,0,1,0,5895689,0.3394518985145294,4759.0
30,1358,1,96,3,2,3,5301,0,3,4,2,2,1,2,2,0,0,1,0,1,0,0,0,0,0,0,0,0,0,0,0,1,0,6567146,0.4220630233659254,5301.0
42,748,2,74,3,1,4,3673,0,3,12,3,12,9,5,8,0,1,0,0,0,0,1,0,0,0,0,1,0,0,0,0,0,0,4550297,0.48365030847528434,3673.0
44,383,5,79,3,2,3,4768,0,3,11,4,1,0,0,0,0,0,1,0,0,1,0,0,0,0,0,0,0,0,0,0,1,0,5906838,0.37801068534757876,4768.0
30,990,3,64,3,1,3,1274,0,3,1,2,1,0,0,0,0,1,0,0,0,0,0,0,1,0,0,0,0,0,0,1,0,0,1578295,0.3394518985145294,1274.0
57,405,2,93,4,2,3,4900,0,4,13,2,12,9,2,8,0,1,0,0,1,0,0,0,0,0,0,0,0,0,0,1,0,0,6070367,0.8711216753200989,6718.496209068485
49,1490,4,35,3,3,2,10466,0,3,29,3,8,7,0,7,0,1,0,0,1,0,0,0,0,1,0,0,0,0,0,0,0,0,12965808,0.5068118592578346,15770.292918992496
34,829,3,71,3,4,1,17007,0,3,16,3,14,8,6,9,0,1,0,0,0,0,1,0,0,0,0,0,0,0,1,0,0,0,21069128,0.664171144933107,42453.83799281602
28,1496,3,92,3,1,3,2909,0,3,5,3,3,2,1,2,0,0,1,0,0,0,0,0,1,0,0,0,0,0,0,0,0,1,3603816,0.357844539410596,2909.0
29,115,3,51,3,2,2,5765,0,3,7,4,5,3,0,0,0,0,1,0,0,0,0,0,1,0,0,0,0,0,0,0,1,0,7141972,0.4303655943490048,5765.0
34,790,4,40,2,2,2,4599,1,4,16,2,15,9,10,10,0,0,1,0,0,0,1,0,0,0,0,0,0,0,0,0,1,0,5697473,0.6379304632544428,5233.342200507182
35,660,1,76,3,1,3,2404,0,3,1,3,1,0,0,0,0,0,1,0,1,0,0,0,0,0,0,0,0,0,0,0,0,1,2978196,0.3394518985145294,2404.0
24,381,3,89,3,1,1,3172,1,3,4,2,0,0,0,0,0,1,0,0,0,0,1,0,0,0,0,1,0,0,0,0,0,0,3929633,0.3828126153995759,2800.281616047455
24,830,2,78,3,1,2,2033,0,3,1,2,1,0,0,0,0,0,1,0,1,0,0,0,0,0,0,0,0,0,0,0,0,1,2518583,0.3394518985145294,2033.0
44,1193,1,86,3,3,3,10209,1,3,16,2,2,2,2,2,0,1,0,0,0,0,1,0,0,0,0,0,0,1,0,0,0,0,12647423,0.5623709939516867,15950.24547725277
29,1246,3,77,2,2,3,8620,0,3,10,3,10,7,0,4,0,0,1,0,1,0,0,0,0,0,0,0,0,0,0,0,1,0,10678890,0.3394518985145294,8620.0
30,330,3,46,3,1,3,2064,0,4,6,3,5,3,1,3,1,0,0,0,1,0,0,0,0,0,1,0,0,0,0,0,0,0,2556987,0.5587221240678314,2185.202464076004
55,1229,4,30,3,2,3,4035,1,3,4,2,3,2,1,2,0,1,0,0,1,0,0,0,0,1,0,0,0,0,0,0,0,0,4998761,0.5190609915772864,4111.911101014351
33,1099,4,82,2,1,2,3838,0,3,8,5,5,4,0,2,0,1,0,0,0,0,1,0,0,0,0,1,0,0,0,0,0,0,4754708,0.3394518985145294,3838.0
47,571,3,78,3,2,3,4591,1,3,11,4,5,4,1,2,0,0,1,0,0,0,1,0,0,0,0,0,0,0,0,0,1,0,5687562,0.5440171862973407,4793.082902291092
28,289,2,38,2,1,1,2561,0,3,8,2,0,0,0,0,0,1,0,0,0,0,1,0,0,0,0,1,0,0,0,0,0,0,3172696,0.16466893638377544,1702.2171460788488
28,1423,3,72,2,1,3,1563,0,3,1,2,1,0,0,0,0,1,0,0,1,0,0,0,0,0,0,0,0,0,0,1,0,0,1936323,0.3394518985145294,1563.0
28,467,3,55,3,2,1,4898,0,3,5,5,4,2,1,3,0,0,1,0,1,0,0,0,0,0,0,0,0,0,0,0,1,0,6067889,0.41403436475907507,4898.0
49,271,2,43,2,2,1,4789,0,4,10,3,3,2,1,2,0,1,0,0,0,0,1,0,0,0,0,1,0,0,0,0,0,0,5932854,0.4048225628422053,4789.0
29,410,1,97,3,1,2,3180,0,3,4,3,3,2,0,2,0,1,0,0,1,0,0,0,0,0,0,1,0,0,0,0,0,0,3939544,0.3394518985145294,3180.0
28,1083,1,96,1,2,2,6549,0,3,8,2,8,6,1,7,0,1,0,0,1,0,0,0,0,0,0,0,0,1,0,0,0,0,8113231,0.3394518985145294,6549.0
33,516,5,69,3,2,3,6388,1,3,14,6,0,0,0,0,0,1,0,0,1,0,0,0,0,1,0,0,0,0,0,0,0,0,7913776,0.49026121859633387,6325.788664393381
32,495,3,64,3,3,4,11244,0,4,10,5,5,2,0,0,0,1,0,0,0,0,1,0,0,0,0,0,1,0,0,0,0,0,13929633,0.7614724151505318,19805.995835952577
54,1050,4,87,3,4,4,16032,0,4,26,2,14,9,1,12,0,1,0,0,0,0,1,0,0,0,0,0,1,0,0,0,0,0,19861249,0.8021808806730742,43338.84581842609
29,224,4,100,2,1,1,2362,0,3,11,2,9,7,0,7,0,1,0,0,0,0,0,0,1,0,0,0,0,0,0,1,0,0,2926165,0.3394518985145294,2362.0
44,136,3,32,3,4,1,16328,0,3,24,1,20,6,14,17,0,1,0,0,1,0,0,0,0,0,0,0,0,0,1,0,0,0,20227948,0.705618881554379,41774.017647029854
39,1089,3,32,3,3,2,8376,0,3,9,3,2,0,2,2,0,1,0,0,1,0,0,0,0,0,0,0,0,1,0,0,0,0,10376611,0.4770788859606755,12372.01274880662
46,228,3,51,3,4,2,16606,0,3,23,2,13,12,5,1,0,0,1,0,1,0,0,0,0,0,0,0,1,0,0,0,0,0,20572349,0.6312253730229035,40632.1928166275
35,1029,3,91,2,3,2,8606,0,3,11,3,11,8,3,3,0,1,0,0,1,0,0,0,0,1,0,0,0,0,0,0,0,0,10661546,0.37767418116969254,11856.264003146372
23,507,1,97,3,2,3,2272,0,3,5,2,4,3,1,2,0,1,0,0,1,0,0,0,0,0,0,1,0,0,0,0,0,0,2814668,0.4087260875675116,2272.0
40,676,4,86,3,1,1,2018,0,3,15,3,5,4,1,0,0,1,0,0,1,0,0,0,0,0,0,1,0,0,0,0,0,0,2500000,0.3394518985145294,2018.0
34,971,3,64,2,3,3,7083,1,3,10,3,10,9,8,6,0,0,1,0,0,0,0,0,1,0,0,0,0,0,0,0,1,0,8774777,0.4460879312595055,10242.640817111076
31,561,3,33,3,1,3,4084,0,3,7,2,7,2,7,7,0,1,0,0,1,0,0,0,0,0,0,0,0,0,0,1,0,0,5059465,0.35246394643630574,4084.0
50,333,5,88,1,4,4,14411,1,3,32,2,32,6,13,9,0,1,0,0,0,0,1,0,0,0,0,0,0,0,1,0,0,0,17853072,0.514599926153728,32740.349303702056
34,1440,2,55,3,1,3,2308,1,4,12,4,11,10,5,7,0,0,1,0,0,0,0,0,1,0,0,0,0,0,0,0,0,1,2859267,0.6344953572754556,2618.415284591752
42,1210,3,68,2,1,2,4841,0,3,4,3,1,0,0,0,0,1,0,0,0,0,1,0,0,0,0,1,0,0,0,0,0,0,5997275,0.3394518985145294,4841.0
37,674,3,47,3,2,4,4285,0,3,10,2,10,8,3,7,0,1,0,0,0,0,1,0,0,0,0,0,0,0,0,1,0,0,5308474,0.4754404579757926,4285.0
29,441,1,39,1,2,1,9715,0,3,9,3,7,7,0,7,0,1,0,0,0,0,0,1,0,1,0,0,0,0,0,0,0,0,12035431,0.3394518985145294,9715.0
33,575,3,44,2,2,2,4320,0,3,5,2,5,3,0,2,0,1,0,0,1,0,0,0,0,0,0,0,0,1,0,0,0,0,5351833,0.3394518985145294,4320.0
45,950,3,97,3,1,4,2132,0,4,8,3,5,4,0,3,0,1,0,0,0,0,0,0,1,0,0,0,0,0,0,1,0,0,2641229,0.4893713904162291,2132.0
42,288,3,40,3,3,4,10124,1,3,24,3,20,8,13,9,0,1,0,0,1,0,0,0,0,1,0,0,0,0,0,0,0,0,12542121,0.7289409622588404,17503.7983019085
40,1342,2,47,3,2,1,5473,0,3,9,5,8,4,7,1,0,0,1,0,0,0,1,0,0,0,0,0,0,0,0,0,1,0,6780228,0.4353450269539184,5473.0
33,589,4,79,3,2,3,5207,1,3,15,3,15,14,5,7,0,1,0,0,1,0,0,0,0,0,0,1,0,0,0,0,0,0,6450694,0.6205181826743157,5834.538177185163
40,898,2,38,3,4,4,16437,1,4,21,2,21,7,7,7,1,0,0,0,0,0,1,0,0,0,0,0,1,0,0,0,0,0,20362983,0.9172963762101701,47271.900803649856
24,350,2,57,2,1,1,2296,0,3,2,3,1,1,0,0,0,1,0,0,0,0,0,0,1,0,0,1,0,0,0,0,0,0,2844400,0.3394518985145294,2296.0
40,1142,2,72,3,2,4,4069,1,3,8,2,2,2,2,2,0,1,0,0,1,0,0,0,0,1,0,0,0,0,0,0,0,0,5040882,0.4545269083811716,4069.0
45,538,4,66,3,3,2,7441,0,3,10,4,10,8,7,7,0,1,0,0,0,0,0,0,1,1,0,0,0,0,0,0,0,0,9218285,0.5578120651985902,11591.67957714271
35,1402,4,98,2,1,3,2430,0,4,6,5,5,3,4,2,0,0,1,0,1,0,0,0,0,0,0,0,0,0,0,0,0,1,3010406,0.43989589479422775,2430.0
32,824,2,67,2,2,2,5878,0,3,12,2,7,1,2,5,0,1,0,0,1,0,0,0,0,0,0,0,0,0,0,1,0,0,7281962,0.4012680456366634,5878.0
36,1157,4,70,3,1,4,2644,1,4,7,3,3,2,1,2,0,0,1,0,1,0,0,0,0,0,0,0,0,0,0,0,0,1,3275520,0.5597825666821264,2802.065106307542
48,492,4,96,3,2,3,6439,0,3,18,2,8,7,7,7,0,0,1,0,1,0,0,0,0,0,0,0,0,0,0,0,1,0,7976957,0.3894808847481783,6439.0
29,598,3,91,4,1,3,2451,0,3,5,2,1,0,0,0,0,1,0,0,1,0,0,0,0,0,0,0,0,0,0,1,0,0,3036422,0.3587804828041997,2451.0
33,1242,4,46,3,2,1,6392,0,3,8,6,2,2,2,2,0,0,1,0,1,0,0,0,0,0,0,0,0,0,0,0,1,0,7918731,0.38983339314549237,6392.0
30,740,3,64,2,2,1,9714,0,3,10,4,10,8,6,7,0,0,1,0,1,0,0,0,0,0,0,0,0,0,0,0,1,0,12034192,0.3946634690730044,9714.0
38,888,4,71,3,2,3,6077,0,3,10,2,6,3,1,2,1,0,0,1,0,0,0,0,0,0,1,0,0,0,0,0,0,0,7528494,0.4362507336861099,6077.0
35,992,3,68,2,1,1,2450,0,3,3,3,3,0,1,2,0,1,0,0,0,0,1,0,0,0,0,1,0,0,0,0,0,0,3035183,0.3394518985145294,2450.0
30,1288,4,33,3,3,2,9250,0,3,9,3,4,2,1,3,0,0,1,0,0,0,0,0,1,0,0,0,0,0,0,0,1,0,11459366,0.4220553353440054,13154.01185193205
35,104,3,69,3,1,1,2074,1,3,1,2,1,0,0,0,0,1,0,0,1,0,0,0,0,0,0,1,0,0,0,0,0,0,2569376,0.3534486833827225,2074.0
53,607,5,78,2,3,4,10169,0,3,34,4,33,7,1,9,0,1,0,0,0,0,0,0,1,0,0,0,0,1,0,0,0,0,12597869,0.5439639955394376,15700.569870640542
38,903,3,81,3,2,2,4855,0,3,7,2,5,2,1,4,0,1,0,0,0,0,1,0,0,0,0,0,0,1,0,0,0,0,6014618,0.3945042312225603,4855.0
32,1200,4,62,3,2,1,4087,0,3,9,3,6,5,1,2,0,1,0,0,0,0,0,0,1,0,0,0,0,0,0,1,0,0,5063181,0.5338742561786453,4225.444085002124
48,1108,4,65,3,1,1,2367,0,3,10,3,8,2,7,6,0,1,0,0,0,0,0,1,0,0,0,0,0,0,0,1,0,0,2932359,0.40252706893066414,2367.0
34,479,4,35,3,1,4,2972,0,3,1,4,1,0,0,0,0,1,0,0,0,0,1,0,0,0,0,0,0,0,0,1,0,0,3681863,0.3394518985145294,2972.0
55,685,5,60,2,5,4,19586,0,4,36,3,36,6,2,13,0,0,1,0,0,1,0,0,0,0,0,0,1,0,0,0,0,0,24264123,0.7611705368319951,68988.57226878291
34,1351,4,45,3,2,4,5484,0,3,9,3,2,2,2,1,0,1,0,0,1,0,0,0,0,0,0,0,0,0,0,1,0,0,6793855,0.3394518985145294,5484.0
26,474,3,89,3,1,4,2061,0,4,1,5,1,0,0,0,0,1,0,0,1,0,0,0,0,0,0,0,0,0,0,1,0,0,2553271,0.44248482771836917,2061.0
38,1245,3,80,3,2,2,9924,0,3,10,3,9,8,7,7,0,0,1,0,1,0,0,0,0,0,0,0,0,0,0,0,1,0,12294351,0.445309299946142,9924.0
38,437,3,90,3,2,2,4198,0,3,8,5,3,2,1,2,0,0,1,0,1,0,0,0,0,0,0,0,0,0,0,0,1,0,5200694,0.37133449228186377,4198.0
36,884,4,73,3,2,3,6815,0,3,15,5,1,0,0,0,0,0,1,0,1,0,0,0,0,0,0,0,0,0,0,0,1,0,8442765,0.3394518985145294,6815.0
29,1370,1,87,3,1,1,4723,1,3,10,3,10,9,1,5,0,1,0,0,0,0,1,0,0,0,0,1,0,0,0,0,0,0,5851090,0.5157259099971647,4797.273472916609
35,670,4,51,3,2,3,6142,1,3,10,4,5,2,0,4,0,1,0,0,0,0,1,0,0,1,0,0,0,0,0,0,0,0,7609019,0.6842443953062062,7273.629075970718
39,1462,3,38,4,3,3,8237,0,3,11,3,7,6,7,6,0,0,1,0,0,0,1,0,0,0,0,0,0,0,0,0,1,0,10204410,0.5811583411466704,13024.001256025123
29,995,1,87,3,2,4,8853,0,3,6,0,6,4,1,3,0,1,0,0,1,0,0,0,0,1,0,0,0,0,0,0,0,0,10967542,0.38105163437177125,8853.0
50,264,3,59,3,5,3,19331,1,3,27,2,1,0,0,0,0,0,1,0,0,1,0,0,0,0,0,0,1,0,0,0,0,0,23948216,0.5959802473981152,61703.78832490593
23,977,3,45,4,1,3,2073,0,3,4,2,2,2,2,2,0,1,0,0,0,0,0,0,1,0,0,0,0,0,0,1,0,0,2568137,0.4893602633460242,2073.0
36,1302,4,80,4,2,1,5562,1,3,9,3,3,2,0,2,0,1,0,0,1,0,0,0,0,0,0,1,0,0,0,0,0,0,6890486,0.6596514821073988,6449.981543481352
42,1059,2,93,2,5,4,19613,0,4,24,2,1,0,0,1,0,1,0,0,0,0,0,1,0,0,0,0,1,0,0,0,0,0,24297572,0.6134051884163624,63287.43192082023
35,750,3,46,4,2,3,3407,0,3,10,3,10,9,6,8,0,1,0,0,1,0,0,0,0,0,0,1,0,0,0,0,0,0,4220763,0.5710499112884272,3649.067047759672
34,653,4,92,2,2,3,5063,0,3,8,3,8,2,7,7,0,1,0,0,0,0,0,0,1,1,0,0,0,0,0,0,0,0,6272299,0.3394518985145294,5063.0
40,118,2,84,3,2,1,4639,0,3,5,2,5,4,1,2,0,0,1,0,1,0,0,0,0,0,0,0,0,0,0,0,1,0,5747027,0.4288142712562384,4639.0
43,990,3,87,4,1,2,4876,0,3,8,0,6,4,0,2,0,1,0,0,0,0,0,0,1,0,0,1,0,0,0,0,0,0,6040634,0.5220125582907627,4983.333234225759
35,1349,2,63,2,1,4,2690,0,3,1,5,1,0,0,1,0,1,0,0,1,0,0,0,0,0,0,1,0,0,0,0,0,0,3332507,0.3394518985145294,2690.0
46,563,4,56,4,4,1,17567,0,3,27,5,26,0,0,12,0,0,1,0,1,0,0,0,0,0,0,0,1,0,0,0,0,0,21762884,0.8211391350859979,47987.92677908359
28,329,3,51,3,1,2,2408,1,3,1,3,1,1,0,0,0,1,0,0,0,0,1,0,0,0,0,1,0,0,0,0,0,0,2983152,0.41021343450358627,2408.0
22,457,2,85,2,1,3,2814,1,3,4,2,4,2,1,3,0,1,0,0,0,0,0,1,0,0,0,0,0,0,0,1,0,0,3486125,0.3394518985145294,2814.0
50,1234,5,41,3,4,3,11245,1,3,32,3,30,8,12,13,0,1,0,0,0,0,1,0,0,1,0,0,0,0,0,0,0,0,13930872,0.8263200641931584,30805.453682778098
32,634,4,35,4,1,4,3312,0,3,6,3,3,2,0,2,0,1,0,0,0,0,0,1,0,0,0,0,0,0,0,1,0,0,4103072,0.4779802034406263,3312.0
44,1313,3,31,3,5,4,19049,1,3,23,4,22,7,1,10,0,1,0,0,0,0,1,0,0,0,0,0,0,0,1,0,0,0,23598860,0.8801145931934574,71628.60577148433
30,241,3,48,2,1,2,2141,0,3,6,3,6,4,1,1,0,1,0,0,0,0,1,0,0,0,0,0,0,0,0,1,0,0,2652379,0.3394518985145294,2141.0
45,1015,5,50,1,2,1,5769,1,3,10,3,10,7,1,4,0,1,0,0,0,0,1,0,0,0,0,1,0,0,0,0,0,0,7146928,0.3394518985145294,5769.0
45,336,3,52,2,2,1,4385,0,3,10,2,10,7,4,5,0,0,1,0,0,1,0,0,0,0,0,0,0,0,0,0,1,0,5432359,0.3394518985145294,4385.0
31,715,4,54,3,2,1,5332,0,3,10,3,5,2,0,3,0,0,1,0,0,0,0,1,0,0,0,0,0,0,0,0,1,0,6605550,0.4586437548772412,5332.0
36,559,4,76,3,2,3,4663,1,3,7,2,3,2,1,1,0,1,0,0,1,0,0,0,0,0,0,0,0,1,0,0,0,0,5776759,0.42339633860387615,4663.0
34,426,4,42,4,2,4,4724,0,3,9,3,9,7,7,2,0,1,0,0,1,0,0,0,0,0,0,0,0,1,0,0,0,0,5852329,0.6687300924617231,5521.08095678918
49,722,4,84,3,1,1,3211,0,3,10,3,9,6,1,4,0,1,0,0,1,0,0,0,0,0,0,1,0,0,0,0,0,0,3977948,0.4459178397719519,3211.0
39,1387,5,76,3,2,1,5377,0,3,10,3,7,7,7,7,0,1,0,0,0,0,1,0,0,0,0,0,0,1,0,0,0,0,6661298,0.463843158513487,5377.0
27,1302,3,67,2,1,1,4066,0,3,7,3,7,7,0,7,0,1,0,0,0,0,0,1,0,0,0,1,0,0,0,0,0,0,5037166,0.3394518985145294,4066.0
35,819,5,48,4,2,1,5208,0,3,16,2,16,15,1,10,0,1,0,0,1,0,0,0,0,0,0,0,0,0,0,1,0,0,6451933,0.7206077980605191,6356.925412299184
28,580,3,39,1,2,1,4877,0,4,6,5,5,3,0,0,0,1,0,0,0,0,1,0,0,0,0,0,0,1,0,0,0,0,6041873,0.3394518985145294,4877.0
21,546,1,97,3,1,4,3117,0,3,3,2,2,2,2,2,0,1,0,0,0,0,1,0,0,0,0,0,0,0,0,1,0,0,3861497,0.3394518985145294,3117.0
18,544,2,70,3,1,4,1569,1,3,0,2,0,0,0,0,0,0,1,0,0,0,1,0,0,0,0,0,0,0,0,0,0,1,1943756,0.3517523940496211,1336.3995062638555
47,1176,4,98,3,5,3,19658,0,3,27,2,5,2,1,0,1,0,0,0,1,0,0,0,0,0,0,0,1,0,0,0,0,0,24353320,0.6232901243203627,63821.27452777938
39,170,2,76,2,2,3,3069,0,3,11,3,10,8,0,7,0,1,0,0,0,0,1,0,0,0,0,1,0,0,0,0,0,0,3802032,0.3394518985145294,3069.0
40,884,3,80,2,3,3,10435,0,3,18,2,18,15,14,12,0,1,0,0,1,0,0,0,0,0,0,0,0,1,0,0,0,0,12927403,0.45196820096499,15151.28817706967
35,208,4,52,3,2,3,4148,0,3,15,5,14,11,2,9,0,1,0,0,1,0,0,0,0,1,0,0,0,0,0,0,0,0,5138751,0.45635822133257686,4148.0
37,671,3,85,3,2,3,5768,0,3,9,2,4,3,0,2,0,1,0,0,1,0,0,0,0,0,0,0,0,1,0,0,0,0,7145689,0.4056840142213133,5768.0
39,711,3,81,3,2,3,5042,0,3,10,2,9,2,3,8,0,1,0,0,0,0,1,0,0,0,0,0,0,1,0,0,0,0,6246283,0.45108695965192824,5042.0
45,1329,2,59,2,2,4,5770,0,3,10,3,10,7,3,9,0,1,0,0,0,0,0,1,0,0,0,0,0,1,0,0,0,0,7148167,0.4138111658467861,5770.0
38,397,2,54,2,3,3,7756,1,3,10,6,5,4,0,2,0,1,0,0,0,0,1,0,0,0,0,0,0,1,0,0,0,0,9608523,0.43065674033607515,11096.173678046598
35,737,3,55,2,3,1,10306,0,3,15,3,13,12,6,0,0,0,1,0,0,0,1,0,0,0,0,0,0,0,0,0,1,0,12767592,0.4319477852280641,14757.653874560427
37,1470,3,71,3,1,2,3936,0,3,8,2,8,4,7,7,0,1,0,0,0,0,1,0,0,0,0,0,0,0,0,1,0,0,4876115,0.37051559411123625,3936.0
40,448,3,84,3,3,4,7945,1,3,18,2,4,2,3,3,0,1,0,0,1,0,0,0,0,0,0,0,0,1,0,0,0,0,9842666,0.5679908331349081,12457.687169256846
44,602,5,37,3,2,4,5743,1,3,14,3,10,7,0,2,1,0,0,1,0,0,0,0,0,0,1,0,0,0,0,0,0,0,7114718,0.5645014600097283,6113.431884835871
48,365,5,89,2,4,4,15202,0,4,23,3,2,2,2,2,0,1,0,0,0,0,1,0,0,0,0,0,1,0,0,0,0,0,18833003,0.3954811680511532,31821.15707507044
35,763,2,59,1,2,4,5440,1,3,7,2,2,2,2,2,0,0,1,0,0,0,1,0,0,0,0,0,0,0,0,0,1,0,6739346,0.3394518985145294,5440.0
24,567,1,32,3,1,4,3760,1,3,6,2,6,3,1,3,0,1,0,0,0,0,0,0,1,0,0,0,0,0,0,1,0,0,4658077,0.45629493250967035,3760.0
27,486,3,86,4,1,3,3517,0,3,5,0,3,2,0,2,0,1,0,0,0,0,1,0,0,0,0,0,0,0,0,1,0,0,4357037,0.47940221885801826,3517.0
27,591,3,87,3,1,4,2580,0,3,6,0,4,2,1,2,0,1,0,0,0,0,1,0,0,0,0,0,0,0,0,1,0,0,3196234,0.3394518985145294,2580.0
40,1329,3,73,3,1,1,2166,1,3,10,3,4,2,0,3,0,1,0,0,1,0,0,0,0,0,0,1,0,0,0,0,0,0,2683350,0.36155553775735816,2166.0
29,469,3,42,2,2,3,5869,0,3,8,2,5,2,1,4,0,0,1,0,0,0,1,0,0,0,0,0,0,0,0,0,1,0,7270813,0.3394518985145294,5869.0
36,711,4,42,3,3,1,8008,0,3,9,6,3,2,0,2,0,1,0,0,1,0,0,0,0,1,0,0,0,0,0,0,0,0,9920714,0.5025524999136651,12032.440419308632
25,772,1,77,4,2,3,5206,0,3,7,6,7,7,0,7,0,1,0,0,1,0,0,0,0,0,0,0,0,1,0,0,0,0,6449455,0.5220265330857942,5320.670131244644
39,492,3,66,3,2,2,5295,0,4,7,3,5,4,1,0,0,1,0,0,0,0,1,0,0,0,0,0,0,1,0,0,0,0,6559713,0.5638838260581468,5633.264858977888
49,301,4,72,3,4,2,16413,0,3,27,2,4,2,1,2,0,1,0,0,0,0,0,1,0,0,0,0,0,0,1,0,0,0,20333251,0.5770983205183894,38827.37210200249
50,813,5,50,2,3,1,13269,0,3,19,3,14,11,1,11,0,1,0,0,1,0,0,0,0,0,0,0,0,0,1,0,0,0,16438305,0.46027473343239944,19376.385437914505
20,1141,3,31,3,1,3,2783,0,3,2,3,2,2,2,2,0,0,1,0,0,0,1,0,0,0,0,0,0,0,0,0,0,1,3447721,0.3394518985145294,2783.0
34,1130,3,66,3,2,2,5433,0,3,11,2,11,8,7,9,0,1,0,0,1,0,0,0,0,0,0,0,0,0,0,1,0,0,6730674,0.4807405627913084,5433.0
36,311,3,77,3,1,2,2013,0,3,15,4,4,3,1,3,0,1,0,0,1,0,0,0,0,0,0,1,0,0,0,0,0,0,2493806,0.3394518985145294,2013.0
49,465,1,41,2,4,3,13966,1,3,30,3,15,11,2,12,0,1,0,0,1,0,0,0,0,1,0,0,0,0,0,0,0,0,17301784,0.7224954406845859,36084.55698690139
36,894,4,33,2,2,3,4374,0,3,4,6,3,2,1,2,0,1,0,0,0,0,1,0,0,0,0,0,0,1,0,0,0,0,5418731,0.3394518985145294,4374.0
36,1040,2,79,4,2,1,6842,0,4,13,3,5,4,0,4,0,1,0,0,1,0,0,0,0,1,0,0,0,0,0,0,0,0,8476214,0.6841218216750661,8101.7615039008015
54,584,5,91,3,4,3,17426,0,4,36,6,10,8,4,7,0,1,0,0,0,0,1,0,0,0,0,0,1,0,0,0,0,0,21588206,0.7112099872903702,44729.31785778299
43,1291,2,65,2,4,3,17603,0,4,14,3,14,10,6,11,0,1,0,0,1,0,0,0,0,0,0,0,0,0,1,0,0,0,21807483,0.6554352223627385,43710.939328876935
35,880,4,36,3,2,4,4581,1,4,13,2,11,9,6,7,0,0,1,0,0,0,0,1,0,0,0,0,0,0,0,0,1,0,5675173,0.7510345574422258,5730.989307642837
38,1189,3,90,3,2,4,4735,0,3,19,4,13,11,2,9,0,1,0,0,1,0,0,0,0,0,0,0,0,0,0,1,0,0,5865956,0.5476338853073909,4960.546446930495
29,991,3,43,2,2,2,4187,1,3,10,3,10,0,0,9,0,0,1,0,0,0,1,0,0,0,0,0,0,0,0,0,1,0,5187066,0.43922612645580805,4187.0
33,392,4,93,3,2,4,5505,0,3,6,5,6,2,0,4,0,0,1,0,0,0,1,0,0,0,0,0,0,0,0,0,1,0,6819871,0.43745792035071085,5505.0
32,977,3,45,3,2,2,5470,0,3,10,4,9,5,1,6,0,1,0,0,0,0,1,0,0,0,0,0,0,0,0,1,0,0,6776511,0.5022137141369591,5482.1090163291665
31,1112,4,67,3,2,4,5476,0,3,10,2,10,0,0,2,0,0,1,0,1,0,0,0,0,0,0,0,0,0,0,0,1,0,6783944,0.4859228005377062,5476.0
49,464,3,74,3,1,1,2587,1,3,17,2,2,2,2,2,0,1,0,0,0,0,1,0,0,0,0,1,0,0,0,0,0,0,3204906,0.3394518985145294,2587.0
38,148,3,42,2,1,2,2440,0,4,4,3,4,3,3,3,0,1,0,0,0,0,1,0,0,0,0,1,0,0,0,0,0,0,3022795,0.3394518985145294,2440.0
47,1225,4,47,4,4,2,15972,0,3,29,2,3,2,1,2,0,0,1,0,1,0,0,0,0,0,0,0,1,0,0,0,0,0,19786918,0.6878563697943268,40437.66290753248
49,809,3,36,3,4,3,15379,0,3,23,2,8,7,0,0,0,1,0,0,1,0,0,0,0,0,0,0,1,0,0,0,0,0,19052279,0.5651573513457165,36105.83235951866
41,1206,2,80,3,3,3,7082,1,3,21,2,2,0,0,2,0,0,1,0,1,0,0,0,0,0,0,0,0,0,0,0,1,0,8773538,0.5780427187358889,11175.698534087565
20,727,1,54,3,1,1,2728,0,3,2,3,2,2,0,2,0,0,1,0,1,0,0,0,0,0,0,0,0,0,0,0,0,1,3379584,0.3394518985145294,2728.0
33,530,3,36,3,2,4,5368,1,4,7,2,6,5,1,2,0,0,1,0,1,0,0,0,0,0,0,0,0,0,0,0,1,0,6650149,0.7449721640610575,6683.010576679756
36,1351,4,80,3,2,3,5347,0,3,10,2,3,2,0,2,0,1,0,0,1,0,0,0,0,1,0,0,0,0,0,0,0,0,6624133,0.37568208707958406,5347.0
44,528,3,44,3,1,4,3195,1,3,8,2,2,2,2,2,1,0,0,0,1,0,0,0,0,0,1,0,0,0,0,0,0,0,3958127,0.35184844114613967,3195.0
23,1320,1,93,2,1,3,3989,1,3,5,2,5,4,1,2,0,1,0,0,0,0,1,0,0,0,0,1,0,0,0,0,0,0,4941774,0.3394518985145294,3989.0
38,1495,2,87,3,1,3,3306,0,3,7,5,0,0,0,0,0,1,0,0,0,0,1,0,0,0,0,1,0,0,0,0,0,0,4095639,0.22048438740106235,2381.9213847479123
53,1395,4,48,4,3,4,7005,0,3,11,2,4,3,1,2,0,1,0,0,0,0,1,0,0,1,0,0,0,0,0,0,0,0,8678147,0.5835958523439077,11093.088945669075
48,708,2,95,3,1,3,2655,1,3,19,3,9,7,7,7,0,0,1,0,0,0,1,0,0,0,0,0,0,0,0,0,0,1,3289148,0.4541052533226203,2655.0
32,1259,4,95,3,1,2,1393,0,3,1,2,1,0,0,0,0,1,0,0,1,0,0,0,0,0,0,1,0,0,0,0,0,0,1725719,0.3394518985145294,1393.0
26,786,3,76,3,1,4,2570,0,4,7,5,7,7,5,7,0,1,0,0,0,0,1,0,0,0,0,1,0,0,0,0,0,0,3183845,0.5121031324991944,2601.10505052293
55,1441,3,94,2,1,2,3537,0,3,8,1,4,2,1,2,0,1,0,0,0,0,0,0,1,0,0,0,0,0,0,1,0,0,4381814,0.3394518985145294,3537.0
34,1157,2,57,2,2,4,3986,0,3,15,3,15,10,4,13,0,1,0,0,0,0,1,0,0,0,0,1,0,0,0,0,0,0,4938057,0.406852123387497,3986.0
60,370,4,92,1,3,4,10883,0,4,19,2,1,0,0,0,0,1,0,0,0,0,1,0,0,1,0,0,0,0,0,0,0,0,13482408,0.3394518985145294,14577.255011533623
33,267,3,79,4,1,2,2028,0,3,14,6,14,11,2,13,0,1,0,0,0,0,1,0,0,0,0,1,0,0,0,0,0,0,2512389,0.6335992580803461,2298.9392953869424
37,1278,4,31,1,2,4,9525,0,3,6,2,6,3,1,3,0,0,1,0,0,0,1,0,0,0,0,0,0,0,0,0,1,0,11800050,0.3394518985145294,9525.0
34,678,3,35,2,1,4,2929,0,3,10,3,10,9,8,7,0,1,0,0,1,0,0,0,0,0,0,0,0,0,0,1,0,0,3628593,0.3394518985145294,2929.0
23,427,3,99,3,1,4,2275,1,4,3,2,3,2,0,2,0,0,1,0,1,0,0,0,0,0,0,0,0,0,0,0,0,1,2818385,0.5667364800356337,2426.8254920810664
44,921,3,96,4,3,4,7879,1,3,9,2,8,7,6,7,0,1,0,0,1,0,0,0,0,1,0,0,0,0,0,0,0,0,9760902,0.594140884314258,12560.23602751204
35,146,4,79,2,1,4,4930,1,3,6,2,5,4,1,4,0,1,0,0,0,0,1,0,0,0,0,0,0,0,0,1,0,0,6107532,0.3394518985145294,4930.0
43,1179,3,73,3,2,4,7847,1,3,10,3,10,9,8,8,0,0,1,0,0,0,1,0,0,0,0,0,0,0,0,0,1,0,9721259,0.7041566834373604,9449.017494932967
24,581,3,62,4,1,3,4401,0,3,5,1,5,3,0,4,0,1,0,0,0,0,1,0,0,0,0,0,0,0,0,1,0,0,5452180,0.4274717057826056,4401.0
41,918,3,35,3,3,3,9241,0,3,10,3,10,8,8,7,0,0,1,0,0,1,0,0,0,0,0,0,0,0,0,0,1,0,11448216,0.5954864666047875,14743.890437894841
29,1082,4,43,3,1,3,2974,0,3,9,2,5,3,1,2,0,1,0,0,0,0,1,0,0,0,0,1,0,0,0,0,0,0,3684341,0.3973758879170993,2974.0
36,530,4,51,3,2,4,4502,0,3,17,2,13,7,6,7,0,0,1,0,1,0,0,0,0,0,0,0,0,0,0,0,0,1,5577304,0.555722825219333,4752.864159137438
45,1238,1,74,2,3,3,10748,0,4,25,3,23,15,14,4,0,1,0,0,1,0,0,0,0,1,0,0,0,0,0,0,0,0,13315164,0.6861972587982291,18123.248137563365
24,240,1,58,1,1,3,1555,0,3,1,2,1,0,0,0,1,0,0,1,0,0,0,0,0,0,1,0,0,0,0,0,0,0,1926412,0.3394518985145294,1555.0
47,1093,3,82,1,4,3,12936,0,3,25,3,23,5,14,10,0,0,1,0,1,0,0,0,0,0,0,0,0,0,0,0,1,0,16025768,0.3865715830471719,26905.034997447325
26,390,4,62,1,1,3,2305,0,3,3,3,3,2,0,2,0,1,0,0,0,0,1,0,0,0,0,1,0,0,0,0,0,0,2855550,0.3394518985145294,2305.0
45,1005,2,48,2,4,2,16704,0,3,21,2,21,6,8,6,0,1,0,0,0,0,0,0,1,0,0,0,0,0,1,0,0,0,20693756,0.5694736025538653,39324.73058558965
32,585,3,56,3,1,3,3433,0,3,10,3,5,2,1,3,0,1,0,0,1,0,0,0,0,0,0,0,0,0,0,1,0,0,4252973,0.3394518985145294,3433.0
31,741,4,69,3,1,3,3477,0,3,6,2,5,2,0,3,0,1,0,0,1,0,0,0,0,0,0,1,0,0,0,0,0,0,4307483,0.3394518985145294,3477.0
41,552,3,60,1,2,2,6430,0,3,10,4,3,2,1,2,1,0,0,1,0,0,0,0,0,0,1,0,0,0,0,0,0,0,7965808,0.3394518985145294,6430.0
40,369,2,92,3,2,1,6516,1,3,18,3,1,0,0,0,0,1,0,0,1,0,0,0,0,0,0,0,0,1,0,0,0,0,8072349,0.4675755514003129,6516.0
24,506,1,91,3,1,1,3907,0,3,6,2,6,2,1,2,0,1,0,0,0,0,1,0,0,0,0,1,0,0,0,0,0,0,4840188,0.3394518985145294,3907.0
46,717,4,34,3,2,2,5562,0,3,19,3,10,7,0,9,0,1,0,0,1,0,0,0,0,1,0,0,0,0,0,0,0,0,6890486,0.5922335530055088,6075.003021816639
35,1370,4,49,3,2,3,6883,0,3,17,3,7,7,0,7,0,1,0,0,1,0,0,0,0,0,0,0,0,1,0,0,0,0,8527007,0.49797647224413255,6883.0
30,793,1,33,3,1,4,2862,0,3,10,2,10,0,0,8,0,1,0,0,1,0,0,0,0,0,0,0,0,0,0,1,0,0,3545590,0.3453102932579637,2862.0
47,543,4,87,3,2,2,4978,0,3,4,3,1,0,0,0,0,0,1,0,0,1,0,0,0,0,0,0,0,0,0,0,1,0,6166997,0.3394518985145294,4978.0
46,1277,3,74,3,3,4,10368,1,3,13,5,10,6,0,3,0,0,1,0,1,0,0,0,0,0,0,0,0,0,0,0,1,0,12844400,0.6382426679161449,16985.29998095459
36,1456,5,96,2,2,1,6134,1,3,16,3,2,2,2,2,0,0,1,0,0,1,0,0,0,0,0,0,0,0,0,0,1,0,7599108,0.36756335820810404,6134.0
32,964,2,34,1,2,2,6735,0,3,10,2,0,0,0,0,0,0,1,0,1,0,0,0,0,0,0,0,0,0,0,0,1,0,8343657,0.02182235993820808,3514.4735941838317
23,160,1,51,3,1,2,3295,0,3,3,3,3,2,1,2,0,1,0,0,0,0,1,0,0,0,0,1,0,0,0,0,0,0,4082012,0.3394518985145294,3295.0
31,163,1,30,3,2,4,5238,0,4,9,3,5,4,1,4,0,1,0,0,0,0,0,0,1,0,0,0,0,1,0,0,0,0,6489098,0.541559786284915,5455.690160560384
39,792,3,77,3,2,4,6472,1,3,9,2,9,8,5,8,0,1,0,0,1,0,0,0,0,0,0,1,0,0,0,0,0,0,8017839,0.5520064477487509,6808.585729829916
32,371,3,80,1,3,3,9610,0,3,10,2,4,3,0,2,0,0,1,0,1,0,0,0,0,0,0,0,0,0,0,0,1,0,11905352,0.3394518985145294,12872.132744724628
40,611,4,88,3,5,2,19833,0,3,21,3,21,8,12,8,0,0,1,0,0,0,1,0,0,0,0,0,1,0,0,0,0,0,24570119,0.7074815337663386,67728.96251837559
45,176,3,56,1,3,3,9756,0,4,9,2,5,0,0,3,1,0,0,0,1,0,0,0,0,0,1,0,0,0,0,0,0,0,12086224,0.3394518985145294,13067.692721907748
30,1312,4,78,2,1,1,4968,0,3,10,2,9,7,0,7,0,1,0,0,0,0,0,0,1,0,0,0,0,0,0,1,0,0,6154609,0.3394518985145294,4968.0
24,897,3,59,3,1,4,2145,0,3,3,2,2,2,2,1,1,0,0,0,0,0,1,0,0,0,1,0,0,0,0,0,0,0,2657334,0.3394518985145294,2145.0
30,600,3,66,2,1,4,2180,0,3,6,0,4,2,1,2,1,0,0,1,0,0,0,0,0,0,1,0,0,0,0,0,0,0,2700694,0.3394518985145294,2180.0
31,1003,3,51,3,2,3,8346,0,3,6,3,5,2,0,2,0,0,1,0,0,0,0,0,1,0,0,0,0,0,0,0,1,0,10339445,0.4104431704785727,8346.0
27,1054,3,67,3,1,4,3445,0,3,6,5,6,2,1,4,0,1,0,0,0,0,1,0,0,0,0,0,0,0,0,1,0,0,4267839,0.43211525408338636,3445.0
29,428,3,52,1,1,2,2760,0,3,2,3,2,2,2,2,0,0,1,0,0,1,0,0,0,0,0,0,0,0,0,0,0,1,3419227,0.3394518985145294,2760.0
29,461,3,70,4,2,3,6294,1,3,10,5,3,2,0,2,0,1,0,0,1,0,0,0,0,1,0,0,0,0,0,0,0,0,7797324,0.6323508095585965,7127.015995361806
30,979,2,94,2,3,1,7140,0,3,12,2,7,7,1,7,0,0,1,0,0,1,0,0,0,0,0,0,0,0,0,0,1,0,8845391,0.43125034049055655,10219.127431102574
34,181,4,97,4,1,4,2932,1,3,6,3,5,0,1,2,0,1,0,0,0,0,1,0,0,0,0,0,0,0,0,1,0,0,3632309,0.5416294029138266,3054.0574093433397
33,1283,3,62,3,2,2,5147,0,3,13,2,11,7,1,7,0,0,1,0,0,1,0,0,0,0,0,0,0,0,0,0,1,0,6376363,0.4566637322662024,5147.0
49,1313,4,80,3,2,4,4507,0,3,8,1,5,1,0,4,0,0,1,0,0,1,0,0,0,0,0,0,0,0,0,0,1,0,5583499,0.4981675071054855,4507.0
33,211,3,74,3,3,1,8564,1,4,11,2,0,0,0,0,0,0,1,0,1,0,0,0,0,0,0,0,0,0,0,0,1,0,10609514,0.6869513027425437,14447.050956687142
38,594,2,75,2,1,2,2468,0,3,9,4,6,1,0,5,0,1,0,0,0,0,1,0,0,0,0,1,0,0,0,0,0,0,3057483,0.3394518985145294,2468.0
31,1079,4,70,3,3,3,8161,0,3,10,2,1,0,0,0,0,0,1,0,0,1,0,0,0,0,0,0,0,0,0,0,1,0,10110258,0.4633483209687931,11942.385647426321
29,590,3,91,2,1,1,2109,0,3,1,2,1,0,0,0,0,1,0,0,0,0,0,0,1,0,0,0,0,0,0,1,0,0,2612735,0.3394518985145294,2109.0
30,305,3,58,4,2,3,5294,0,3,10,3,7,0,1,7,0,1,0,0,1,0,0,0,0,1,0,0,0,0,0,0,0,0,6558474,0.5343645266640721,5475.925804159597
32,953,4,65,3,1,2,2718,0,3,12,3,7,7,0,7,0,1,0,0,0,0,0,0,1,0,0,0,0,0,0,1,0,0,3367195,0.366784699524494,2718.0
38,833,3,60,1,2,4,5811,1,3,15,2,1,0,1,0,0,1,0,0,0,0,1,0,0,1,0,0,0,0,0,0,0,0,7198959,0.3394518985145294,5811.0
43,807,3,38,2,1,3,2437,1,3,6,4,1,0,0,0,0,1,0,0,0,0,0,0,1,0,0,0,0,0,0,1,0,0,3019078,0.3394518985145294,2437.0
42,855,3,57,3,1,2,2766,0,4,7,6,5,3,0,4,0,1,0,0,0,0,1,0,0,0,0,1,0,0,0,0,0,0,3426660,0.4582422636254758,2766.0
55,478,3,60,2,5,1,19038,0,3,34,2,1,0,0,0,0,1,0,0,0,0,1,0,0,0,0,0,0,0,1,0,0,0,23585233,0.3519050048887644,51475.13496614459
33,775,3,90,3,2,2,3055,0,3,11,2,9,8,1,7,0,1,0,0,0,0,0,0,1,0,0,0,0,0,0,1,0,0,3784688,0.48652971854805604,3055.0
41,548,4,94,3,1,1,2289,0,4,5,2,5,3,0,4,0,1,0,0,1,0,0,0,0,0,0,1,0,0,0,0,0,0,2835728,0.49250135822776553,2289.0
34,1375,3,87,3,2,3,4001,1,3,15,3,15,14,0,7,0,0,1,0,1,0,0,0,0,0,0,0,0,0,0,0,1,0,4956640,0.5997241446678091,4399.996302815904
53,661,4,60,2,4,3,12965,1,4,27,2,3,2,0,2,0,1,0,0,0,0,1,0,0,0,0,0,0,1,0,0,0,0,16061695,0.6233988031299401,31571.048223869508
43,244,3,97,3,1,4,3539,0,3,10,5,9,7,1,8,1,0,0,0,1,0,0,0,0,0,1,0,0,0,0,0,0,0,4384291,0.34690809214166474,3539.0
34,511,2,32,1,2,4,6029,0,3,6,3,2,2,2,2,0,0,1,0,1,0,0,0,0,0,0,0,0,0,0,0,1,0,7469029,0.3394518985145294,6029.0
21,337,1,31,3,1,2,2679,0,3,1,3,1,0,1,0,0,0,1,0,0,1,0,0,0,0,0,0,0,0,0,0,0,1,3318880,0.3394518985145294,2679.0
38,1153,2,40,2,1,3,3702,0,3,5,3,5,4,0,4,0,1,0,0,0,0,0,1,0,0,0,1,0,0,0,0,0,0,4586224,0.3394518985145294,3702.0
22,1294,1,79,3,1,1,2398,1,3,1,6,1,0,0,0,0,1,0,0,0,0,1,0,0,0,0,1,0,0,0,0,0,0,2970763,0.4760054835399298,2398.0
31,196,4,91,2,2,4,5468,0,3,13,3,12,7,5,7,0,0,1,0,0,1,0,0,0,0,0,0,0,0,0,0,1,0,6774034,0.40235042462463555,5468.0
51,942,3,53,3,3,3,13116,0,3,15,2,2,2,2,2,0,1,0,0,0,0,0,0,1,0,0,0,1,0,0,0,0,0,16248761,0.3864699821160289,18184.940285433837
37,589,2,46,2,2,2,4189,0,3,5,2,5,2,0,3,0,0,1,0,0,1,0,0,0,0,0,0,0,0,0,0,1,0,5189544,0.3394518985145294,4189.0
46,734,4,46,3,5,4,19328,1,3,24,3,2,1,2,2,0,1,0,0,0,0,1,0,0,0,0,0,0,0,1,0,0,0,23944500,0.6419612999353913,63471.65601030249
36,1383,3,90,3,3,1,8321,1,3,15,1,12,8,5,7,0,1,0,0,1,0,0,0,0,1,0,0,0,0,0,0,0,0,10308474,0.6094373769605465,13392.128413688708
44,429,2,99,3,1,2,2342,1,3,6,2,5,3,2,3,0,1,0,0,0,0,1,0,0,0,0,0,0,0,0,1,0,0,2901388,0.40341968224498603,2342.0
37,1239,2,89,3,2,2,4071,0,3,19,4,10,0,4,7,1,0,0,0,0,0,0,1,0,0,1,0,0,0,0,0,0,0,5043360,0.45170670372947863,4071.0
35,303,3,84,3,2,4,5813,1,3,10,2,10,7,7,7,0,0,1,0,1,0,0,0,0,0,0,0,0,0,0,0,1,0,7201437,0.5499606899042938,6103.421490413659
33,867,4,90,4,1,1,3143,0,3,14,1,10,8,7,6,0,1,0,0,1,0,0,0,0,0,0,0,0,0,0,1,0,0,3893707,0.5356803465090486,3255.14332907794
28,1181,3,82,3,1,4,2044,0,3,5,6,5,3,0,3,0,1,0,0,1,0,0,0,0,0,0,0,0,0,0,1,0,0,2532210,0.3394518985145294,2044.0
39,1253,1,65,3,3,3,13464,0,4,9,3,4,3,2,2,0,1,0,0,0,0,1,0,0,0,0,0,0,0,1,0,0,0,16679881,0.5613268712515284,21021.70499453058
46,849,2,98,2,2,2,7991,0,3,6,3,2,2,2,2,0,0,1,0,1,0,0,0,0,0,0,0,0,0,0,0,1,0,9899653,0.3394518985145294,7991.0
40,616,2,99,3,1,1,3377,0,3,7,5,4,3,0,2,0,1,0,0,1,0,0,0,0,0,0,1,0,0,0,0,0,0,4183598,0.3394518985145294,3377.0
42,1128,3,95,4,2,1,5538,0,3,10,2,0,0,0,0,0,1,0,0,0,0,1,0,0,1,0,0,0,0,0,0,0,0,6860753,0.4950557196585239,5510.618575468905
35,1180,2,90,3,2,4,5762,0,3,15,6,7,7,1,7,0,1,0,0,0,0,1,0,0,0,0,0,0,1,0,0,0,0,7138256,0.44826518451977104,5762.0
38,1336,3,100,3,1,2,2592,0,3,13,3,11,10,3,8,1,0,0,1,0,0,0,0,0,0,1,0,0,0,0,0,0,0,3211100,0.35224281173229977,2592.0
34,234,4,93,3,2,1,5346,0,3,11,3,7,1,0,7,0,1,0,0,1,0,0,0,0,0,0,1,0,0,0,0,0,0,6622894,0.372492728363364,5346.0
37,370,4,58,3,2,1,4213,0,3,10,4,10,3,0,8,0,1,0,0,0,0,1,0,0,0,0,0,0,1,0,0,0,0,5219277,0.5340082530353395,4356.2767700378845
39,766,3,83,3,2,4,4127,0,3,7,6,2,1,2,2,0,0,1,0,1,0,0,0,0,0,0,0,0,0,0,0,1,0,5112735,0.3394518985145294,4127.0
43,343,3,52,3,1,3,2438,0,3,7,2,3,2,1,2,0,1,0,0,1,0,0,0,0,0,0,0,0,0,0,1,0,0,3020317,0.3394518985145294,2438.0
41,447,3,85,4,2,2,6870,0,3,11,3,3,2,1,2,0,1,0,0,1,0,0,0,0,1,0,0,0,0,0,0,0,0,8510902,0.5500174967581873,7213.620202728748
41,796,1,81,3,3,3,10447,1,3,23,3,22,14,13,5,0,0,1,0,0,1,0,0,0,0,0,0,0,0,0,0,1,0,12942270,0.7834236220542495,18631.426579600742
30,1092,3,64,3,3,3,9667,0,3,9,3,7,7,0,2,0,1,0,0,0,0,1,0,0,0,0,0,0,1,0,0,0,0,11975966,0.5440121952342346,14925.965891329344
26,920,2,69,3,1,2,2148,1,3,6,3,5,1,1,4,1,0,0,0,0,0,1,0,0,0,1,0,0,0,0,0,0,0,2661051,0.5097743320373702,2168.995265216271
46,261,2,66,3,2,2,8926,0,4,13,2,9,7,3,7,0,1,0,0,0,0,1,0,0,1,0,0,0,0,0,0,0,0,11057978,0.6796781921182745,10529.807542847719
40,1194,3,52,3,2,4,6513,0,3,12,3,5,3,0,3,0,1,0,0,1,0,0,0,0,1,0,0,0,0,0,0,0,0,8068632,0.5147767892333881,6609.2412282770565
34,810,2,92,4,2,3,6799,0,4,10,5,10,8,4,8,0,0,1,0,0,0,0,0,1,0,0,0,0,0,0,0,1,0,8422944,0.7962662998918851,8813.314572964928
58,350,3,52,3,4,2,16291,0,4,37,0,16,9,14,14,0,0,1,0,0,0,1,0,0,0,0,0,1,0,0,0,0,0,20182111,0.8072300533744946,44162.37719928584
35,185,4,91,1,1,3,2705,0,3,6,2,5,4,0,3,0,1,0,0,0,0,1,0,0,0,0,1,0,0,0,0,0,0,3351090,0.3394518985145294,2705.0
47,1001,3,92,2,3,2,10333,1,3,28,4,22,11,14,10,0,1,0,0,1,0,0,0,0,0,0,0,0,1,0,0,0,0,12801041,0.5923759937695438,16454.021143620696
40,750,3,47,3,2,1,4448,0,3,15,3,7,4,7,7,0,1,0,0,1,0,0,0,0,1,0,0,0,0,0,0,0,0,5510406,0.35461201658064045,4448.0
54,431,4,68,3,2,4,6854,0,3,14,2,7,1,1,7,0,1,0,0,0,0,1,0,0,0,0,0,0,0,0,1,0,0,8491080,0.42169061270631003,6854.0
31,1125,4,68,3,3,1,9637,0,3,9,3,3,2,2,2,0,0,1,0,0,1,0,0,0,0,0,0,0,0,0,0,1,0,11938801,0.43704650406916845,13848.817159714576
28,1217,3,67,3,1,1,3591,0,4,3,3,3,2,1,2,0,1,0,0,0,0,1,0,0,0,0,0,0,0,0,1,0,0,4448712,0.48008453370169335,3591.0
38,723,4,77,1,2,4,5405,1,4,20,4,4,2,0,3,0,0,1,0,0,1,0,0,0,0,0,0,0,0,0,0,0,1,6695986,0.3930659138035779,5405.0
26,572,3,46,3,2,4,4684,0,3,5,4,5,3,1,2,0,0,1,0,0,0,1,0,0,0,0,0,0,0,0,0,1,0,5802775,0.40685818027076825,4684.0
58,1216,4,87,3,4,3,15787,1,3,23,3,2,2,2,2,0,1,0,0,1,0,0,0,0,0,0,0,0,0,1,0,0,0,19557730,0.6141760740843952,38224.49652235553
18,1431,3,33,3,1,3,1514,0,3,0,4,0,0,0,0,0,1,0,0,0,0,1,0,0,0,0,0,0,0,0,1,0,0,1875619,0.23220561656881922,1108.5593034851922
31,359,5,89,4,1,1,2956,0,3,2,4,1,0,0,0,1,0,0,1,0,0,0,0,0,0,1,0,0,0,0,0,0,0,3662042,0.4545418236008849,2956.0
29,350,3,56,2,1,1,2335,1,3,4,3,2,2,2,0,1,0,0,1,0,0,0,0,0,0,1,0,0,0,0,0,0,0,2892716,0.3394518985145294,2335.0
45,589,4,67,3,2,3,5154,0,4,10,3,8,7,5,7,0,0,1,0,1,0,0,0,0,0,0,0,0,0,0,0,1,0,6385035,0.6315010478215218,5831.756400472124
36,430,4,73,3,2,2,6962,1,4,15,2,1,0,0,0,0,1,0,0,0,0,0,1,0,0,0,0,0,0,0,1,0,0,8624876,0.5584340716004085,7368.818006482043
43,1422,4,92,3,2,4,5675,0,4,7,5,7,7,7,7,0,0,1,0,1,0,0,0,0,0,0,0,0,0,0,0,1,0,7030476,0.5665810777762507,6052.847616380222
27,1297,2,53,3,1,4,2379,1,3,6,3,5,4,0,2,0,1,0,0,1,0,0,0,0,0,0,1,0,0,0,0,0,0,2947225,0.3940907297467654,2379.0
29,574,1,40,3,1,4,3812,0,3,11,3,11,8,3,10,0,1,0,0,0,0,1,0,0,0,0,1,0,0,0,0,0,0,4722498,0.3661736280044051,3812.0
32,1318,4,79,3,2,4,4648,0,3,4,2,0,0,0,0,0,0,1,0,0,1,0,0,0,0,0,0,0,0,0,0,1,0,5758176,0.4167403806775348,4261.0092893891815
42,355,4,38,3,1,3,2936,0,4,10,1,6,3,3,3,0,1,0,0,0,0,0,0,1,0,0,0,0,0,0,1,0,0,3637265,0.482462841799016,2936.0
47,207,4,64,3,1,3,2105,0,3,7,2,2,2,2,0,0,1,0,0,1,0,0,0,0,0,0,1,0,0,0,0,0,0,2607780,0.3394518985145294,2105.0
46,706,2,82,3,3,4,8578,0,3,12,4,9,8,4,7,0,1,0,0,1,0,0,0,0,0,0,0,0,1,0,0,0,0,10626858,0.44959554322268314,12434.630569764176
28,280,2,43,3,1,4,2706,0,3,3,2,3,2,2,2,1,0,0,0,1,0,0,0,0,0,1,0,0,0,0,0,0,0,3352329,0.3394518985145294,2706.0
29,726,1,93,1,2,3,6384,0,3,11,3,7,0,1,6,0,1,0,0,1,0,0,0,0,1,0,0,0,0,0,0,0,0,7908821,0.3394518985145294,6384.0
42,1142,3,81,3,1,3,3968,0,3,8,3,0,0,0,0,0,1,0,0,1,0,0,0,0,0,0,1,0,0,0,0,0,0,4915758,0.2519631114663251,2983.789626298378
32,414,4,82,2,2,2,9907,1,3,7,3,2,2,2,2,0,0,1,0,0,1,0,0,0,0,0,0,0,0,0,0,1,0,12273290,0.41833303113955267,9907.0
46,1319,3,45,4,4,1,13225,0,3,25,5,19,17,2,8,0,0,1,0,0,0,0,0,1,0,0,0,0,0,0,0,1,0,16383796,0.7495670848041752,34707.037044802826
27,728,1,36,2,2,3,3540,0,4,9,5,9,8,5,8,0,0,1,0,0,0,1,0,0,0,0,0,0,0,0,0,0,1,4385530,0.510202801964772,3576.1179189552927
29,352,1,87,2,1,2,2804,0,3,1,3,1,0,0,0,1,0,0,0,0,0,1,0,0,0,1,0,0,0,0,0,0,0,3473736,0.3394518985145294,2804.0
43,823,3,81,2,5,3,19392,0,3,21,2,16,12,6,14,0,1,0,0,0,0,1,0,0,0,0,0,1,0,0,0,0,0,24023786,0.6085351830078546,62385.42853777663
48,1224,3,91,2,5,2,19665,0,3,29,3,22,10,12,9,0,1,0,0,1,0,0,0,0,0,0,0,0,0,1,0,0,0,24361992,0.574771101834919,61935.74743516736
29,459,2,73,2,1,4,2439,1,4,1,3,1,0,1,0,0,1,0,0,1,0,0,0,0,0,0,0,0,0,0,1,0,0,3021556,0.3606837104499935,2439.0
46,1254,3,64,3,3,2,7314,0,4,14,2,8,7,0,7,0,0,1,0,1,0,0,0,0,0,0,0,0,0,0,0,1,0,9060951,0.6741403878384605,12244.6627966505
27,1131,3,77,2,1,1,4774,0,3,8,2,7,6,7,3,0,1,0,0,1,0,0,0,0,0,0,0,0,0,0,1,0,0,5914272,0.3394518985145294,4774.0
39,835,4,41,3,2,4,3902,0,3,7,2,2,2,2,2,0,1,0,0,0,0,0,1,0,0,0,0,0,0,0,1,0,0,4833994,0.3657212487323933,3902.0
55,836,4,98,2,1,4,2662,0,4,19,2,5,2,0,4,0,1,0,0,0,0,0,0,1,0,0,0,0,0,0,1,0,0,3297820,0.384259942898897,2662.0
28,1172,3,78,3,1,2,2856,0,3,1,3,1,0,0,0,0,0,1,0,0,0,1,0,0,0,0,0,0,0,0,0,0,1,3538157,0.42367008500357073,2856.0
30,945,3,89,3,1,4,1081,0,3,1,3,1,0,0,0,0,0,1,0,0,0,1,0,0,0,0,0,0,0,0,0,0,1,1339197,0.36589028182942096,1081.0
22,391,1,75,3,1,2,2472,1,4,1,2,1,0,0,0,0,1,0,0,1,0,0,0,0,0,0,0,0,0,0,1,0,0,3062438,0.5110814793284054,2499.393416899818
36,1266,4,63,2,2,3,5673,1,3,10,4,10,9,1,7,0,0,1,0,0,0,0,0,1,0,0,0,0,0,0,0,1,0,7027998,0.4961970721983867,5673.0
31,311,3,89,3,2,3,4197,0,3,10,2,10,8,0,2,0,1,0,0,1,0,0,0,0,0,0,1,0,0,0,0,0,0,5199455,0.48113086366572977,4197.0
34,1480,3,64,3,3,4,9713,1,3,9,3,5,3,1,0,0,0,1,0,1,0,0,0,0,0,0,0,0,0,0,0,1,0,12032953,0.5665919814697274,15216.307916015463
29,592,3,59,3,1,1,2062,0,3,11,2,3,2,1,2,0,1,0,0,1,0,0,0,0,0,0,1,0,0,0,0,0,0,2554509,0.3394518985145294,2062.0
37,783,4,78,3,2,1,4284,1,4,16,2,5,3,0,4,0,1,0,0,0,0,1,0,0,0,0,0,0,0,0,1,0,0,5307235,0.7439571892327087,5329.112598672924
35,219,2,44,2,2,2,4788,1,3,4,2,3,2,0,2,0,1,0,0,0,0,0,1,0,0,0,0,0,1,0,0,0,0,5931615,0.3842054371071405,4788.0
45,556,2,93,2,2,4,5906,0,3,10,2,9,8,3,8,0,1,0,0,1,0,0,0,0,0,0,0,0,1,0,0,0,0,7316650,0.3624523665472209,5906.0
36,1213,1,94,2,2,4,3886,0,4,10,2,10,1,0,8,1,0,0,1,0,0,0,0,0,0,1,0,0,0,0,0,0,0,4814172,0.5280866024685725,3995.1445371928726
40,1137,4,98,3,4,1,16823,0,3,22,3,19,7,11,16,0,1,0,0,1,0,0,0,0,0,0,0,1,0,0,0,0,0,20841179,0.6879378490066065,42594.26765075721
26,482,2,90,2,1,3,2933,1,3,1,3,1,0,1,0,0,1,0,0,1,0,0,0,0,0,0,0,0,0,0,1,0,0,3633548,0.3394518985145294,2933.0
27,511,2,89,4,2,3,6500,0,3,9,5,8,7,0,7,0,0,1,0,0,0,1,0,0,0,0,0,0,0,0,0,1,0,8052527,0.5944895172981143,7114.181862437744
48,117,3,58,3,4,4,17174,0,3,24,3,22,17,4,7,0,1,0,0,0,0,1,0,0,0,0,0,1,0,0,0,0,0,21276016,0.645906965908868,42400.20934877835
44,170,4,78,4,2,1,5033,0,3,10,5,2,0,2,2,0,1,0,0,1,0,0,0,0,1,0,0,0,0,0,0,0,0,6235134,0.5606994579435277,5338.500371829775
34,967,4,85,1,1,1,2307,1,4,5,2,5,2,3,0,0,1,0,0,0,0,0,0,1,0,0,0,0,0,0,1,0,0,2858028,0.3394518985145294,2307.0
56,1162,2,97,3,1,4,2587,0,3,5,3,4,2,1,0,0,1,0,0,1,0,0,0,0,0,0,1,0,0,0,0,0,0,3204906,0.3394518985145294,2587.0
36,335,2,33,2,2,2,5507,0,3,12,1,4,2,1,3,0,0,1,0,0,1,0,0,0,0,0,0,0,0,0,0,1,0,6822349,0.3394518985145294,5507.0
41,337,3,54,3,2,2,4393,0,4,14,3,5,4,1,4,0,0,1,0,0,1,0,0,0,0,0,0,0,0,0,0,1,0,5442270,0.5626904419592423,4668.399111526952
42,1396,3,83,3,3,1,13348,0,3,18,3,13,7,5,7,0,1,0,0,0,0,1,0,0,0,0,0,0,0,1,0,0,0,16536174,0.5884628321214597,21202.80188315724
31,1079,2,86,3,2,4,6583,1,3,8,2,5,2,1,4,0,0,1,0,0,0,1,0,0,0,0,0,0,0,0,0,1,0,8155352,0.5706424666004272,7048.039357630611
34,735,1,75,2,2,4,8103,1,3,9,3,4,2,0,1,0,0,1,0,0,0,1,0,0,0,0,0,0,0,0,0,1,0,10038404,0.493366562294016,8103.0
31,471,3,62,4,1,3,3978,0,3,4,0,2,2,2,2,0,1,0,0,0,0,1,0,0,0,0,1,0,0,0,0,0,0,4928147,0.4524585335939634,3978.0
26,1096,3,61,4,1,4,2544,0,3,8,3,7,7,7,7,0,1,0,0,0,0,0,1,0,0,0,1,0,0,0,0,0,0,3151635,0.5485629994074886,2667.5442704926513
45,1297,4,44,3,2,3,5399,0,3,12,3,4,2,0,3,0,1,0,0,0,0,1,0,0,1,0,0,0,0,0,0,0,0,6688553,0.4053689031031269,5399.0
33,217,4,43,3,2,3,5487,0,3,10,2,10,4,0,9,0,0,1,0,0,1,0,0,0,0,0,0,0,0,0,0,1,0,6797572,0.43188056553701093,5487.0
28,783,2,42,2,2,4,6834,1,3,7,2,7,7,0,7,0,0,1,0,1,0,0,0,0,0,0,0,0,0,0,0,1,0,8466303,0.3703646069203832,6834.0
29,746,3,45,4,1,1,1091,0,3,1,3,1,0,0,0,0,0,1,0,0,0,0,0,1,0,0,0,0,0,0,0,0,1,1351586,0.3896368120475695,1091.0
39,1251,4,32,1,2,3,5736,0,3,10,1,3,2,1,2,0,0,1,0,1,0,0,0,0,0,0,0,0,0,0,0,1,0,7106046,0.3394518985145294,5736.0
27,1354,4,41,3,1,2,2226,0,3,6,3,5,3,1,2,0,1,0,0,0,0,0,0,1,0,0,0,0,0,0,1,0,0,2757681,0.3394518985145294,2226.0
34,735,4,86,2,2,4,5747,1,3,16,3,15,10,6,11,0,1,0,0,0,0,0,1,0,0,0,0,0,0,0,1,0,0,7119673,0.5561321290446296,6069.591345619486
28,1475,2,84,3,2,3,9854,1,3,6,0,2,0,2,2,0,0,1,0,0,1,0,0,0,0,0,0,0,0,0,0,1,0,12207631,0.5207301020667285,10058.274425765543
47,1169,4,64,3,2,2,5467,0,3,16,4,8,7,1,7,0,1,0,0,0,0,0,0,1,0,0,0,0,0,0,1,0,0,6772795,0.44122032822807133,5467.0
56,1443,5,89,2,2,1,5380,0,3,6,3,0,0,0,0,0,0,1,0,0,1,0,0,0,0,0,0,0,0,0,0,1,0,6665015,0.1630563413587217,3567.243116509923
39,867,2,87,3,2,1,5151,0,4,10,3,10,0,7,9,0,1,0,0,0,0,1,0,0,0,0,0,0,1,0,0,0,0,6381318,0.7307274503415832,6339.477096709495
38,1394,3,58,2,2,2,2133,1,3,20,3,20,11,0,7,0,1,0,0,0,0,1,0,0,0,0,0,0,0,0,1,0,0,2642468,0.5885167109385182,2321.806144431859
58,605,3,72,3,4,4,17875,1,3,29,2,1,0,0,0,0,0,1,0,1,0,0,0,0,0,0,0,1,0,0,0,0,0,22144450,0.5679365343360571,42040.29832688553
32,238,2,47,4,1,3,2432,1,3,8,2,4,1,0,3,0,1,0,0,1,0,0,0,0,0,0,0,0,0,0,1,0,0,3012884,0.6257800762801947,2737.8971455134338
38,1206,2,71,3,1,4,4771,0,3,10,0,5,2,0,3,0,1,0,0,1,0,0,0,0,0,0,0,0,0,0,1,0,0,5910555,0.3394518985145294,4771.0
49,1064,1,42,3,5,4,19161,0,3,28,3,5,4,4,3,0,1,0,0,1,0,0,0,0,0,0,0,0,0,1,0,0,0,23737611,0.5422641639164753,59102.64728960717
42,419,4,77,3,2,4,5087,1,3,14,4,0,0,0,0,0,0,1,0,0,1,0,0,0,0,0,0,0,0,0,0,1,0,6302032,0.5000794869585149,5087.4043501579645
27,1337,3,58,2,1,2,2863,0,3,1,2,1,0,0,0,1,0,0,1,0,0,0,0,0,0,1,0,0,0,0,0,0,0,3546829,0.3394518985145294,2863.0
35,682,4,71,3,2,1,5561,0,3,6,2,5,3,0,4,0,0,1,0,0,0,1,0,0,0,0,0,0,0,0,0,1,0,6889247,0.5031865539189854,5578.720426343477
28,1103,3,49,3,1,3,2144,0,3,5,3,5,3,1,4,0,1,0,0,0,0,1,0,0,0,0,0,0,0,0,1,0,0,2656095,0.3622990932819271,2144.0
31,976,2,48,3,1,1,3065,1,3,4,3,4,2,2,3,0,1,0,0,0,0,1,0,0,0,0,0,0,0,0,1,0,0,3797076,0.3394518985145294,3065.0
36,1351,4,66,4,1,2,2810,0,4,5,3,5,4,0,2,0,1,0,0,1,0,0,0,0,0,0,1,0,0,0,0,0,0,3481169,0.5687929207496049,3003.3081073063895
34,937,3,32,3,3,4,9888,0,4,14,3,14,8,2,1,0,0,1,0,0,1,0,0,0,0,0,0,0,0,0,0,1,0,12249752,0.7660770918169378,17462.97028388588
34,1239,4,39,3,3,3,8628,0,3,9,2,8,7,1,1,0,0,1,0,0,0,1,0,0,0,0,0,0,0,0,0,1,0,10688801,0.538405371566718,13273.361545877642
26,157,3,95,3,1,1,2867,0,3,8,6,7,7,7,6,0,1,0,0,0,0,1,0,0,0,0,1,0,0,0,0,0,0,3551784,0.3592205359883571,2867.0
29,136,3,89,3,2,1,5373,0,3,6,5,5,3,0,2,0,1,0,0,1,0,0,0,0,1,0,0,0,0,0,0,0,0,6656343,0.43927098124370956,5373.0
32,1146,4,34,3,2,4,6667,0,3,9,6,5,1,1,2,0,1,0,0,0,0,1,0,0,1,0,0,0,0,0,0,0,0,8259415,0.42607541479657696,6667.0
31,1125,3,48,1,2,1,5003,0,4,10,6,10,8,8,7,0,1,0,0,1,0,0,0,0,0,0,0,0,0,0,1,0,0,6197968,0.34891878632927065,5003.0
28,1404,3,32,2,1,4,2367,0,3,6,2,4,1,0,3,0,1,0,0,0,0,0,0,1,0,0,1,0,0,0,0,0,0,2932359,0.3394518985145294,2367.0
38,1404,3,59,2,1,1,2858,0,3,20,3,1,0,0,0,0,0,1,0,1,0,0,0,0,0,0,0,0,0,0,0,0,1,3540634,0.3394518985145294,2858.0
35,1224,4,55,3,2,4,5204,1,3,10,2,10,8,0,9,0,0,1,0,1,0,0,0,0,0,0,0,0,0,0,0,1,0,6446977,0.6031111048746213,5740.5901897675285
27,954,3,44,3,2,4,4105,0,3,7,5,7,7,0,7,0,0,1,0,0,1,0,0,0,0,0,0,0,0,0,0,1,0,5085481,0.4702412334665861,4105.0
32,1373,4,56,2,2,4,9679,0,4,8,1,1,0,0,0,0,1,0,0,1,0,0,0,0,0,0,0,0,1,0,0,0,0,11990833,0.36701899472461874,9679.0
31,754,4,63,3,2,4,5617,1,3,10,4,10,7,0,8,0,0,1,0,0,1,0,0,0,0,0,0,0,0,0,0,1,0,6958622,0.5985329150385289,6170.459383771417
53,1168,4,66,3,3,1,10448,1,3,15,2,2,2,2,2,0,0,1,0,1,0,0,0,0,0,0,0,0,0,0,0,1,0,12943508,0.5606251623580786,16305.411696317204
54,155,2,67,3,2,3,2897,0,3,9,6,4,3,2,3,0,1,0,0,1,0,0,0,0,0,0,0,0,0,0,1,0,0,3588949,0.42011454122117964,2897.0
33,1303,2,36,3,2,3,5968,0,4,9,2,9,7,2,8,0,1,0,0,1,0,0,0,0,1,0,0,0,0,0,0,0,0,7393459,0.5904998211990272,6508.1029329157955
43,574,3,30,3,3,3,7510,0,3,10,1,10,9,0,9,0,1,0,0,1,0,0,0,0,1,0,0,0,0,0,0,0,0,9303766,0.47018467277454734,11041.08689253685
38,1444,4,88,3,1,2,2991,1,3,7,2,6,2,1,2,1,0,0,0,0,0,0,1,0,0,1,0,0,0,0,0,0,0,3705401,0.47454944112704256,2991.0
55,189,4,71,4,5,2,19636,1,3,35,0,10,9,1,4,1,0,0,1,0,0,0,0,0,0,0,0,1,0,0,0,0,0,24326065,0.8755044616297106,73654.811217122
31,1276,1,59,1,1,4,1129,1,3,1,4,1,0,0,0,0,1,0,0,0,0,1,0,0,0,0,1,0,0,0,0,0,0,1398662,0.3394518985145294,1129.0
39,119,4,77,3,4,1,13341,0,3,21,3,20,8,11,10,0,0,1,0,0,1,0,0,0,0,0,0,0,0,0,0,1,0,16527502,0.7597460433890421,35215.15794727982
42,335,2,37,2,2,3,4332,0,3,20,2,20,9,3,7,0,1,0,0,1,0,0,0,0,0,0,0,0,0,0,1,0,0,5366700,0.4047561031007252,4332.0
31,697,3,40,3,3,3,11031,0,4,13,2,11,7,4,8,0,1,0,0,0,0,1,0,0,0,0,0,0,0,1,0,0,0,13665758,0.6595605028895523,18306.61190737465
54,157,3,77,3,2,1,4440,1,3,9,3,5,2,1,4,0,1,0,0,0,0,1,0,0,0,0,0,0,1,0,0,0,0,5500496,0.5592631663427258,4703.128458561703
24,771,2,45,2,2,3,4617,0,3,4,2,4,3,1,2,0,1,0,0,1,0,0,0,0,1,0,0,0,0,0,0,0,0,5719772,0.3394518985145294,4617.0
23,571,2,78,3,1,4,2647,0,3,5,6,5,2,1,4,0,1,0,0,0,0,0,1,0,0,0,1,0,0,0,0,0,0,3279237,0.3945168028707141,2647.0
40,692,3,73,3,2,3,6323,0,3,10,2,10,9,9,4,0,1,0,0,0,0,0,0,1,0,0,1,0,0,0,0,0,0,7833251,0.4611955100812868,6323.0
40,444,2,92,3,2,2,5677,0,3,15,4,11,8,5,10,0,0,1,0,0,1,0,0,0,0,0,0,0,0,0,0,1,0,7032953,0.49542076315988315,5677.0
25,309,3,82,3,1,2,2187,0,3,6,3,2,0,1,2,1,0,0,1,0,0,0,0,0,0,1,0,0,0,0,0,0,0,2709366,0.3394518985145294,2187.0
30,911,2,76,3,1,2,3748,0,3,12,6,12,8,1,7,0,1,0,0,0,0,1,0,0,0,0,1,0,0,0,0,0,0,4643211,0.4640205333474482,3748.0
25,977,1,57,3,1,3,3977,1,3,7,2,2,2,0,2,0,1,0,0,0,0,0,1,0,0,0,1,0,0,0,0,0,0,4926908,0.40553694493142567,3977.0
47,1180,3,84,3,3,3,8633,0,4,25,3,17,14,12,11,0,1,0,0,0,0,1,0,0,1,0,0,0,0,0,0,0,0,10694995,0.8889319530271672,16307.149550483535
33,1313,2,59,2,1,3,2008,0,3,1,2,1,1,0,0,0,1,0,0,0,0,1,0,0,0,0,1,0,0,0,0,0,0,2487611,0.3394518985145294,2008.0
38,1321,4,86,3,2,2,4440,0,3,16,3,15,13,5,8,0,0,1,0,1,0,0,0,0,0,0,0,0,0,0,0,1,0,5500496,0.5482206651772455,4654.0997533869695
31,1154,2,54,3,1,3,3067,0,3,3,1,2,2,1,2,0,0,1,0,1,0,0,0,0,0,0,0,0,0,0,0,0,1,3799554,0.3394518985145294,3067.0
38,508,4,72,2,2,3,5321,0,3,10,1,8,3,7,7,0,1,0,0,1,0,0,0,0,0,0,0,0,1,0,0,0,0,6591923,0.3394518985145294,5321.0
42,557,4,35,3,2,1,5410,1,3,9,3,4,3,1,2,0,1,0,0,1,0,0,0,0,0,0,0,0,0,0,1,0,0,6702180,0.5706328896502953,5792.123933008098
41,642,3,76,3,1,4,2782,0,4,12,3,5,3,1,0,0,1,0,0,1,0,0,0,0,0,0,0,0,0,0,1,0,0,3446482,0.4466632300775808,2782.0
47,1162,1,98,3,3,2,11957,0,3,14,3,13,8,5,12,0,1,0,0,0,0,1,0,0,0,0,0,0,0,1,0,0,0,14812934,0.538066359949846,18390.65946592031
35,1490,4,43,3,1,3,2660,1,3,5,3,2,2,2,2,0,1,0,0,0,0,1,0,0,0,0,1,0,0,0,0,0,0,3295342,0.3394518985145294,2660.0
22,581,2,63,3,1,3,3375,0,3,4,2,3,2,1,2,0,1,0,0,1,0,0,0,0,0,0,0,0,0,0,1,0,0,4181120,0.3394518985145294,3375.0
35,1395,4,48,3,2,3,5098,0,3,10,5,10,7,0,8,0,1,0,0,0,0,1,0,0,0,0,0,0,0,0,1,0,0,6315659,0.48477195554733943,5098.0
33,501,2,95,3,2,4,4878,1,3,10,6,9,7,8,1,0,1,0,0,0,0,1,0,0,1,0,0,0,0,0,0,0,0,6043112,0.5923005905586997,5328.242280745337
32,267,4,49,2,1,2,2837,0,3,6,3,6,2,4,1,0,1,0,0,1,0,0,0,0,0,0,1,0,0,0,0,0,0,3514618,0.3394518985145294,2837.0
40,543,4,83,3,1,4,2406,0,3,8,3,1,0,0,0,0,1,0,0,1,0,0,0,0,0,0,1,0,0,0,0,0,0,2980674,0.3394518985145294,2406.0
32,234,4,68,2,1,2,2269,0,3,3,2,2,2,2,2,0,0,1,0,0,0,1,0,0,0,0,0,0,0,0,0,0,1,2810951,0.3394518985145294,2269.0
39,116,1,52,3,2,4,4108,0,3,18,2,7,7,1,7,0,1,0,0,1,0,0,0,0,0,0,0,0,0,0,1,0,0,5089197,0.376819230079004,4108.0
38,201,3,99,1,3,3,13206,0,3,20,3,18,16,1,11,0,1,0,0,0,0,1,0,0,0,0,0,0,0,1,0,0,0,16360258,0.37729539680914037,18188.563010261507
32,801,4,48,3,3,4,10422,0,3,14,3,14,10,5,7,0,0,1,0,0,1,0,0,0,0,0,0,0,0,0,0,1,0,12911298,0.5933584822307897,16605.98210180929
37,161,3,42,4,3,4,13744,1,4,16,2,16,11,6,8,0,1,0,0,1,0,0,0,0,0,0,0,0,0,1,0,0,0,17026759,0.9999999999999999,27488.0
25,1382,2,85,3,2,3,4907,1,4,6,3,5,3,0,4,0,0,1,0,0,0,0,1,0,0,0,0,0,0,0,0,1,0,6079039,0.7629770347001016,6197.4283092733995
52,585,4,40,3,1,4,3482,0,3,16,3,9,8,0,0,0,0,1,0,1,0,0,0,0,0,0,0,0,0,0,0,0,1,4313677,0.5084317413375642,3511.359323337398
44,1037,3,42,3,1,4,2436,1,3,6,2,4,3,1,2,0,1,0,0,0,0,1,0,0,0,0,0,0,0,0,1,0,0,3017839,0.352193516971656,2436.0
21,501,1,58,3,1,1,2380,1,3,2,6,2,2,1,2,0,0,1,0,0,0,1,0,0,0,0,0,0,0,0,0,0,1,2948464,0.4573617364941054,2380.0
39,105,3,87,3,5,4,19431,0,3,21,3,6,0,1,3,0,1,0,0,1,0,0,0,0,0,0,0,1,0,0,0,0,0,24072101,0.5405053460762484,59867.11875921517
23,638,3,33,3,1,1,1790,0,3,1,3,1,0,1,0,0,0,1,0,0,1,0,0,0,0,0,0,0,0,0,0,0,1,2217542,0.3394518985145294,1790.0
36,557,3,94,2,3,4,7644,0,3,10,2,9,7,3,4,0,0,1,0,0,0,1,0,0,0,0,0,0,0,0,0,1,0,9469772,0.4154160909129636,10819.440598938694
36,688,2,97,3,2,2,5131,0,3,18,3,4,2,0,2,0,1,0,0,1,0,0,0,0,0,0,0,0,1,0,0,0,0,6356541,0.36269462131985863,5131.0
56,667,4,57,3,2,3,6306,0,4,13,2,13,12,1,9,0,1,0,0,1,0,0,0,0,1,0,0,0,0,0,0,0,0,7812190,0.680994577260796,7447.351804206581
29,1092,4,36,3,1,4,4787,1,3,4,3,2,2,2,2,0,1,0,0,0,0,1,0,0,0,0,0,0,0,0,1,0,0,5930377,0.45727880726331493,4787.0
42,300,3,56,3,5,3,18880,0,3,24,2,22,6,4,14,0,1,0,0,1,0,0,0,0,0,0,0,1,0,0,0,0,0,23389495,0.7388073657960404,65657.3661324585
56,310,2,72,3,1,3,2339,0,3,14,4,10,9,9,8,0,1,0,0,0,0,0,0,1,0,0,1,0,0,0,0,0,0,2897671,0.3972867817918715,2339.0
41,582,4,60,2,4,2,13570,0,4,21,3,20,7,0,10,0,1,0,0,1,0,0,0,0,0,0,0,0,1,0,0,0,0,16811199,0.7707465489325726,36043.54600352251
34,704,3,95,2,2,3,6712,0,4,8,2,8,7,1,7,0,0,1,0,0,1,0,0,0,0,0,0,0,0,0,0,1,0,8315164,0.3913173070001703,6712.0
36,301,4,88,1,2,4,5406,0,4,15,4,15,12,11,11,0,0,1,0,0,1,0,0,0,0,0,0,0,0,0,0,1,0,6697225,0.4455211905110561,5406.0
41,930,3,57,2,2,2,8938,0,3,14,5,5,4,0,4,0,0,1,0,1,0,0,0,0,0,0,0,0,0,0,0,1,0,11072844,0.3394518985145294,8938.0
32,529,3,78,3,1,1,2439,0,3,4,4,4,2,1,2,0,1,0,0,0,0,0,0,1,0,0,0,0,0,0,1,0,0,3021556,0.3394518985145294,2439.0
35,1146,4,31,3,3,4,8837,1,3,9,2,9,0,1,7,1,0,0,0,1,0,0,0,0,0,1,0,0,0,0,0,0,0,10947721,0.6437704707560147,14525.9996500709
38,345,2,100,3,2,4,5343,0,3,10,1,10,7,1,9,0,0,1,0,1,0,0,0,0,0,0,0,0,0,0,0,1,0,6619177,0.4308475058571204,5343.0
50,878,4,94,3,2,3,6728,0,3,12,3,6,3,0,1,0,0,1,0,1,0,0,0,0,0,0,0,0,0,0,0,1,0,8334985,0.4796367616386178,6728.0
36,1120,4,100,2,2,4,6652,0,3,8,2,6,3,0,0,0,0,1,0,0,1,0,0,0,0,0,0,0,0,0,0,1,0,8240833,0.3394518985145294,6652.0
45,374,3,50,3,2,3,4850,0,3,8,3,5,3,0,1,0,0,1,0,1,0,0,0,0,0,0,0,0,0,0,0,1,0,6008424,0.36520772023175296,4850.0
40,1322,4,52,2,1,3,2809,0,3,8,2,2,2,2,2,0,1,0,0,1,0,0,0,0,0,0,0,0,0,0,1,0,0,3479931,0.3394518985145294,2809.0
35,1199,4,80,3,2,3,5689,1,3,10,2,10,2,0,2,0,1,0,0,1,0,0,0,0,1,0,0,0,0,0,0,0,0,7047820,0.538058045445409,5905.5122205389325
40,1194,4,98,3,1,3,2001,0,3,20,2,5,3,0,2,0,1,0,0,0,0,1,0,0,0,0,0,0,0,0,1,0,0,2478940,0.35735968963771836,2001.0
35,287,4,62,1,1,4,2977,0,3,4,5,4,3,1,1,0,1,0,0,1,0,0,0,0,0,0,0,0,0,0,1,0,0,3688057,0.3394518985145294,2977.0
29,1378,2,46,2,2,2,4025,1,3,10,2,4,3,0,3,0,1,0,0,0,0,0,1,0,0,0,1,0,0,0,0,0,0,4986373,0.3394518985145294,4025.0
29,468,4,73,2,1,1,3785,0,3,5,3,5,4,0,4,0,1,0,0,0,0,1,0,0,0,0,0,0,0,0,1,0,0,4689049,0.3394518985145294,3785.0
50,410,3,39,2,3,1,10854,1,3,20,3,3,2,2,0,0,0,1,0,0,1,0,0,0,0,0,0,0,0,0,0,1,0,13446482,0.5008291996573828,16290.000133081234
39,722,1,60,2,4,4,12031,0,3,21,2,20,9,9,6,0,0,1,0,0,1,0,0,0,0,0,0,0,0,0,0,1,0,14904609,0.5943236198201195,28771.961205083786
31,325,3,74,3,2,1,9936,0,3,10,2,9,4,1,7,0,1,0,0,0,0,1,0,0,0,0,0,0,1,0,0,0,0,12309217,0.4770532862550998,9936.0
26,1167,3,30,2,1,3,2966,0,3,5,2,4,2,0,0,0,0,1,0,0,0,0,1,0,0,0,0,0,0,0,0,0,1,3674430,0.3394518985145294,2966.0
36,884,2,41,4,2,4,2571,0,3,17,3,5,2,0,3,0,1,0,0,0,0,1,0,0,0,0,1,0,0,0,0,0,0,3185084,0.45719128229986783,2571.0
39,613,1,42,2,3,1,9991,0,3,9,5,7,7,1,7,0,1,0,0,0,0,1,0,0,1,0,0,0,0,0,0,0,0,12377354,0.34563697527427106,13444.25901996524
27,155,3,87,4,2,2,6142,1,4,6,0,6,2,0,3,0,1,0,0,1,0,0,0,0,0,0,0,0,1,0,0,0,0,7609019,0.9092219572697385,8655.441261550735
49,1023,3,63,2,2,2,5390,0,3,17,3,9,6,0,8,0,0,1,0,0,0,1,0,0,0,0,0,0,0,0,0,1,0,6677403,0.3394518985145294,5390.0
34,628,3,82,4,2,3,4404,0,3,6,3,4,3,1,2,0,1,0,0,0,0,1,0,0,0,0,1,0,0,0,0,0,0,5455897,0.587753900241987,4790.46817666571
